code,name,category,brand,model,unit,currency_code,sale_price,stock_quantity,minimum_stock,vat_rate,lead_time,description,technical_summary,is_active
TB3026B,BACNET FIXED FUNCTION THERMOSTAT,Thermostats,Honeywell,TB3026B,adet,USDTRY,520.00,0,0,20,,BACNET FIXED FUNCTION THERMOSTAT,Grup: Common | Alt kategori: Electronic Thermostats | Menşei: MX | Durum: Active,true
TB3026B-W,BACNET FF THERMOSTAT WIRELESS,Thermostats,Honeywell,TB3026B-W,adet,USDTRY,1090.96,0,0,20,,BACNET FF THERMOSTAT WIRELESS,Grup: Common | Alt kategori: Electronic Thermostats | Menşei: MX | Durum: Active,true
TB3140B/U,2/4P THERMOSTAT ON/OFF BACNET 220V BLACK,Thermostats,Honeywell,TB3140B/U,adet,USDTRY,227.63,0,0,20,,2/4P THERMOSTAT ON/OFF BACNET 220V BLACK,Grup: Common | Alt kategori: Electronic Thermostats | Menşei: TR | Durum: Active,true
TB3140W/U,2/4P THERMOSTAT ON/OFF BACNET220V WHITE,Thermostats,Honeywell,TB3140W/U,adet,USDTRY,220.00,0,0,20,,2/4P THERMOSTAT ON/OFF BACNET220V WHITE,Grup: Common | Alt kategori: Electronic Thermostats | Menşei: TR | Durum: Active,true
TB3240B/U,2/4P THERMOSTAT MOD BACNET 24VAC BLACK,Thermostats,Honeywell,TB3240B/U,adet,USDTRY,248.61,0,0,20,,2/4P THERMOSTAT MOD BACNET 24VAC BLACK,Grup: Common | Alt kategori: Electronic Thermostats | Menşei: TR | Durum: Active,true
TB3240W/U,2/4P THERMOSTAT MOD BACNET 24VAC WHITE,Thermostats,Honeywell,TB3240W/U,adet,USDTRY,255.96,0,0,20,,2/4P THERMOSTAT MOD BACNET 24VAC WHITE,Grup: Common | Alt kategori: Electronic Thermostats | Menşei: TR | Durum: Active,true
TB3240WC/U,2/4P THERMOSTAT MOD BACNET 24V WHITE PRC,Thermostats,Honeywell,TB3240WC/U,adet,USDTRY,245.47,0,0,20,,2/4P THERMOSTAT MOD BACNET 24V WHITE PRC,Grup: Common | Alt kategori: Electronic Thermostats | Menşei: CN | Durum: InActive,false
TC300B-G,"COMMERCIAL TSTAT, COMM, FCU 24V, GREY",Thermostats,Honeywell,TC300B-G,adet,USDTRY,370.00,0,0,20,,"COMMERCIAL TSTAT, COMM, FCU 24V, GREY",Grup: Field Devices | Alt kategori: Digital Touchscreen Thermostats | Menşei: MX | Durum: Active,true
TC300C-G,"COMMRCL TSTAT, COMM, FCU 100-277V, GREY",Thermostats,Honeywell,TC300C-G,adet,USDTRY,360.06,0,0,20,,"COMMRCL TSTAT, COMM, FCU 100-277V, GREY",Grup: Field Devices | Alt kategori: Digital Touchscreen Thermostats | Menşei: MX | Durum: Active,true
TC320B-G,"COMMRCL TSTAT, COMM-WRLS, FCU 24V, GREY",Thermostats,Honeywell,TC320B-G,adet,USDTRY,457.32,0,0,20,,"COMMRCL TSTAT, COMM-WRLS, FCU 24V, GREY",Grup: Field Devices | Alt kategori: Digital Touchscreen Thermostats | Menşei: US | Durum: Active,true
TC320C-G,"TSTAT,  110/270VAC,WIFI, RS485, GRAY",Thermostats,Honeywell,TC320C-G,adet,USDTRY,435.67,0,0,20,,"TSTAT,  110/270VAC,WIFI, RS485, GRAY",Grup: Field Devices | Alt kategori: Digital Touchscreen Thermostats | Menşei: US | Durum: Active,true
TR100-T-G,"Commercial Wall Module, T",Sensors and Wall Modules,Honeywell,TR100-T-G,adet,USDTRY,250.44,0,0,20,,"Commercial Wall Module, T",Grup: Field Devices | Alt kategori: Module with Setpoint | Menşei: US | Durum: Active,true
TR100-THC-G,"Commercial Wall Module, THC, GREY",Sensors and Wall Modules,Honeywell,TR100-THC-G,adet,USDTRY,642.94,0,0,20,,"Commercial Wall Module, THC, GREY",Grup: Field Devices | Alt kategori: Module with Setpoint | Menşei: US | Durum: Active,true
TR100-TH-G,"Commercial Wall Module, TH, GREY",Sensors and Wall Modules,Honeywell,TR100-TH-G,adet,USDTRY,335.00,0,0,20,,"Commercial Wall Module, TH, GREY",Grup: Field Devices | Alt kategori: Module with Setpoint | Menşei: US | Durum: Active,true
TR120,TOUCHSCREEN WALL MODULE,Sensors and Wall Modules,Honeywell,TR120,adet,USDTRY,402.36,0,0,20,,TOUCHSCREEN WALL MODULE,Grup: Field Devices | Alt kategori: Module with Setpoint | Menşei: MX | Durum: Active,true
TR120-H,TOUCHSCREEN WALL MODULE WITH HUMIDITY,Sensors and Wall Modules,Honeywell,TR120-H,adet,USDTRY,503.98,0,0,20,,TOUCHSCREEN WALL MODULE WITH HUMIDITY,Grup: Field Devices | Alt kategori: Module with Setpoint | Menşei: MX | Durum: Active,true
TR40,"TR40 WALL MODULE, TEMP, SYLK",Sensors and Wall Modules,Honeywell,TR40,adet,USDTRY,85.03,0,0,20,,"TR40 WALL MODULE, TEMP, SYLK",Grup: Field Devices | Alt kategori: Comfort Sensors | Menşei: GB | Durum: Active,true
TR40-H,"TR40 WALL MODULE, TEMP, RH, SYLK",Sensors and Wall Modules,Honeywell,TR40-H,adet,USDTRY,246.81,0,0,20,,"TR40 WALL MODULE, TEMP, RH, SYLK",Grup: Field Devices | Alt kategori: Comfort Sensors | Menşei: GB | Durum: Active,true
TR42,"TR42 LCD WALL MODULE, TEMP, SYLK",Sensors and Wall Modules,Honeywell,TR42,adet,USDTRY,128.59,0,0,20,,"TR42 LCD WALL MODULE, TEMP, SYLK",Grup: Field Devices | Alt kategori: Module with Setpoint | Menşei: GB | Durum: Active,true
TR42-CO2,"TR42 LCD WALL MODULE, TEMP, CO2, SYLK",Sensors and Wall Modules,Honeywell,TR42-CO2,adet,USDTRY,954.04,0,0,20,,"TR42 LCD WALL MODULE, TEMP, CO2, SYLK",Grup: Field Devices | Alt kategori: Module with Setpoint | Menşei: GB | Durum: Active,true
TR42-E,"TR42 LCD WALL MODULE, TEMP, SYLK",Sensors and Wall Modules,Honeywell,TR42-E,adet,USDTRY,75.00,0,0,20,,"TR42 LCD WALL MODULE, TEMP, SYLK",Grup: Field Devices | Alt kategori: Comfort Sensors | Menşei: CN | Durum: Active,true
TR42-E-PACK,"WALL MODULE, BULK PACK, 20 PER PACK",Sensors and Wall Modules,Honeywell,TR42-E-PACK,adet,USDTRY,1060.00,0,0,20,,"WALL MODULE, BULK PACK, 20 PER PACK",Grup: Field Devices | Alt kategori: Module with Setpoint | Menşei: CN | Durum: InActive,false
TR42-H,"TR42 LCD WALL MODULE, TEMP, RH, SYLK",Sensors and Wall Modules,Honeywell,TR42-H,adet,USDTRY,325.00,0,0,20,,"TR42 LCD WALL MODULE, TEMP, RH, SYLK",Grup: Field Devices | Alt kategori: Module with Setpoint | Menşei: GB | Durum: Active,true
TR42-H-CO2,"TR42 LCD WALL MODULE, TEMP, RH, CO2, SYL",Sensors and Wall Modules,Honeywell,TR42-H-CO2,adet,USDTRY,974.78,0,0,20,,"TR42 LCD WALL MODULE, TEMP, RH, CO2, SYL",Grup: Field Devices | Alt kategori: Module with Setpoint | Menşei: GB | Durum: Active,true
TR71/U,ZIO LCD/SYLK BUS WALL MODULE,Sensors and Wall Modules,Honeywell,TR71/U,adet,USDTRY,171.11,0,0,20,,ZIO LCD/SYLK BUS WALL MODULE,Grup: Field Devices | Alt kategori: Module with Setpoint | Menşei: MX | Durum: Active,true
TR71-H/U,ZIO LCD/SYLK BUS WALL MODULE W/ HUM,Sensors and Wall Modules,Honeywell,TR71-H/U,adet,USDTRY,325.62,0,0,20,,ZIO LCD/SYLK BUS WALL MODULE W/ HUM,Grup: Field Devices | Alt kategori: Comfort Sensors | Menşei: MX | Durum: Active,true
TR75/U,"ZIO PLUS LCD/SYLK WALL SENSOR,SCHEDULING",Sensors and Wall Modules,Honeywell,TR75/U,adet,USDTRY,445.00,0,0,20,,"ZIO PLUS LCD/SYLK WALL SENSOR,SCHEDULING",Grup: Field Devices | Alt kategori: Comfort Sensors | Menşei: MX | Durum: Active,true
TS3B4BMB/H,TS3B4BMB/H,Thermostats,Honeywell,TS3B4BMB/H,adet,USDTRY,122.00,0,0,20,,TS3B4BMB/H,Grup: Field Devices | Alt kategori: Electronic Thermostats | Menşei: CN | Durum: Active,true
TS3B4BMB/N,TS3B4BMB/N,Thermostats,Honeywell,TS3B4BMB/N,adet,USDTRY,104.00,0,0,20,,TS3B4BMB/N,Grup: Field Devices | Alt kategori: Electronic Thermostats | Menşei: CN | Durum: Active,true
TS3B4BMB/N-EMR,TS3B4BMB/N-EMR,Thermostats,Honeywell,TS3B4BMB/N-EMR,adet,USDTRY,94.00,0,0,20,,TS3B4BMB/N-EMR,Grup: Field Devices | Alt kategori: Electronic Thermostats | Menşei: CN | Durum: Active,true
TS3B4BME/H,TS3B4BME/H,Thermostats,Honeywell,TS3B4BME/H,adet,USDTRY,130.00,0,0,20,,TS3B4BME/H,Grup: Field Devices | Alt kategori: Electronic Thermostats | Menşei: CN | Durum: Active,true
TS3B4BME/N,TS3B4BME/N,Thermostats,Honeywell,TS3B4BME/N,adet,USDTRY,102.00,0,0,20,,TS3B4BME/N,Grup: Field Devices | Alt kategori: Electronic Thermostats | Menşei: CN | Durum: Active,true
TS3B4WMB/H,TS3B4WMB/H,Thermostats,Honeywell,TS3B4WMB/H,adet,USDTRY,128.00,0,0,20,,TS3B4WMB/H,Grup: Field Devices | Alt kategori: Electronic Thermostats | Menşei: CN | Durum: Active,true
TS3B4WMB/N,TS3B4WMB/N,Thermostats,Honeywell,TS3B4WMB/N,adet,USDTRY,94.00,0,0,20,,TS3B4WMB/N,Grup: Field Devices | Alt kategori: Electronic Thermostats | Menşei: CN | Durum: Active,true
TS3B4WMB/N-EMR,TS3B4WMB/N-EMR,Thermostats,Honeywell,TS3B4WMB/N-EMR,adet,USDTRY,94.00,0,0,20,,TS3B4WMB/N-EMR,Grup: Field Devices | Alt kategori: Electronic Thermostats | Menşei: CN | Durum: Active,true
TS3B4WME/H,TS3B4WME/H,Thermostats,Honeywell,TS3B4WME/H,adet,USDTRY,115.00,0,0,20,,TS3B4WME/H,Grup: Field Devices | Alt kategori: Electronic Thermostats | Menşei: CN | Durum: Active,true
TS3B4WME/N,TS3B4WME/N,Thermostats,Honeywell,TS3B4WME/N,adet,USDTRY,100.00,0,0,20,,TS3B4WME/N,Grup: Field Devices | Alt kategori: Electronic Thermostats | Menşei: CN | Durum: Active,true
TS3E4BMB/H,TS3E4BMB/H,Thermostats,Honeywell,TS3E4BMB/H,adet,USDTRY,98.00,0,0,20,,TS3E4BMB/H,Grup: Field Devices | Alt kategori: Electronic Thermostats | Menşei: CN | Durum: Active,true
TS3E4BMB/N,TS3E4BMB/N,Thermostats,Honeywell,TS3E4BMB/N,adet,USDTRY,89.00,0,0,20,,TS3E4BMB/N,Grup: Field Devices | Alt kategori: Electronic Thermostats | Menşei: CN | Durum: Active,true
TS3E4BMB/N-EMR,TS3E4BMB/N-EMR,Thermostats,Honeywell,TS3E4BMB/N-EMR,adet,USDTRY,89.00,0,0,20,,TS3E4BMB/N-EMR,Grup: Field Devices | Alt kategori: Electronic Thermostats | Menşei: CN | Durum: Active,true
TS3E4BME/H,TS3E4BME/H,Thermostats,Honeywell,TS3E4BME/H,adet,USDTRY,102.00,0,0,20,,TS3E4BME/H,Grup: Field Devices | Alt kategori: Electronic Thermostats | Menşei: CN | Durum: Active,true
TS3E4BME/N,TS3E4BME/N,Thermostats,Honeywell,TS3E4BME/N,adet,USDTRY,108.00,0,0,20,,TS3E4BME/N,Grup: Field Devices | Alt kategori: Electronic Thermostats | Menşei: CN | Durum: Active,true
TS3E4WMB/H,TS3E4WMB/H,Thermostats,Honeywell,TS3E4WMB/H,adet,USDTRY,98.00,0,0,20,,TS3E4WMB/H,Grup: Field Devices | Alt kategori: Electronic Thermostats | Menşei: CN | Durum: Active,true
TS3E4WMB/N,TS3E4WMB/N,Thermostats,Honeywell,TS3E4WMB/N,adet,USDTRY,89.00,0,0,20,,TS3E4WMB/N,Grup: Field Devices | Alt kategori: Electronic Thermostats | Menşei: CN | Durum: Active,true
TS3E4WMB/N-EMR,TS3E4WMB/N-EMR,Thermostats,Honeywell,TS3E4WMB/N-EMR,adet,USDTRY,89.00,0,0,20,,TS3E4WMB/N-EMR,Grup: Field Devices | Alt kategori: Electronic Thermostats | Menşei: CN | Durum: Active,true
TS3E4WME/H,TS3E4WME/H,Thermostats,Honeywell,TS3E4WME/H,adet,USDTRY,102.00,0,0,20,,TS3E4WME/H,Grup: Field Devices | Alt kategori: Electronic Thermostats | Menşei: CN | Durum: Active,true
TS3E4WME/N,TS3E4WME/N,Thermostats,Honeywell,TS3E4WME/N,adet,USDTRY,95.00,0,0,20,,TS3E4WME/N,Grup: Field Devices | Alt kategori: Electronic Thermostats | Menşei: CN | Durum: Active,true
TS6B4BMB/H,TS6B4BMB/H,Thermostats,Honeywell,TS6B4BMB/H,adet,USDTRY,115.00,0,0,20,,TS6B4BMB/H,Grup: Field Devices | Alt kategori: Electronic Thermostats | Menşei: CN | Durum: Active,true
TS6B4BMB/N,TS6B4BMB/N,Thermostats,Honeywell,TS6B4BMB/N,adet,USDTRY,105.00,0,0,20,,TS6B4BMB/N,Grup: Field Devices | Alt kategori: Electronic Thermostats | Menşei: CN | Durum: Active,true
TS6B4BME/H,TS6B4BME/H,Thermostats,Honeywell,TS6B4BME/H,adet,USDTRY,115.00,0,0,20,,TS6B4BME/H,Grup: Field Devices | Alt kategori: Electronic Thermostats | Menşei: CN | Durum: Active,true
TS6B4BME/N,TS6B4BME/N,Thermostats,Honeywell,TS6B4BME/N,adet,USDTRY,107.00,0,0,20,,TS6B4BME/N,Grup: Field Devices | Alt kategori: Electronic Thermostats | Menşei: CN | Durum: Active,true
TS6B4WMB/H,TS6B4WMB/H,Thermostats,Honeywell,TS6B4WMB/H,adet,USDTRY,110.00,0,0,20,,TS6B4WMB/H,Grup: Field Devices | Alt kategori: Electronic Thermostats | Menşei: CN | Durum: Active,true
TS6B4WMB/N,TS6B4WMB/N,Thermostats,Honeywell,TS6B4WMB/N,adet,USDTRY,102.00,0,0,20,,TS6B4WMB/N,Grup: Field Devices | Alt kategori: Electronic Thermostats | Menşei: CN | Durum: Active,true
TS6B4WME/H,TS6B4WME/H,Thermostats,Honeywell,TS6B4WME/H,adet,USDTRY,115.00,0,0,20,,TS6B4WME/H,Grup: Field Devices | Alt kategori: Electronic Thermostats | Menşei: CN | Durum: Active,true
TS6B4WME/N,TS6B4WME/N,Thermostats,Honeywell,TS6B4WME/N,adet,USDTRY,107.00,0,0,20,,TS6B4WME/N,Grup: Field Devices | Alt kategori: Electronic Thermostats | Menşei: CN | Durum: Active,true
TS8B4BMB/H,TS8B4BMB/H,Thermostats,Honeywell,TS8B4BMB/H,adet,USDTRY,95.00,0,0,20,,TS8B4BMB/H,Grup: Field Devices | Alt kategori: Electronic Thermostats | Menşei: CN | Durum: Active,true
TS8B4BMB/N,TS8B4BMB/N,Thermostats,Honeywell,TS8B4BMB/N,adet,USDTRY,80.00,0,0,20,,TS8B4BMB/N,Grup: Field Devices | Alt kategori: Electronic Thermostats | Menşei: CN | Durum: Active,true
TS8B4WMB/H,TS8B4WMB/H,Thermostats,Honeywell,TS8B4WMB/H,adet,USDTRY,93.00,0,0,20,,TS8B4WMB/H,Grup: Field Devices | Alt kategori: Electronic Thermostats | Menşei: CN | Durum: Active,true
TS8B4WMB/N,TS8B4WMB/N,Thermostats,Honeywell,TS8B4WMB/N,adet,USDTRY,80.00,0,0,20,,TS8B4WMB/N,Grup: Field Devices | Alt kategori: Electronic Thermostats | Menşei: CN | Durum: Active,true
TS9B4BME/H,TS9B4BME/H,Thermostats,Honeywell,TS9B4BME/H,adet,USDTRY,105.00,0,0,20,,TS9B4BME/H,Grup: Field Devices | Alt kategori: Electronic Thermostats | Menşei: CN | Durum: Active,true
TS9B4BME/N,TS9B4BME/N,Thermostats,Honeywell,TS9B4BME/N,adet,USDTRY,88.00,0,0,20,,TS9B4BME/N,Grup: Field Devices | Alt kategori: Electronic Thermostats | Menşei: CN | Durum: Active,true
TS9B4WME/H,TS9B4WME/H,Thermostats,Honeywell,TS9B4WME/H,adet,USDTRY,105.00,0,0,20,,TS9B4WME/H,Grup: Field Devices | Alt kategori: Electronic Thermostats | Menşei: CN | Durum: Active,true
TS9B4WME/N,TS9B4WME/N,Thermostats,Honeywell,TS9B4WME/N,adet,USDTRY,88.00,0,0,20,,TS9B4WME/N,Grup: Field Devices | Alt kategori: Electronic Thermostats | Menşei: CN | Durum: Active,true
TS9E4BME/H,TS9E4BME/H,Thermostats,Honeywell,TS9E4BME/H,adet,USDTRY,103.00,0,0,20,,TS9E4BME/H,Grup: Field Devices | Alt kategori: Electronic Thermostats | Menşei: CN | Durum: Active,true
TS9E4BME/N,TS9E4BME/N,Thermostats,Honeywell,TS9E4BME/N,adet,USDTRY,92.00,0,0,20,,TS9E4BME/N,Grup: Field Devices | Alt kategori: Electronic Thermostats | Menşei: CN | Durum: Active,true
TS9E4WME/H,TS9E4WME/H,Thermostats,Honeywell,TS9E4WME/H,adet,USDTRY,103.00,0,0,20,,TS9E4WME/H,Grup: Field Devices | Alt kategori: Electronic Thermostats | Menşei: CN | Durum: Active,true
TS9E4WME/N,TS9E4WME/N,Thermostats,Honeywell,TS9E4WME/N,adet,USDTRY,92.00,0,0,20,,TS9E4WME/N,Grup: Field Devices | Alt kategori: Electronic Thermostats | Menşei: CN | Durum: Active,true
WL8B2WB/B,"FCU Tstat, 2 pipe, bulk",Thermostats,Honeywell,WL8B2WB/B,adet,USDTRY,35.57,0,0,20,,"FCU Tstat, 2 pipe, bulk",Grup: Field Devices | Alt kategori: Electronic Thermostats | Menşei: CN | Durum: Active,true
WL8B2WB-R/B,"FCU Tstat, 2 pipe, keycard/remote sensor",Thermostats,Honeywell,WL8B2WB-R/B,adet,USDTRY,37.65,0,0,20,,"FCU Tstat, 2 pipe, keycard/remote sensor",Grup: Field Devices | Alt kategori: Electronic Thermostats | Menşei: CN | Durum: Active,true
WL8B4WB/B,"FCU Tstat, 2/4 pipe, bulk",Thermostats,Honeywell,WL8B4WB/B,adet,USDTRY,37.00,0,0,20,,"FCU Tstat, 2/4 pipe, bulk",Grup: Field Devices | Alt kategori: Electronic Thermostats | Menşei: CN | Durum: Active,true
WL8B4WB-R/B,"FCU Tstat, 2/4 pipe,keycard/remote senso",Thermostats,Honeywell,WL8B4WB-R/B,adet,USDTRY,37.65,0,0,20,,"FCU Tstat, 2/4 pipe,keycard/remote senso",Grup: Field Devices | Alt kategori: Electronic Thermostats | Menşei: CN | Durum: Active,true
WL9B2DC-R/B,"Tstat, 2 pipe,black color,bulk pack",Thermostats,Honeywell,WL9B2DC-R/B,adet,USDTRY,51.36,0,0,20,,"Tstat, 2 pipe,black color,bulk pack",Grup: Field Devices | Alt kategori: Electronic Thermostats | Menşei: CN | Durum: Active,true
WL9B2WC-R/B,"Tstat, 2 pipe,white color,bulk pack",Thermostats,Honeywell,WL9B2WC-R/B,adet,USDTRY,44.50,0,0,20,,"Tstat, 2 pipe,white color,bulk pack",Grup: Field Devices | Alt kategori: Electronic Thermostats | Menşei: CN | Durum: Active,true
WL9B4DC-R/B,"Tstat, 4 pipe,black color,bulk pack",Thermostats,Honeywell,WL9B4DC-R/B,adet,USDTRY,51.73,0,0,20,,"Tstat, 4 pipe,black color,bulk pack",Grup: Field Devices | Alt kategori: Electronic Thermostats | Menşei: CN | Durum: Active,true
WL9B4WC-R/B,"Tstat, 4 pipe,white color,bulk pack",Thermostats,Honeywell,WL9B4WC-R/B,adet,USDTRY,45.00,0,0,20,,"Tstat, 4 pipe,white color,bulk pack",Grup: Field Devices | Alt kategori: Electronic Thermostats | Menşei: CN | Durum: Active,true
WL-BOX,Color paper box for WL series,Thermostats,Honeywell,WL-BOX,adet,USDTRY,155.55,0,0,20,,Color paper box for WL series,Grup: Field Devices | Alt kategori: Electronic Thermostats | Menşei: CN | Durum: Active,true
WLFB28WFH/B,"Heating Tstat, bulk",Thermostats,Honeywell,WLFB28WFH/B,adet,USDTRY,31.57,0,0,20,,"Heating Tstat, bulk",Grup: Field Devices | Alt kategori: Electronic Thermostats | Menşei: CN | Durum: Active,true
WS3B2WB/U,"2 PIPE FCU TSTAT,100-240VAC, MODULATING",Thermostats,Honeywell,WS3B2WB/U,adet,USDTRY,85.03,0,0,20,,"2 PIPE FCU TSTAT,100-240VAC, MODULATING",Grup: Field Devices | Alt kategori: Electronic Thermostats | Menşei: CN | Durum: Active,true
WS3B4WB/U,"2/4 FCU TSTAT,100-240VAC, MODULATING",Thermostats,Honeywell,WS3B4WB/U,adet,USDTRY,97.48,0,0,20,,"2/4 FCU TSTAT,100-240VAC, MODULATING",Grup: Field Devices | Alt kategori: Electronic Thermostats | Menşei: CN | Durum: Active,true
WS3E2WB/U,"2 PIPE FCU TSTAT, 24VAC, MODULATING",Thermostats,Honeywell,WS3E2WB/U,adet,USDTRY,77.00,0,0,20,,"2 PIPE FCU TSTAT, 24VAC, MODULATING",Grup: Field Devices | Alt kategori: Electronic Thermostats | Menşei: CN | Durum: Active,true
WS3E2WMC/U,WALL MODULE MOD 24VAC META-SPP CARD,Thermostats,Honeywell,WS3E2WMC/U,adet,USDTRY,85.03,0,0,20,,WALL MODULE MOD 24VAC META-SPP CARD,Grup: Field Devices | Alt kategori: Electronic Thermostats | Menşei: CN | Durum: Active,true
WS3E2WMR/U,WALL MODULE MOD 24VAC META-SPP SENSOR,Thermostats,Honeywell,WS3E2WMR/U,adet,USDTRY,79.00,0,0,20,,WALL MODULE MOD 24VAC META-SPP SENSOR,Grup: Field Devices | Alt kategori: Electronic Thermostats | Menşei: CN | Durum: Active,true
WS3E4WB/U,"2/4 PIPE FCU TSTAT, 24VAC, MODULATING",Thermostats,Honeywell,WS3E4WB/U,adet,USDTRY,87.11,0,0,20,,"2/4 PIPE FCU TSTAT, 24VAC, MODULATING",Grup: Field Devices | Alt kategori: Electronic Thermostats | Menşei: CN | Durum: Active,true
WS8B2WB/U,"2 pipeline WM,100-240Vac,50/60Hz",Thermostats,Honeywell,WS8B2WB/U,adet,USDTRY,51.00,0,0,20,,"2 pipeline WM,100-240Vac,50/60Hz",Grup: Field Devices | Alt kategori: Electronic Thermostats | Menşei: CN | Durum: Active,true
WS8B2WMC/U,WALL MODULE ON/OFF 240V META-SPP CARD,Thermostats,Honeywell,WS8B2WMC/U,adet,USDTRY,72.59,0,0,20,,WALL MODULE ON/OFF 240V META-SPP CARD,Grup: Field Devices | Alt kategori: Electronic Thermostats | Menşei: CN | Durum: Active,true
WS8B2WMR/U,WALL MODULE ON/OFF 240V META-SPP SENSOR,Thermostats,Honeywell,WS8B2WMR/U,adet,USDTRY,63.26,0,0,20,,WALL MODULE ON/OFF 240V META-SPP SENSOR,Grup: Field Devices | Alt kategori: Electronic Thermostats | Menşei: CN | Durum: Active,true
WS8B4WB/U,"2/4 pipeline WM,100-240Vac,50/60Hz",Thermostats,Honeywell,WS8B4WB/U,adet,USDTRY,53.00,0,0,20,,"2/4 pipeline WM,100-240Vac,50/60Hz",Grup: Field Devices | Alt kategori: Electronic Thermostats | Menşei: CN | Durum: Active,true
WS9B2WB/U,2P WALL MODULE MODBUS 240VAC 9600BIT,Thermostats,Honeywell,WS9B2WB/U,adet,USDTRY,81.00,0,0,20,,2P WALL MODULE MODBUS 240VAC 9600BIT,Grup: Field Devices | Alt kategori: Electronic Thermostats | Menşei: CN | Durum: Active,true
WS9B4WB/U,2/4P WALL MODULE MODBUS 240VAC 9600BIT,Thermostats,Honeywell,WS9B4WB/U,adet,USDTRY,79.00,0,0,20,,2/4P WALL MODULE MODBUS 240VAC 9600BIT,Grup: Field Devices | Alt kategori: Electronic Thermostats | Menşei: CN | Durum: Active,true
WS9E2WB/U,"WALL MOD FOR FCU 2 PIPES, ON/OFF MODBUS",Thermostats,Honeywell,WS9E2WB/U,adet,USDTRY,103.70,0,0,20,,"WALL MOD FOR FCU 2 PIPES, ON/OFF MODBUS",Grup: Field Devices | Alt kategori: Electronic Thermostats | Menşei: CN | Durum: Active,true
WS9E4WB/U,"WALL MOD FCU 2/4 PIPES, ON/OFF MODBUS",Thermostats,Honeywell,WS9E4WB/U,adet,USDTRY,103.70,0,0,20,,"WALL MOD FCU 2/4 PIPES, ON/OFF MODBUS",Grup: Field Devices | Alt kategori: Electronic Thermostats | Menşei: CN | Durum: Active,true
WS-BOX,Color paper box for WS series,Thermostats,Honeywell,WS-BOX,adet,USDTRY,155.55,0,0,20,,Color paper box for WS series,Grup: Field Devices | Alt kategori: Electronic Thermostats | Menşei: CN | Durum: Active,true
WTS3B4BMB/H,"T,220V,0-10V,Hum",Thermostats,Honeywell,WTS3B4BMB/H,adet,USDTRY,126.51,0,0,20,,"T,220V,0-10V,Hum",Grup: Field Devices | Alt kategori: Electronic Thermostats | Menşei: CN | Durum: Active,true
WTS3B4BMB/N,"T,220V,0-10V",Thermostats,Honeywell,WTS3B4BMB/N,adet,USDTRY,107.85,0,0,20,,"T,220V,0-10V",Grup: Field Devices | Alt kategori: Electronic Thermostats | Menşei: CN | Durum: Active,true
WTS3B4BME/H,"T,220V,0-10V,Modbus,Hum",Thermostats,Honeywell,WTS3B4BME/H,adet,USDTRY,135.00,0,0,20,,"T,220V,0-10V,Modbus,Hum",Grup: Field Devices | Alt kategori: Electronic Thermostats | Menşei: CN | Durum: Active,true
WTS3B4BME/N,"T,220V,0-10V,Modbus",Thermostats,Honeywell,WTS3B4BME/N,adet,USDTRY,105.77,0,0,20,,"T,220V,0-10V,Modbus",Grup: Field Devices | Alt kategori: Electronic Thermostats | Menşei: CN | Durum: Active,true
WTS3B4RMB/H,WTS Thermostat，Ele-heating,Thermostats,Honeywell,WTS3B4RMB/H,adet,USDTRY,126.51,0,0,20,,WTS Thermostat，Ele-heating,Grup: Field Devices | Alt kategori: Electronic Thermostats | Durum: Active,true
WTS3B4RMB/N,WTS Thermostat，Ele-heating,Thermostats,Honeywell,WTS3B4RMB/N,adet,USDTRY,97.48,0,0,20,,WTS Thermostat，Ele-heating,Grup: Field Devices | Alt kategori: Electronic Thermostats | Menşei: CH | Durum: Active,true
WTS3B4RME/H,WTS Thermostat，Ele-heating,Thermostats,Honeywell,WTS3B4RME/H,adet,USDTRY,122.37,0,0,20,,WTS Thermostat，Ele-heating,Grup: Field Devices | Alt kategori: Electronic Thermostats | Menşei: CH | Durum: Active,true
WTS3B4RME/N,WTS Thermostat，Ele-heating,Thermostats,Honeywell,WTS3B4RME/N,adet,USDTRY,113.03,0,0,20,,WTS Thermostat，Ele-heating,Grup: Field Devices | Alt kategori: Electronic Thermostats | Durum: Active,true
WTS3B4WMB/H,"T,220V,0-10V,Hum",Thermostats,Honeywell,WTS3B4WMB/H,adet,USDTRY,132.74,0,0,20,,"T,220V,0-10V,Hum",Grup: Field Devices | Alt kategori: Electronic Thermostats | Menşei: CH | Durum: Active,true
WTS3B4WMB/N,"T,220V,0-10V",Thermostats,Honeywell,WTS3B4WMB/N,adet,USDTRY,97.48,0,0,20,,"T,220V,0-10V",Grup: Field Devices | Alt kategori: Electronic Thermostats | Menşei: CN | Durum: Active,true
WTS3B4WME/H,"T,220V,0-10V,Modbus,Hum",Thermostats,Honeywell,WTS3B4WME/H,adet,USDTRY,119.25,0,0,20,,"T,220V,0-10V,Modbus,Hum",Grup: Field Devices | Alt kategori: Electronic Thermostats | Menşei: CN | Durum: Active,true
WTS3B4WME/N,"T,220V,0-10V,Modbus",Thermostats,Honeywell,WTS3B4WME/N,adet,USDTRY,103.70,0,0,20,,"T,220V,0-10V,Modbus",Grup: Field Devices | Alt kategori: Electronic Thermostats | Menşei: CN | Durum: Active,true
WTS3E4BMB/H,"T,24V,0-10V,Hum",Thermostats,Honeywell,WTS3E4BMB/H,adet,USDTRY,127.65,0,0,20,,"T,24V,0-10V,Hum",Grup: Field Devices | Alt kategori: Electronic Thermostats | Menşei: CN | Durum: Phase Out Inprogress,false
WTS3E4BMB/H-B,"24V, modulating, Standalone, Hum, BK",Thermostats,Honeywell,WTS3E4BMB/H-B,adet,USDTRY,101.63,0,0,20,,"24V, modulating, Standalone, Hum, BK",Grup: Field Devices | Alt kategori: Electronic Thermostats | Menşei: CH | Durum: Active,true
WTS3E4BMB/N,"T,24V,0-10V",Thermostats,Honeywell,WTS3E4BMB/N,adet,USDTRY,101.63,0,0,20,,"T,24V,0-10V",Grup: Field Devices | Alt kategori: Electronic Thermostats | Menşei: CN | Durum: Active,true
WTS3E4BMB/N-B,"24V, modulating, Standalone, BK",Thermostats,Honeywell,WTS3E4BMB/N-B,adet,USDTRY,92.29,0,0,20,,"24V, modulating, Standalone, BK",Grup: Field Devices | Alt kategori: Electronic Thermostats | Menşei: CH | Durum: Active,true
WTS3E4BME/H,"T,24V,0-10V,Modbus,Hum",Thermostats,Honeywell,WTS3E4BME/H,adet,USDTRY,122.37,0,0,20,,"T,24V,0-10V,Modbus,Hum",Grup: Field Devices | Alt kategori: Electronic Thermostats | Menşei: CN | Durum: Active,true
WTS3E4BME/H-B,"24V, modulating, Modbus, Hum, BK",Thermostats,Honeywell,WTS3E4BME/H-B,adet,USDTRY,105.77,0,0,20,,"24V, modulating, Modbus, Hum, BK",Grup: Field Devices | Alt kategori: Electronic Thermostats | Menşei: CH | Durum: Active,true
WTS3E4BME/N,"T,24V,0-10V,Modbus",Thermostats,Honeywell,WTS3E4BME/N,adet,USDTRY,112.00,0,0,20,,"T,24V,0-10V,Modbus",Grup: Field Devices | Alt kategori: Electronic Thermostats | Durum: Active,true
WTS3E4BME/N-B,"24V, modulating, Modbus, BK",Thermostats,Honeywell,WTS3E4BME/N-B,adet,USDTRY,99.00,0,0,20,,"24V, modulating, Modbus, BK",Grup: Field Devices | Alt kategori: Electronic Thermostats | Menşei: CH | Durum: Active,true
WTS3E4WMB/H,"T,24V,0-10V,Hum",Thermostats,Honeywell,WTS3E4WMB/H,adet,USDTRY,115.11,0,0,20,,"T,24V,0-10V,Hum",Grup: Field Devices | Alt kategori: Electronic Thermostats | Menşei: CN | Durum: InActive,false
WTS3E4WMB/H-B,"24V, modulating, Standalone, Hum, WH",Thermostats,Honeywell,WTS3E4WMB/H-B,adet,USDTRY,101.63,0,0,20,,"24V, modulating, Standalone, Hum, WH",Grup: Field Devices | Alt kategori: Electronic Thermostats | Menşei: CH | Durum: Active,true
WTS3E4WMB/N,"T,24V,0-10V",Thermostats,Honeywell,WTS3E4WMB/N,adet,USDTRY,112.70,0,0,20,,"T,24V,0-10V",Grup: Field Devices | Alt kategori: Electronic Thermostats | Menşei: CN | Durum: Phase Out Inprogress,false
WTS3E4WMB/N-B,"24V, modulating, Standalone, WH",Thermostats,Honeywell,WTS3E4WMB/N-B,adet,USDTRY,92.29,0,0,20,,"24V, modulating, Standalone, WH",Grup: Field Devices | Alt kategori: Electronic Thermostats | Menşei: CH | Durum: Active,true
WTS3E4WME/H,"T,24V,0-10V,Modbus,Hum",Thermostats,Honeywell,WTS3E4WME/H,adet,USDTRY,122.37,0,0,20,,"T,24V,0-10V,Modbus,Hum",Grup: Field Devices | Alt kategori: Electronic Thermostats | Menşei: CN | Durum: Active,true
WTS3E4WME/H-B,"24V, modulating, Modbus, Hum, WH",Thermostats,Honeywell,WTS3E4WME/H-B,adet,USDTRY,105.77,0,0,20,,"24V, modulating, Modbus, Hum, WH",Grup: Field Devices | Alt kategori: Electronic Thermostats | Menşei: CH | Durum: Active,true
WTS3E4WME/N,"T,24V,0-10V,Modbus",Thermostats,Honeywell,WTS3E4WME/N,adet,USDTRY,110.00,0,0,20,,"T,24V,0-10V,Modbus",Grup: Field Devices | Alt kategori: Electronic Thermostats | Menşei: CN | Durum: Active,true
WTS3E4WME/N-B,"24V, modulating, Modbus, WH",Thermostats,Honeywell,WTS3E4WME/N-B,adet,USDTRY,99.00,0,0,20,,"24V, modulating, Modbus, WH",Grup: Field Devices | Alt kategori: Electronic Thermostats | Menşei: CH | Durum: Active,true
WTS6B4BMB/H,"T,220V,BLDC,Modbus,Hum,Black",Thermostats,Honeywell,WTS6B4BMB/H,adet,USDTRY,122.37,0,0,20,,"T,220V,BLDC,Modbus,Hum,Black",Grup: Field Devices | Alt kategori: Electronic Thermostats | Menşei: CN | Durum: Active,true
WTS6B4BMB/N,"T,220V,BLDC,Modbus,Black",Thermostats,Honeywell,WTS6B4BMB/N,adet,USDTRY,113.03,0,0,20,,"T,220V,BLDC,Modbus,Black",Grup: Field Devices | Alt kategori: Electronic Thermostats | Menşei: CN | Durum: Active,true
WTS6B4WMB/H,"T,220V,BLDC,Modbus,Hum",Thermostats,Honeywell,WTS6B4WMB/H,adet,USDTRY,119.25,0,0,20,,"T,220V,BLDC,Modbus,Hum",Grup: Field Devices | Alt kategori: Electronic Thermostats | Menşei: CN | Durum: Active,true
WTS6B4WMB/N,"T,220V,BLDC,Modbus",Thermostats,Honeywell,WTS6B4WMB/N,adet,USDTRY,110.96,0,0,20,,"T,220V,BLDC,Modbus",Grup: Field Devices | Alt kategori: Electronic Thermostats | Menşei: CH | Durum: Active,true
WTS6E4BMB/H,"T,24V,BLDC,Modbus,Hum,Black",Thermostats,Honeywell,WTS6E4BMB/H,adet,USDTRY,133.77,0,0,20,,"T,24V,BLDC,Modbus,Hum,Black",Grup: Field Devices | Alt kategori: Electronic Thermostats | Menşei: CN | Durum: Active,true
WTS6E4BMB/N,"T,24V,BLDC,Modbus,Black",Thermostats,Honeywell,WTS6E4BMB/N,adet,USDTRY,110.96,0,0,20,,"T,24V,BLDC,Modbus,Black",Grup: Field Devices | Alt kategori: Electronic Thermostats | Menşei: CN | Durum: Active,true
WTS6E4WMB/H,"T,24V,BLDC,Modbus,Hum",Thermostats,Honeywell,WTS6E4WMB/H,adet,USDTRY,133.77,0,0,20,,"T,24V,BLDC,Modbus,Hum",Grup: Field Devices | Alt kategori: Electronic Thermostats | Menşei: CN | Durum: Active,true
WTS6E4WMB/N,"T,24V,BLDC,Modbus",Thermostats,Honeywell,WTS6E4WMB/N,adet,USDTRY,110.96,0,0,20,,"T,24V,BLDC,Modbus",Grup: Field Devices | Alt kategori: Electronic Thermostats | Menşei: CN | Durum: Active,true
WTS8B4BMB/H,"T,220V,on/off,Hum",Thermostats,Honeywell,WTS8B4BMB/H,adet,USDTRY,99.00,0,0,20,,"T,220V,on/off,Hum",Grup: Field Devices | Alt kategori: Electronic Thermostats | Menşei: CN | Durum: Active,true
WTS8B4BMB/N,"T,220V,on/off",Thermostats,Honeywell,WTS8B4BMB/N,adet,USDTRY,83.00,0,0,20,,"T,220V,on/off",Grup: Field Devices | Alt kategori: Electronic Thermostats | Menşei: CN | Durum: Active,true
WTS8B4WMB/H,"T,220V,on/off,Hum",Thermostats,Honeywell,WTS8B4WMB/H,adet,USDTRY,96.44,0,0,20,,"T,220V,on/off,Hum",Grup: Field Devices | Alt kategori: Electronic Thermostats | Menşei: CH | Durum: Active,true
WTS8B4WMB/N,"T,220V,on/off",Thermostats,Honeywell,WTS8B4WMB/N,adet,USDTRY,83.00,0,0,20,,"T,220V,on/off",Grup: Field Devices | Alt kategori: Electronic Thermostats | Menşei: CN | Durum: Active,true
WTS8E4BMB/H,"T,24V,on/off,Hum",Thermostats,Honeywell,WTS8E4BMB/H,adet,USDTRY,107.85,0,0,20,,"T,24V,on/off,Hum",Grup: Field Devices | Alt kategori: Electronic Thermostats | Menşei: CN | Durum: Active,true
WTS8E4BMB/N,"T,24V,on/off",Thermostats,Honeywell,WTS8E4BMB/N,adet,USDTRY,93.33,0,0,20,,"T,24V,on/off",Grup: Field Devices | Alt kategori: Electronic Thermostats | Menşei: CN | Durum: Active,true
WTS8E4WMB/H,"T,24V,on/off,Hum",Thermostats,Honeywell,WTS8E4WMB/H,adet,USDTRY,107.85,0,0,20,,"T,24V,on/off,Hum",Grup: Field Devices | Alt kategori: Electronic Thermostats | Menşei: CN | Durum: Active,true
WTS8E4WMB/N,"T,24V,on/off",Thermostats,Honeywell,WTS8E4WMB/N,adet,USDTRY,83.00,0,0,20,,"T,24V,on/off",Grup: Field Devices | Alt kategori: Electronic Thermostats | Menşei: CN | Durum: Active,true
WTS9B4BMB/H,"T,220V,on/off,Modbus,Hum",Thermostats,Honeywell,WTS9B4BMB/H,adet,USDTRY,120.29,0,0,20,,"T,220V,on/off,Modbus,Hum",Grup: Field Devices | Alt kategori: Electronic Thermostats | Menşei: CN | Durum: Active,true
WTS9B4BMB/N,"T,220V,on/off,Modbus",Thermostats,Honeywell,WTS9B4BMB/N,adet,USDTRY,105.77,0,0,20,,"T,220V,on/off,Modbus",Grup: Field Devices | Alt kategori: Electronic Thermostats | Menşei: CN | Durum: Active,true
WTS9B4WMB/H,"T,220V,on/off,Modbus,Hum",Thermostats,Honeywell,WTS9B4WMB/H,adet,USDTRY,108.89,0,0,20,,"T,220V,on/off,Modbus,Hum",Grup: Field Devices | Alt kategori: Electronic Thermostats | Menşei: CN | Durum: Active,true
WTS9B4WMB/N,",220V,on/off,Modbus",Thermostats,Honeywell,WTS9B4WMB/N,adet,USDTRY,91.26,0,0,20,,",220V,on/off,Modbus",Grup: Field Devices | Alt kategori: Electronic Thermostats | Menşei: CN | Durum: Active,true
WTS9E4BMB/H,"T,24V,on/off,Modbus,Hum",Thermostats,Honeywell,WTS9E4BMB/H,adet,USDTRY,108.89,0,0,20,,"T,24V,on/off,Modbus,Hum",Grup: Field Devices | Alt kategori: Electronic Thermostats | Menşei: CN | Durum: Active,true
WTS9E4BMB/N,"T,24V,on/off,Modbus",Thermostats,Honeywell,WTS9E4BMB/N,adet,USDTRY,95.40,0,0,20,,"T,24V,on/off,Modbus",Grup: Field Devices | Alt kategori: Electronic Thermostats | Menşei: CN | Durum: Active,true
WTS9E4WMB/H,"T,24V,on/off,Modbus,Hum",Thermostats,Honeywell,WTS9E4WMB/H,adet,USDTRY,106.81,0,0,20,,"T,24V,on/off,Modbus,Hum",Grup: Field Devices | Alt kategori: Electronic Thermostats | Menşei: CH | Durum: Active,true
WTS9E4WMB/N,"T,24V,on/off,Modbus",Thermostats,Honeywell,WTS9E4WMB/N,adet,USDTRY,95.40,0,0,20,,"T,24V,on/off,Modbus",Grup: Field Devices | Alt kategori: Electronic Thermostats | Menşei: CN | Durum: Active,true
WTS-BOX,Color paper box for WTS series,Thermostats,Honeywell,WTS-BOX,adet,USDTRY,155.55,0,0,20,,Color paper box for WTS series,Grup: Field Devices | Alt kategori: Electronic Thermostats | Menşei: CN | Durum: Active,true
ALD1B5FD00A3A00,EM 2-WAY PN 32A LCD MODBUS MID,Genel,Honeywell,ALD1B5FD00A3A00,adet,USDTRY,92.31,0,0,20,,EM 2-WAY PN 32A LCD MODBUS MID,Grup: Common | Durum: Active,true
ALD1B5FS00A3A00,Single-phase two-way energy meter S-Bus,Genel,Honeywell,ALD1B5FS00A3A00,adet,USDTRY,92.31,0,0,20,,Single-phase two-way energy meter S-Bus,Grup: Common | Menşei: CH | Durum: Active,true
ALD1D5F10KA3A00,Single-phase energy meter S0,Genel,Honeywell,ALD1D5F10KA3A00,adet,USDTRY,57.70,0,0,20,,Single-phase energy meter S0,Grup: Common | Menşei: CH | Durum: Active,true
ALD1D5F10KB3A00,Single-phase energy meter S0,Genel,Honeywell,ALD1D5F10KB3A00,adet,USDTRY,63.00,0,0,20,,Single-phase energy meter S0,Grup: Common | Menşei: CH | Durum: Active,true
ALD1D5FD00A3A00,Single-phase energy meter Modbus,Genel,Honeywell,ALD1D5FD00A3A00,adet,USDTRY,94.41,0,0,20,,Single-phase energy meter Modbus,Grup: Common | Menşei: CH | Durum: Active,true
ALD1D5FD00A3A44,ENERGY METER 32A PN LCD MODBUS Z44,Genel,Honeywell,ALD1D5FD00A3A44,adet,USDTRY,268.54,0,0,20,,ENERGY METER 32A PN LCD MODBUS Z44,Grup: Common | Menşei: CH | Durum: Active,true
ALD1D5FM00A3A00,Single-phase energy meter M-Bus,Genel,Honeywell,ALD1D5FM00A3A00,adet,USDTRY,84.00,0,0,20,,Single-phase energy meter M-Bus,Grup: Common | Menşei: CH | Durum: Active,true
ALD1D5FS00A3A00,Single-phase energy meter S-Bus,Genel,Honeywell,ALD1D5FS00A3A00,adet,USDTRY,91.26,0,0,20,,Single-phase energy meter S-Bus,Grup: Common | Menşei: CH | Durum: Active,true
ALE3B5F10KC3A00,Three-phase two-way energy meter S0,Genel,Honeywell,ALE3B5F10KC3A00,adet,USDTRY,102.80,0,0,20,,Three-phase two-way energy meter S0,Grup: Common | Menşei: CH | Durum: Active,true
ALE3B5FD00C3A00,EM 2WAY 3P+N 65A 1T LCD MODBUS MID,Genel,Honeywell,ALE3B5FD00C3A00,adet,USDTRY,134.27,0,0,20,,EM 2WAY 3P+N 65A 1T LCD MODBUS MID,Grup: Common | Durum: Active,true
ALE3B5FM00C3A00,ENERGY METER BI 65A 3P+N LCD MBUS MID,Genel,Honeywell,ALE3B5FM00C3A00,adet,USDTRY,126.93,0,0,20,,ENERGY METER BI 65A 3P+N LCD MBUS MID,Grup: Common | Durum: Active,true
ALE3B5FS00C3A00,Three-phase two-way energy meter S-Bus,Genel,Honeywell,ALE3B5FS00C3A00,adet,USDTRY,135.32,0,0,20,,Three-phase two-way energy meter S-Bus,Grup: Common | Menşei: CH | Durum: Active,true
ALE3D5F10KA3A00,Three-phase energy meter S0,Genel,Honeywell,ALE3D5F10KA3A00,adet,USDTRY,97.00,0,0,20,,Three-phase energy meter S0,Grup: Common | Menşei: CH | Durum: Active,true
ALE3D5F10KB3A00,Three-phase energy meter S0,Genel,Honeywell,ALE3D5F10KB3A00,adet,USDTRY,91.26,0,0,20,,Three-phase energy meter S0,Grup: Common | Menşei: CH | Durum: Active,true
ALE3D5F11KC3A00,Three-phase energy meter S0,Genel,Honeywell,ALE3D5F11KC3A00,adet,USDTRY,105.95,0,0,20,,Three-phase energy meter S0,Grup: Common | Menşei: CH | Durum: Active,true
ALE3D5FD10C3A00,Three-phase energy meter Modbus,Submetering,Honeywell,ALE3D5FD10C3A00,adet,USDTRY,133.22,0,0,20,,Three-phase energy meter Modbus,Grup: Common | Alt kategori: Electrical meters | Menşei: CH | Durum: Active,true
ALE3D5FD10C3A44,ENERGY METER 65A 3P+N LCD MODBUS Z44,Genel,Honeywell,ALE3D5FD10C3A44,adet,USDTRY,496.18,0,0,20,,ENERGY METER 65A 3P+N LCD MODBUS Z44,Grup: Common | Menşei: CH | Durum: Active,true
ALE3D5FM10C3A00,Three-phase energy meter M-Bus,Genel,Honeywell,ALE3D5FM10C3A00,adet,USDTRY,125.88,0,0,20,,Three-phase energy meter M-Bus,Grup: Common | Menşei: CH | Durum: Active,true
ALE3D5FS10C3A00,Three-phase energy meter S-Bus,Genel,Honeywell,ALE3D5FS10C3A00,adet,USDTRY,133.22,0,0,20,,Three-phase energy meter S-Bus,Grup: Common | Menşei: CH | Durum: Active,true
ALERVIEW-BLK,ALERVIEW BACNET DISPLAY - BLACK BEZEL,HMIs,Honeywell,ALERVIEW-BLK,adet,USDTRY,5050.00,0,0,20,,ALERVIEW BACNET DISPLAY - BLACK BEZEL,Grup: Common | Alt kategori: Local HMI | Menşei: US | Durum: Active,true
ALERVIEW-WHT,ALERVIEW BACNET DISPLAY - WHITE BEZEL,HMIs,Honeywell,ALERVIEW-WHT,adet,USDTRY,5454.80,0,0,20,,ALERVIEW BACNET DISPLAY - WHITE BEZEL,Grup: Common | Alt kategori: Local HMI | Menşei: US | Durum: Active,true
AWD3B5W10MC3A00,Three-phase two-way energy meter S0,Genel,Honeywell,AWD3B5W10MC3A00,adet,USDTRY,99.00,0,0,20,,Three-phase two-way energy meter S0,Grup: Common | Menşei: CH | Durum: Active,true
AWD3B5WS00C3A00,Three-phase two-way energy meter S-Bus,Genel,Honeywell,AWD3B5WS00C3A00,adet,USDTRY,127.98,0,0,20,,Three-phase two-way energy meter S-Bus,Grup: Common | Menşei: CH | Durum: Active,true
AWD3D5W10MC3A00,Three-phase energy meter S0,Genel,Honeywell,AWD3D5W10MC3A00,adet,USDTRY,97.00,0,0,20,,Three-phase energy meter S0,Grup: Common | Menşei: CH | Durum: Active,true
AWD3D5W10ND3A00,Three-phase energy meter S0,Genel,Honeywell,AWD3D5W10ND3A00,adet,USDTRY,97.00,0,0,20,,Three-phase energy meter S0,Grup: Common | Menşei: CH | Durum: Active,true
AWD3D5WD00C3A00,Three-phase energy meter Modbus,Submetering,Honeywell,AWD3D5WD00C3A00,adet,USDTRY,125.00,0,0,20,,Three-phase energy meter Modbus,Grup: Common | Alt kategori: Electrical meters | Menşei: CH | Durum: Active,true
AWD3D5WD00C3A44,ENERGY METER 3PN 5A CT LCD MODBUS Z44,Genel,Honeywell,AWD3D5WD00C3A44,adet,USDTRY,465.00,0,0,20,,ENERGY METER 3PN 5A CT LCD MODBUS Z44,Grup: Common | Menşei: CH | Durum: Active,true
AWD3D5WM00C3A00,Three-phase energy meter M-Bus,Submetering,Honeywell,AWD3D5WM00C3A00,adet,USDTRY,120.00,0,0,20,,Three-phase energy meter M-Bus,Grup: Common | Alt kategori: Electrical meters | Menşei: CH | Durum: Active,true
AWD3D5WS00C3A00,Three-phase energy meter S-Bus,Genel,Honeywell,AWD3D5WS00C3A00,adet,USDTRY,125.00,0,0,20,,Three-phase energy meter S-Bus,Grup: Common | Menşei: CH | Durum: Active,true
EEM230-D-M-MID,E-METER PN 32A LCD M-BUS MID,Genel,Honeywell,EEM230-D-M-MID,adet,USDTRY,630.00,0,0,20,,E-METER PN 32A LCD M-BUS MID,Grup: Common | Menşei: CH | Durum: Active,true
EEM230-D-MO-MID,E-METER PN 32A LCD MODBUS MID,Submetering,Honeywell,EEM230-D-MO-MID,adet,USDTRY,610.00,0,0,20,,E-METER PN 32A LCD MODBUS MID,Grup: Common | Alt kategori: Electrical meters | Menşei: CH | Durum: Active,true
EEM400C-D-M-MID,E-METER 3P+N 5A CONVERTER LCD M-BUS MID,Genel,Honeywell,EEM400C-D-M-MID,adet,USDTRY,1030.00,0,0,20,,E-METER 3P+N 5A CONVERTER LCD M-BUS MID,Grup: Common | Menşei: CH | Durum: Active,true
EEM400C-D-MO-MID,E-METER 3P+N5A CONVERTER LCD MODBUS MID,Submetering,Honeywell,EEM400C-D-MO-MID,adet,USDTRY,1030.00,0,0,20,,E-METER 3P+N5A CONVERTER LCD MODBUS MID,Grup: Common | Alt kategori: Electrical meters | Menşei: CH | Durum: Active,true
EEM400C-D-P-MID,E-METER 3PN5A CONVERTER LCD MID,Genel,Honeywell,EEM400C-D-P-MID,adet,USDTRY,734.30,0,0,20,,E-METER 3PN5A CONVERTER LCD MID,Grup: Common | Menşei: CH | Durum: Active,true
EEM400-D-M-MID,E-METER 3P+N 65A 2T LCD M-BUS MID,Genel,Honeywell,EEM400-D-M-MID,adet,USDTRY,1070.00,0,0,20,,E-METER 3P+N 65A 2T LCD M-BUS MID,Grup: Common | Menşei: CH | Durum: Active,true
EEM400-D-MO-MID,E-METER 3P+N 65A 2T LCD MODBUS MID,Genel,Honeywell,EEM400-D-MO-MID,adet,USDTRY,1060.00,0,0,20,,E-METER 3P+N 65A 2T LCD MODBUS MID,Grup: Common | Menşei: CH | Durum: Active,true
EEM400-D-P-MID,E-METER 3P+N 65A 2T LCD MID,Submetering,Honeywell,EEM400-D-P-MID,adet,USDTRY,702.83,0,0,20,,E-METER 3P+N 65A 2T LCD MID,Grup: Common | Alt kategori: Electrical meters | Menşei: CH | Durum: Active,true
H.HVB-SDB1.1A-C0,"4"" VAVBox, embedded w/o controller",Genel,Honeywell,H.HVB-SDB1.1A-C0,adet,USDTRY,290.00,0,0,20,,"4"" VAVBox, embedded w/o controller",Grup: Common | Menşei: AE | Durum: Active,true
H.HVB-SDB1.1A-C1,"4"" VAVBox, embedded w. PVB0000AS-E",Airflow Control Valves,Honeywell,H.HVB-SDB1.1A-C1,adet,USDTRY,634.70,0,0,20,,"4"" VAVBox, embedded w. PVB0000AS-E",Grup: Common | Alt kategori: Digital Airflow Control Valves | Menşei: AE | Durum: Active,true
H.HVB-SDB1.1A-C2,"4"" VAVBox, embedded w.  PVB4022AS-E",Airflow Control Valves,Honeywell,H.HVB-SDB1.1A-C2,adet,USDTRY,681.12,0,0,20,,"4"" VAVBox, embedded w.  PVB4022AS-E",Grup: Common | Alt kategori: Digital Airflow Control Valves | Menşei: AE | Durum: Active,true
H.HVB-SDB1.1H-C0,"4""VAVBox,w/oCtrl,withHeaterInsert",Genel,Honeywell,H.HVB-SDB1.1H-C0,adet,USDTRY,360.00,0,0,20,,"4""VAVBox,w/oCtrl,withHeaterInsert",Grup: Common | Durum: New,true
H.HVB-SDB1.1H-C2,"4""VAVBox,w.PVB4022AS-E,HeaterInsert",Airflow Control Valves,Honeywell,H.HVB-SDB1.1H-C2,adet,USDTRY,851.47,0,0,20,,"4""VAVBox,w.PVB4022AS-E,HeaterInsert",Grup: Common | Alt kategori: Digital Airflow Control Valves | Menşei: AE | Durum: Active,true
H.HVB-SDB1.2A-C0,"5"" VAVBox, embedded w/o controller",Genel,Honeywell,H.HVB-SDB1.2A-C0,adet,USDTRY,293.37,0,0,20,,"5"" VAVBox, embedded w/o controller",Grup: Common | Menşei: AE | Durum: Active,true
H.HVB-SDB1.2A-C1,"5"" VAVBox, embedded w. PVB0000AS-E",Airflow Control Valves,Honeywell,H.HVB-SDB1.2A-C1,adet,USDTRY,640.00,0,0,20,,"5"" VAVBox, embedded w. PVB0000AS-E",Grup: Common | Alt kategori: Digital Airflow Control Valves | Menşei: AE | Durum: Active,true
H.HVB-SDB1.2A-C2,"5"" VAVBox, embedded w. PVB4022AS-E",Airflow Control Valves,Honeywell,H.HVB-SDB1.2A-C2,adet,USDTRY,684.88,0,0,20,,"5"" VAVBox, embedded w. PVB4022AS-E",Grup: Common | Alt kategori: Digital Airflow Control Valves | Menşei: AE | Durum: Active,true
H.HVB-SDB1.2H-C0,"5""VAVBox,w/oCtrl,withHeaterInsert",Genel,Honeywell,H.HVB-SDB1.2H-C0,adet,USDTRY,365.00,0,0,20,,"5""VAVBox,w/oCtrl,withHeaterInsert",Grup: Common | Durum: New,true
H.HVB-SDB1.2H-C2,"5""VAVBox,w.PVB4022AS-E,withHeaterInsert",Airflow Control Valves,Honeywell,H.HVB-SDB1.2H-C2,adet,USDTRY,860.00,0,0,20,,"5""VAVBox,w.PVB4022AS-E,withHeaterInsert",Grup: Common | Alt kategori: Digital Airflow Control Valves | Menşei: AE | Durum: Active,true
H.HVB-SDB1.4A-C0,"6"" VAVBox, embedded w/o controller",Genel,Honeywell,H.HVB-SDB1.4A-C0,adet,USDTRY,293.37,0,0,20,,"6"" VAVBox, embedded w/o controller",Grup: Common | Menşei: AE | Durum: Active,true
H.HVB-SDB1.4A-C1,"6"" VAVBox, embedded w. PVB0000AS-E",Airflow Control Valves,Honeywell,H.HVB-SDB1.4A-C1,adet,USDTRY,640.00,0,0,20,,"6"" VAVBox, embedded w. PVB0000AS-E",Grup: Common | Alt kategori: Digital Airflow Control Valves | Menşei: AE | Durum: Active,true
H.HVB-SDB1.4A-C2,"6"" VAVBox, embedded w. PVB4022AS-E",Airflow Control Valves,Honeywell,H.HVB-SDB1.4A-C2,adet,USDTRY,684.88,0,0,20,,"6"" VAVBox, embedded w. PVB4022AS-E",Grup: Common | Alt kategori: Digital Airflow Control Valves | Menşei: AE | Durum: Active,true
H.HVB-SDB1.4H-C0,"6""VAVBox,w/oCtrl,withHeaterInsert",Genel,Honeywell,H.HVB-SDB1.4H-C0,adet,USDTRY,365.00,0,0,20,,"6""VAVBox,w/oCtrl,withHeaterInsert",Grup: Common | Durum: New,true
H.HVB-SDB1.4H-C2,"6""VAVBox,w.PVB4022AS-E,withHeaterInsert",Airflow Control Valves,Honeywell,H.HVB-SDB1.4H-C2,adet,USDTRY,860.00,0,0,20,,"6""VAVBox,w.PVB4022AS-E,withHeaterInsert",Grup: Common | Alt kategori: Digital Airflow Control Valves | Menşei: AE | Durum: Active,true
H.HVB-SDB1.8A-C0,"7"" VAVBox, embedded w/o controller",Genel,Honeywell,H.HVB-SDB1.8A-C0,adet,USDTRY,300.91,0,0,20,,"7"" VAVBox, embedded w/o controller",Grup: Common | Menşei: AE | Durum: Active,true
H.HVB-SDB1.8A-C1,"7"" VAVBox, embedded w. PVB0000AS-E",Airflow Control Valves,Honeywell,H.HVB-SDB1.8A-C1,adet,USDTRY,646.00,0,0,20,,"7"" VAVBox, embedded w. PVB0000AS-E",Grup: Common | Alt kategori: Digital Airflow Control Valves | Menşei: AE | Durum: Active,true
H.HVB-SDB1.8A-C2,"7"" VAVBox, embedded w. PVB4022AS-E",Airflow Control Valves,Honeywell,H.HVB-SDB1.8A-C2,adet,USDTRY,692.41,0,0,20,,"7"" VAVBox, embedded w. PVB4022AS-E",Grup: Common | Alt kategori: Digital Airflow Control Valves | Menşei: AE | Durum: Active,true
H.HVB-SDB1.8H-C0,"7""VAVBox,w/oCtrl,withHeaterInsert",Genel,Honeywell,H.HVB-SDB1.8H-C0,adet,USDTRY,372.55,0,0,20,,"7""VAVBox,w/oCtrl,withHeaterInsert",Grup: Common | Durum: New,true
H.HVB-SDB1.8H-C2,"7""VAVBox,w.PVB4022AS-E,withHeaterInsert",Genel,Honeywell,H.HVB-SDB1.8H-C2,adet,USDTRY,865.46,0,0,20,,"7""VAVBox,w.PVB4022AS-E,withHeaterInsert",Grup: Common | Menşei: AE | Durum: Active,true
H.HVB-SDB2.0A-C0,"8"" VAVBox, embedded w/o controller",Genel,Honeywell,H.HVB-SDB2.0A-C0,adet,USDTRY,305.00,0,0,20,,"8"" VAVBox, embedded w/o controller",Grup: Common | Menşei: AE | Durum: Active,true
H.HVB-SDB2.0A-C1,"8"" VAVBox, embedded w. PVB0000AS-E",Airflow Control Valves,Honeywell,H.HVB-SDB2.0A-C1,adet,USDTRY,650.00,0,0,20,,"8"" VAVBox, embedded w. PVB0000AS-E",Grup: Common | Alt kategori: Digital Airflow Control Valves | Menşei: AE | Durum: Active,true
H.HVB-SDB2.0A-C2,"8"" VAVBox, embedded w. PVB4022AS-E",Airflow Control Valves,Honeywell,H.HVB-SDB2.0A-C2,adet,USDTRY,696.18,0,0,20,,"8"" VAVBox, embedded w. PVB4022AS-E",Grup: Common | Alt kategori: Digital Airflow Control Valves | Menşei: AE | Durum: Active,true
H.HVB-SDB2.0H-C0,"8""VAVBox,w/oCtrl,withHeaterInsert",Genel,Honeywell,H.HVB-SDB2.0H-C0,adet,USDTRY,377.21,0,0,20,,"8""VAVBox,w/oCtrl,withHeaterInsert",Grup: Common | Durum: New,true
H.HVB-SDB2.0H-C2,"8""VAVBox,w.PVB4022AS-E,withHeaterInsert",Airflow Control Valves,Honeywell,H.HVB-SDB2.0H-C2,adet,USDTRY,870.12,0,0,20,,"8""VAVBox,w.PVB4022AS-E,withHeaterInsert",Grup: Common | Alt kategori: Digital Airflow Control Valves | Menşei: AE | Durum: Active,true
H.HVB-SDB2.2A-C0,"9"" VAVBox, embedded w/o controller",Genel,Honeywell,H.HVB-SDB2.2A-C0,adet,USDTRY,342.33,0,0,20,,"9"" VAVBox, embedded w/o controller",Grup: Common | Menşei: AE | Durum: Active,true
H.HVB-SDB2.2A-C1,"9"" VAVBox, embedded w. PVB0000AS-E",Airflow Control Valves,Honeywell,H.HVB-SDB2.2A-C1,adet,USDTRY,690.00,0,0,20,,"9"" VAVBox, embedded w. PVB0000AS-E",Grup: Common | Alt kategori: Digital Airflow Control Valves | Menşei: AE | Durum: Active,true
H.HVB-SDB2.2A-C2,"9"" VAVBox, embedded w. PVB4022AS-E",Airflow Control Valves,Honeywell,H.HVB-SDB2.2A-C2,adet,USDTRY,733.83,0,0,20,,"9"" VAVBox, embedded w. PVB4022AS-E",Grup: Common | Alt kategori: Digital Airflow Control Valves | Menşei: AE | Durum: Active,true
H.HVB-SDB2.2H-C0,"9""VAVBox,w/oCtrl,withHeaterInsert",Genel,Honeywell,H.HVB-SDB2.2H-C0,adet,USDTRY,425.00,0,0,20,,"9""VAVBox,w/oCtrl,withHeaterInsert",Grup: Common | Durum: New,true
H.HVB-SDB2.2H-C2,"9""VAVBox,w.PVB4022AS-E,withHeaterInsert",Airflow Control Valves,Honeywell,H.HVB-SDB2.2H-C2,adet,USDTRY,920.00,0,0,20,,"9""VAVBox,w.PVB4022AS-E,withHeaterInsert",Grup: Common | Alt kategori: Digital Airflow Control Valves | Menşei: AE | Durum: Active,true
H.HVB-SDB2.5A-C0,"10"" VAVBox, embedded w/o controller",Genel,Honeywell,H.HVB-SDB2.5A-C0,adet,USDTRY,346.10,0,0,20,,"10"" VAVBox, embedded w/o controller",Grup: Common | Menşei: AE | Durum: Active,true
H.HVB-SDB2.5A-C1,"10"" VAVBox, embedded w. PVB0000AS-E",Airflow Control Valves,Honeywell,H.HVB-SDB2.5A-C1,adet,USDTRY,691.19,0,0,20,,"10"" VAVBox, embedded w. PVB0000AS-E",Grup: Common | Alt kategori: Digital Airflow Control Valves | Menşei: AE | Durum: Active,true
H.HVB-SDB2.5A-C2,"10"" VAVBox, embedded w. PVB4022AS-E",Airflow Control Valves,Honeywell,H.HVB-SDB2.5A-C2,adet,USDTRY,740.00,0,0,20,,"10"" VAVBox, embedded w. PVB4022AS-E",Grup: Common | Alt kategori: Digital Airflow Control Valves | Menşei: AE | Durum: Active,true
H.HVB-SDB2.5H-C0,"10""VAVBox,w/oCtrl,withHeaterInsert",Genel,Honeywell,H.HVB-SDB2.5H-C0,adet,USDTRY,430.00,0,0,20,,"10""VAVBox,w/oCtrl,withHeaterInsert",Grup: Common | Durum: New,true
H.HVB-SDB2.5H-C2,"10""VAVBox,w.PVB4022AS-E,withHeaterInsert",Airflow Control Valves,Honeywell,H.HVB-SDB2.5H-C2,adet,USDTRY,921.41,0,0,20,,"10""VAVBox,w.PVB4022AS-E,withHeaterInsert",Grup: Common | Alt kategori: Digital Airflow Control Valves | Menşei: AE | Durum: Active,true
H.HVB-SDB2.8A-C0,"12"" VAVBox, embedded w/o controller",Genel,Honeywell,H.HVB-SDB2.8A-C0,adet,USDTRY,372.45,0,0,20,,"12"" VAVBox, embedded w/o controller",Grup: Common | Menşei: AE | Durum: Active,true
H.HVB-SDB2.8A-C1,"12"" VAVBox, embedded w. PVB0000AS-E",Airflow Control Valves,Honeywell,H.HVB-SDB2.8A-C1,adet,USDTRY,720.00,0,0,20,,"12"" VAVBox, embedded w. PVB0000AS-E",Grup: Common | Alt kategori: Digital Airflow Control Valves | Menşei: AE | Durum: Active,true
H.HVB-SDB2.8A-C2,"12"" VAVBox, embedded w. PVB4022AS-E",Airflow Control Valves,Honeywell,H.HVB-SDB2.8A-C2,adet,USDTRY,763.96,0,0,20,,"12"" VAVBox, embedded w. PVB4022AS-E",Grup: Common | Alt kategori: Digital Airflow Control Valves | Menşei: AE | Durum: Active,true
H.HVB-SDB2.8H-C0,"12""VAVBox,w/oCtrl,withHeaterInsert",Genel,Honeywell,H.HVB-SDB2.8H-C0,adet,USDTRY,461.13,0,0,20,,"12""VAVBox,w/oCtrl,withHeaterInsert",Grup: Common | Durum: New,true
H.HVB-SDB2.8H-C2,"12""VAVBox,w.PVB4022AS-E,withHeaterInsert",Genel,Honeywell,H.HVB-SDB2.8H-C2,adet,USDTRY,954.04,0,0,20,,"12""VAVBox,w.PVB4022AS-E,withHeaterInsert",Grup: Common | Menşei: AE | Durum: Active,true
H.HVB-SDB3.6A-C0,"14"" VAVBox, embedded w/o controller",Genel,Honeywell,H.HVB-SDB3.6A-C0,adet,USDTRY,415.00,0,0,20,,"14"" VAVBox, embedded w/o controller",Grup: Common | Menşei: AE | Durum: Active,true
H.HVB-SDB3.6A-C1,"14"" VAVBox, embedded w. PVB0000AS-E",Airflow Control Valves,Honeywell,H.HVB-SDB3.6A-C1,adet,USDTRY,760.00,0,0,20,,"14"" VAVBox, embedded w. PVB0000AS-E",Grup: Common | Alt kategori: Digital Airflow Control Valves | Menşei: AE | Durum: Active,true
H.HVB-SDB3.6A-C2,"14"" VAVBox, embedded w. PVB4022AS-E",Genel,Honeywell,H.HVB-SDB3.6A-C2,adet,USDTRY,805.38,0,0,20,,"14"" VAVBox, embedded w. PVB4022AS-E",Grup: Common | Menşei: AE | Durum: Active,true
H.HVB-SDB3.6H-C0,"14""VAVBox,w/oCtrl,withHeaterInsert",Genel,Honeywell,H.HVB-SDB3.6H-C0,adet,USDTRY,512.42,0,0,20,,"14""VAVBox,w/oCtrl,withHeaterInsert",Grup: Common | Durum: New,true
H.HVB-SDB3.6H-C2,"14""VAVBox,w.PVB4022AS-E,withHeaterInsert",Airflow Control Valves,Honeywell,H.HVB-SDB3.6H-C2,adet,USDTRY,1010.00,0,0,20,,"14""VAVBox,w.PVB4022AS-E,withHeaterInsert",Grup: Common | Alt kategori: Digital Airflow Control Valves | Menşei: AE | Durum: Active,true
H.HVB-SDB4.0A-C0,"16"" VAVBox, embedded w/o controller",Genel,Honeywell,H.HVB-SDB4.0A-C0,adet,USDTRY,460.00,0,0,20,,"16"" VAVBox, embedded w/o controller",Grup: Common | Menşei: AE | Durum: Active,true
H.HVB-SDB4.0A-C1,"16"" VAVBox, embedded w. PVB0000AS-E",Airflow Control Valves,Honeywell,H.HVB-SDB4.0A-C1,adet,USDTRY,804.15,0,0,20,,"16"" VAVBox, embedded w. PVB0000AS-E",Grup: Common | Alt kategori: Digital Airflow Control Valves | Menşei: AE | Durum: Active,true
H.HVB-SDB4.0A-C2,"16"" VAVBox, embedded w. PVB4022AS-E",Genel,Honeywell,H.HVB-SDB4.0A-C2,adet,USDTRY,850.57,0,0,20,,"16"" VAVBox, embedded w. PVB4022AS-E",Grup: Common | Menşei: AE | Durum: Active,true
H.HVB-SDB4.0H-C0,"16""VAVBox,w/oCtrl,withHeaterInsert",Genel,Honeywell,H.HVB-SDB4.0H-C0,adet,USDTRY,570.00,0,0,20,,"16""VAVBox,w/oCtrl,withHeaterInsert",Grup: Common | Durum: New,true
H.HVB-SDB4.0H-C2,"16""VAVBox,w.PVB4022AS-E,withHeaterInsert",Airflow Control Valves,Honeywell,H.HVB-SDB4.0H-C2,adet,USDTRY,1061.27,0,0,20,,"16""VAVBox,w.PVB4022AS-E,withHeaterInsert",Grup: Common | Alt kategori: Digital Airflow Control Valves | Menşei: AE | Durum: Active,true
HMI-07C11WL0,"HMI, 7in, Capacitive, HTML5",Genel,Honeywell,HMI-07C11WL0,adet,USDTRY,1154.00,0,0,20,,"HMI, 7in, Capacitive, HTML5",Grup: Common | Durum: New,true
HMI-10C11WL0,"HMI, 10in, Capacitive, HTML5",Genel,Honeywell,HMI-10C11WL0,adet,USDTRY,1547.00,0,0,20,,"HMI, 10in, Capacitive, HTML5",Grup: Common | Durum: New,true
HMI-15C11WL0,"HMI, 15in, Capacitive, HTML5",Genel,Honeywell,HMI-15C11WL0,adet,USDTRY,2295.00,0,0,20,,"HMI, 15in, Capacitive, HTML5",Grup: Common | Durum: New,true
HVB-SDB1.2A,Single Duct VAVBox 5”(124 mm) Inlet SDB,Genel,Honeywell,HVB-SDB1.2A,adet,USDTRY,323.09,0,0,20,,Single Duct VAVBox 5”(124 mm) Inlet SDB,Grup: Common | Durum: Active,true
HVB-SDB1.2A-C1,"Single Duct VAVBox W/C,5”(124mm)Inlet,SD",Genel,Honeywell,HVB-SDB1.2A-C1,adet,USDTRY,620.00,0,0,20,,"Single Duct VAVBox W/C,5”(124mm)Inlet,SD",Grup: Common | Durum: Active,true
HVB-SDB1.4A,Single Duct VAVBox 6”(149 mm) Inlet SDB,Genel,Honeywell,HVB-SDB1.4A,adet,USDTRY,302.11,0,0,20,,Single Duct VAVBox 6”(149 mm) Inlet SDB,Grup: Common | Durum: Active,true
HVB-SDB1.4A-C1,"Single Duct VAVBox W/C,6”(149mm)Inlet,SD",Genel,Honeywell,HVB-SDB1.4A-C1,adet,USDTRY,576.95,0,0,20,,"Single Duct VAVBox W/C,6”(149mm)Inlet,SD",Grup: Common | Durum: Active,true
HVB-SDB1.8A,SINGLE DUCT VAVBOX,Genel,Honeywell,HVB-SDB1.8A,adet,USDTRY,380.00,0,0,20,,SINGLE DUCT VAVBOX,Grup: Common | Durum: Active,true
HVB-SDB1.8A-C1,"Single Duct VAVBox W/C,7”(175mm)Inlet,SD",Genel,Honeywell,HVB-SDB1.8A-C1,adet,USDTRY,630.00,0,0,20,,"Single Duct VAVBox W/C,7”(175mm)Inlet,SD",Grup: Common | Durum: Active,true
HVB-SDB2.0A-C1,Single Duct VAVBox W/C 8”(200mm)Inlet SD,Genel,Honeywell,HVB-SDB2.0A-C1,adet,USDTRY,640.00,0,0,20,,Single Duct VAVBox W/C 8”(200mm)Inlet SD,Grup: Common | Durum: Active,true
HVB-SDB2.2A,SINGLE DUCT VAVBOX,Genel,Honeywell,HVB-SDB2.2A,adet,USDTRY,410.00,0,0,20,,SINGLE DUCT VAVBOX,Grup: Common | Durum: Active,true
HVB-SDB2.2A-C1,Single Duct VAVBox W/C 9”(226mm)Inlet SD,Genel,Honeywell,HVB-SDB2.2A-C1,adet,USDTRY,660.87,0,0,20,,Single Duct VAVBox W/C 9”(226mm)Inlet SD,Grup: Common | Durum: Active,true
HVB-SDB2.5A-C1,Single Duct VAVBox W/C10”(251mm)Inlet SD,Genel,Honeywell,HVB-SDB2.5A-C1,adet,USDTRY,671.36,0,0,20,,Single Duct VAVBox W/C10”(251mm)Inlet SD,Grup: Common | Durum: Active,true
HVB-SDB2.8A,Single Duct VAVBox 12”(302mm) Inlet SDB,Genel,Honeywell,HVB-SDB2.8A,adet,USDTRY,416.45,0,0,20,,Single Duct VAVBox 12”(302mm) Inlet SDB,Grup: Common | Durum: Active,true
HVB-SDB2.8A-C1,Single Duct VAVBox W/C12”(302mm)Inlet SD,Genel,Honeywell,HVB-SDB2.8A-C1,adet,USDTRY,702.83,0,0,20,,Single Duct VAVBox W/C12”(302mm)Inlet SD,Grup: Common | Durum: Active,true
HVB-SDB3.6A,"Single Duct VAV Box, 14""(352mm)Inlet,SD",Genel,Honeywell,HVB-SDB3.6A,adet,USDTRY,450.02,0,0,20,,"Single Duct VAV Box, 14""(352mm)Inlet,SD",Grup: Common | Durum: Active,true
HVB-SDB3.6A-C1,"Single Duct VAVBox W/C14""(352mm)Inlet SD",Genel,Honeywell,HVB-SDB3.6A-C1,adet,USDTRY,744.79,0,0,20,,"Single Duct VAVBox W/C14""(352mm)Inlet SD",Grup: Common | Durum: Active,true
HVB-SDB4.0A-C1,"Single Duct VAVBox W/C16""(403mm)Inlet SD",Genel,Honeywell,HVB-SDB4.0A-C1,adet,USDTRY,790.00,0,0,20,,"Single Duct VAVBox W/C16""(403mm)Inlet SD",Grup: Common | Durum: Active,true
0902818,"VALVE INSERT COMPL. DN20 KVS2,5",Genel,Honeywell,0902818,adet,USDTRY,100.59,0,0,20,,"VALVE INSERT COMPL. DN20 KVS2,5",Grup: Field Devices | Menşei: DE | Durum: Active,true
14004406-120/U,"COVER 15-30 DEG.C. 1 SCALE TP970,971,93",Actuators,Honeywell,14004406-120/U,adet,USDTRY,62.22,0,0,20,,"COVER 15-30 DEG.C. 1 SCALE TP970,971,93",Grup: Field Devices | Alt kategori: Pneumatic actuators | Menşei: US | Durum: Active,true
205649/U,ANTI-ROTATION BRACKET MDSE,Actuators,Honeywell,205649/U,adet,USDTRY,7.60,0,0,20,,ANTI-ROTATION BRACKET MDSE,Grup: Field Devices | Alt kategori: Actuator accessories | Menşei: MX | Durum: Active,true
220738A/U,ADAPTOR BRACKET,Actuators,Honeywell,220738A/U,adet,USDTRY,53.00,0,0,20,,ADAPTOR BRACKET,Grup: Field Devices | Alt kategori: Rotary Actuators | Menşei: US | Durum: Active,true
221455A/U,CRANK ARMS FOR MOD4 MOTOR,Genel,Honeywell,221455A/U,adet,USDTRY,57.04,0,0,20,,CRANK ARMS FOR MOD4 MOTOR,Grup: Field Devices | Menşei: MX | Durum: Active,true
32003036-001/U,WEATHERPROOF ENCLOSURE FOR ACTUATORS,Genel,Honeywell,32003036-001/U,adet,USDTRY,401.32,0,0,20,,WEATHERPROOF ENCLOSURE FOR ACTUATORS,Grup: Field Devices | Menşei: US | Durum: Active,true
32003532-005/U,DUAL AUX SWITCH PKG FOR HT APPLICATIONS,Actuators,Honeywell,32003532-005/U,adet,USDTRY,142.60,0,0,20,,DUAL AUX SWITCH PKG FOR HT APPLICATIONS,Grup: Field Devices | Alt kategori: Actuator accessories | Menşei: MX | Durum: Phase Out Inprogress,false
32004254-002/U,SELF CENTERING SHAFT ADAPTOR,Actuators,Honeywell,32004254-002/U,adet,USDTRY,30.07,0,0,20,,SELF CENTERING SHAFT ADAPTOR,Grup: Field Devices | Alt kategori: Actuator accessories | Menşei: MX | Durum: Active,true
40761555,4 inch well,Genel,Honeywell,40761555,adet,USDTRY,70.52,0,0,20,,4 inch well,Grup: Field Devices | Menşei: TW | Durum: Active,true
42009287AP,Power Supply Assy,Genel,Honeywell,42009287AP,adet,USDTRY,161.77,0,0,20,,Power Supply Assy,Grup: Field Devices | Menşei: CN | Durum: Active,true
43191680-005,AUXILIARY SWITCH FOR CREVAL,Genel,Honeywell,43191680-005,adet,USDTRY,222.95,0,0,20,,AUXILIARY SWITCH FOR CREVAL,Grup: Field Devices | Menşei: HU | Durum: Active,true
43196000-001,HIGH TEMP.KIT 1/4 ZOLL,Actuators,Honeywell,43196000-001,adet,USDTRY,250.95,0,0,20,,HIGH TEMP.KIT 1/4 ZOLL,Grup: Field Devices | Alt kategori: Actuator accessories | Menşei: DE | Durum: Active,true
43196000-002,HIGH TEMP.KIT 10MM,Actuators,Honeywell,43196000-002,adet,USDTRY,266.51,0,0,20,,HIGH TEMP.KIT 10MM,Grup: Field Devices | Alt kategori: Actuator accessories | Menşei: DE | Durum: Active,true
50001774-001/U,5 IN.STLSS STL IMMERSION WELL-C7041D2001,Sensors and Wall Modules,Honeywell,50001774-001/U,adet,USDTRY,48.22,0,0,20,,5 IN.STLSS STL IMMERSION WELL-C7041D2001,Grup: Field Devices | Alt kategori: Equipment Sensors | Menşei: US | Durum: Active,true
50014156-002/U,REMOTE SENSOR,Genel,Honeywell,50014156-002/U,adet,USDTRY,50.29,0,0,20,,REMOTE SENSOR,Grup: Field Devices | Menşei: CN | Durum: Active,true
50014157-001/U,REMOTE SENSOR,Genel,Honeywell,50014157-001/U,adet,USDTRY,47.18,0,0,20,,REMOTE SENSOR,Grup: Field Devices | Menşei: CN | Durum: Active,true
50017460-001/U,50004263-001 230-120-24/24V TRANSFORMER,Actuators,Honeywell,50017460-001/U,adet,USDTRY,45.63,0,0,20,,50004263-001 230-120-24/24V TRANSFORMER,Grup: Field Devices | Alt kategori: Actuator accessories | Menşei: CN | Durum: Active,true
50021579-001/U,"PT1000 STANDARD TEMP PROBE,FOR T775",Sensors and Wall Modules,Honeywell,50021579-001/U,adet,USDTRY,67.41,0,0,20,,"PT1000 STANDARD TEMP PROBE,FOR T775",Grup: Field Devices | Alt kategori: Equipment Sensors | Menşei: US | Durum: Active,true
50046096-001,REMOTE SENSOR PACK FOR HALO 10 OFF,Thermostats,Honeywell,50046096-001,adet,USDTRY,77.45,0,0,20,,REMOTE SENSOR PACK FOR HALO 10 OFF,Grup: Field Devices | Alt kategori: Thermostat Other | Menşei: CN | Durum: Active,true
5112-11/U,REPLACEMENT ACTUATOR MOUNTING KIT,Valves,Honeywell,5112-11/U,adet,USDTRY,121.33,0,0,20,,REPLACEMENT ACTUATOR MOUNTING KIT,Grup: Field Devices | Alt kategori: Valve accessories | Menşei: TW | Durum: Active,true
AC-15FT,VACC/15FT,Genel,Honeywell,AC-15FT,adet,USDTRY,9.54,0,0,20,,VACC/15FT,Grup: Field Devices | Menşei: DE | Durum: Active,true
AC-20FS,SOLDERING CONNECTION SET,Genel,Honeywell,AC-20FS,adet,USDTRY,12.94,0,0,20,,SOLDERING CONNECTION SET,Grup: Field Devices | Menşei: DE | Durum: Phase Out Inprogress,false
AC-20FT,VACC/20FT,Actuators,Honeywell,AC-20FT,adet,USDTRY,9.23,0,0,20,,VACC/20FT,Grup: Field Devices | Alt kategori: Actuator accessories | Menşei: DE | Durum: Active,true
AC-20TF,THREADENED CONNECTION SET,Valves,Honeywell,AC-20TF,adet,USDTRY,22.81,0,0,20,,THREADENED CONNECTION SET,Grup: Field Devices | Alt kategori: Valve accessories | Menşei: DE | Durum: Active,true
AC-25T,THREADENED CONNECTION SET,Actuators,Honeywell,AC-25T,adet,USDTRY,31.11,0,0,20,,THREADENED CONNECTION SET,Grup: Field Devices | Alt kategori: Actuator accessories | Menşei: DE | Durum: Active,true
AC-25TF,THREADENED CONNECTION SET,Actuators,Honeywell,AC-25TF,adet,USDTRY,25.00,0,0,20,,THREADENED CONNECTION SET,Grup: Field Devices | Alt kategori: Actuator accessories | Menşei: DE | Durum: Active,true
AC-32T,THREADENED CONNECTION SET,Actuators,Honeywell,AC-32T,adet,USDTRY,59.11,0,0,20,,THREADENED CONNECTION SET,Grup: Field Devices | Alt kategori: Actuator accessories | Menşei: DE | Durum: Active,true
AC-32TF,THREADENED CONNECTION SET,Actuators,Honeywell,AC-32TF,adet,USDTRY,48.74,0,0,20,,THREADENED CONNECTION SET,Grup: Field Devices | Alt kategori: Actuator accessories | Menşei: DE | Durum: Active,true
AC-40TF,THREADENED CONNECTION SET,Actuators,Honeywell,AC-40TF,adet,USDTRY,55.00,0,0,20,,THREADENED CONNECTION SET,Grup: Field Devices | Alt kategori: Actuator accessories | Menşei: DE | Durum: Active,true
AC-50TF,THREADENED CONNECTION SET,Valves,Honeywell,AC-50TF,adet,USDTRY,81.00,0,0,20,,THREADENED CONNECTION SET,Grup: Field Devices | Alt kategori: Valve accessories | Menşei: DE | Durum: Active,true
ACN-20T,VACC/20TN,Genel,Honeywell,ACN-20T,adet,USDTRY,6.33,0,0,20,,VACC/20TN,Grup: Field Devices | Menşei: DE | Durum: Active,true
ACS-15T,THREADED CONNECTION SET,Genel,Honeywell,ACS-15T,adet,USDTRY,12.50,0,0,20,,THREADED CONNECTION SET,Grup: Field Devices | Menşei: DE | Durum: Active,true
ACS-20T,EXT. THREAD CONNECTION DN20,Genel,Honeywell,ACS-20T,adet,USDTRY,14.52,0,0,20,,EXT. THREAD CONNECTION DN20,Grup: Field Devices | Menşei: DE | Durum: Active,true
ACS-25T,THREADET CONNECTION SET,Genel,Honeywell,ACS-25T,adet,USDTRY,23.59,0,0,20,,THREADET CONNECTION SET,Grup: Field Devices | Menşei: DE | Durum: Active,true
AF10-B65,"Outdoor sensor, NTC10k, IP65",Sensors and Wall Modules,Honeywell,AF10-B65,adet,USDTRY,57.03,0,0,20,,"Outdoor sensor, NTC10k, IP65",Grup: Field Devices | Alt kategori: Comfort Sensors | Menşei: NL | Durum: Active,true
AF20-B65,"OUTDOOR SENSOR NTC20K, IP65",Sensors and Wall Modules,Honeywell,AF20-B65,adet,USDTRY,67.41,0,0,20,,"OUTDOOR SENSOR NTC20K, IP65",Grup: Field Devices | Alt kategori: Comfort Sensors | Menşei: NL | Durum: Active,true
AGF1,FLUE GAS PT1000 SENSOR,Sensors and Wall Modules,Honeywell,AGF1,adet,USDTRY,522.10,0,0,20,,FLUE GAS PT1000 SENSOR,Grup: Field Devices | Alt kategori: Sensors Miscellaneous | Menşei: DE | Durum: Phase Out Inprogress,false
APM201-ENG-BAC-STL,APM2 BAC (±24.8PA & ±0.5%)SBS FP & 2PP,Sensors and Wall Modules,Honeywell,APM201-ENG-BAC-STL,adet,USDTRY,4450.00,0,0,20,,APM2 BAC (±24.8PA & ±0.5%)SBS FP & 2PP,Grup: Field Devices | Alt kategori: Pressure Sensor | Menşei: US | Durum: Active,true
APM201-ENG-BACSTL.,"APM2 BAC (±24.8Pa & ±0.5%),SBS FP & 2PP.",Genel,Honeywell,APM201-ENG-BACSTL.,adet,USDTRY,772.50,0,0,20,,"APM2 BAC (±24.8Pa & ±0.5%),SBS FP & 2PP.",Grup: Field Devices | Menşei: US | Durum: Active,true
APM203-ENG-BAC-STL,APM2 BAC (±62.2PA & ±0.5%)SBS FP & 2PP,Sensors and Wall Modules,Honeywell,APM203-ENG-BAC-STL,adet,USDTRY,4327.12,0,0,20,,APM2 BAC (±62.2PA & ±0.5%)SBS FP & 2PP,Grup: Field Devices | Alt kategori: Pressure Sensor | Menşei: US | Durum: Active,true
APM231-ENG-BAC-STL,APM2 BAC (±12.45PA & ±0.25%)SBS FP & 2PP,Sensors and Wall Modules,Honeywell,APM231-ENG-BAC-STL,adet,USDTRY,4375.00,0,0,20,,APM2 BAC (±12.45PA & ±0.25%)SBS FP & 2PP,Grup: Field Devices | Alt kategori: Pressure Sensor | Menşei: US | Durum: Active,true
APM233-ENG-BAC-STL,APM2 BAC (±24.8PA & ±0.25%)SBS FP & 2PP,Sensors and Wall Modules,Honeywell,APM233-ENG-BAC-STL,adet,USDTRY,4375.00,0,0,20,,APM2 BAC (±24.8PA & ±0.25%)SBS FP & 2PP,Grup: Field Devices | Alt kategori: Pressure Sensor | Menşei: US | Durum: Active,true
APM2AC-F01,"264 PRESS TRANSDUCER, 0-5V (±24.08PA & ±",Sensors and Wall Modules,Honeywell,APM2AC-F01,adet,USDTRY,521.35,0,0,20,,"264 PRESS TRANSDUCER, 0-5V (±24.08PA & ±",Grup: Field Devices | Alt kategori: Pressure Sensor | Menşei: US | Durum: Active,true
APM2AC-F03,"264 PRESS TRANSDUCER, 0-5V (±62.2PA & ±1",Sensors and Wall Modules,Honeywell,APM2AC-F03,adet,USDTRY,521.35,0,0,20,,"264 PRESS TRANSDUCER, 0-5V (±62.2PA & ±1",Grup: Field Devices | Alt kategori: Pressure Sensor | Menşei: US | Durum: Active,true
APM2AC-F21,"264 PRESS TRANSDUCER, 0-5V (±24.08PA & ±",Genel,Honeywell,APM2AC-F21,adet,USDTRY,820.00,0,0,20,,"264 PRESS TRANSDUCER, 0-5V (±24.08PA & ±",Grup: Field Devices | Menşei: US | Durum: Active,true
APM2AC-F23,"264 PRESS TRANSDUCER, 0-5V (±62.2PA & ±0",Genel,Honeywell,APM2AC-F23,adet,USDTRY,820.00,0,0,20,,"264 PRESS TRANSDUCER, 0-5V (±62.2PA & ±0",Grup: Field Devices | Menşei: US | Durum: Active,true
APM2AC-F41,"264 PRESS TRANSDUCER, 0-5V (±24.08PA & ±",Genel,Honeywell,APM2AC-F41,adet,USDTRY,954.59,0,0,20,,"264 PRESS TRANSDUCER, 0-5V (±24.08PA & ±",Grup: Field Devices | Menşei: US | Durum: Active,true
APM2AC-F43,"264 PRESS TRANSDUCER, 0-5V (±62.2PA & ±0",Genel,Honeywell,APM2AC-F43,adet,USDTRY,954.59,0,0,20,,"264 PRESS TRANSDUCER, 0-5V (±62.2PA & ±0",Grup: Field Devices | Menşei: US | Durum: Active,true
AQS71-KAM-T,AIR DUCT CO2 AND TEMPERATURE TRANSMITTER,Sensors and Wall Modules,Honeywell,AQS71-KAM-T,adet,USDTRY,1480.00,0,0,20,,AIR DUCT CO2 AND TEMPERATURE TRANSMITTER,Grup: Field Devices | Alt kategori: Air Quality Sensors | Menşei: NL | Durum: Active,true
AQS-KAM-00,Air duct temperature&CO2 Pt1000 sensor,Genel,Honeywell,AQS-KAM-00,adet,USDTRY,964.41,0,0,20,,Air duct temperature&CO2 Pt1000 sensor,Grup: Field Devices | Menşei: AT | Durum: Active,true
AQS-KAM-10,Air duct temperature&CO2 NTC10k sensor,Sensors and Wall Modules,Honeywell,AQS-KAM-10,adet,USDTRY,954.04,0,0,20,,Air duct temperature&CO2 NTC10k sensor,Grup: Field Devices | Alt kategori: Air Quality Sensors | Menşei: AT | Durum: Active,true
AQS-KAM-20,Air duct temperature&CO2 NTC20k sensor,Sensors and Wall Modules,Honeywell,AQS-KAM-20,adet,USDTRY,1010.00,0,0,20,,Air duct temperature&CO2 NTC20k sensor,Grup: Field Devices | Alt kategori: Air Quality Sensors | Menşei: AT | Durum: Active,true
AQS-KAM-RH-V,Air duct temperature&RH and CO2 sensor,Sensors and Wall Modules,Honeywell,AQS-KAM-RH-V,adet,USDTRY,1230.00,0,0,20,,Air duct temperature&RH and CO2 sensor,Grup: Field Devices | Alt kategori: Comfort Sensors | Menşei: AT | Durum: Active,true
AS2,AUXILIARY SWITCHES F. M6422L1003,Actuators,Honeywell,AS2,adet,USDTRY,346.36,0,0,20,,AUXILIARY SWITCHES F. M6422L1003,Grup: Field Devices | Alt kategori: Actuator accessories | Menşei: DE | Durum: Active,true
ASW454/24,EVALUATION UNIT,Sensors and Wall Modules,Honeywell,ASW454/24,adet,USDTRY,611.83,0,0,20,,EVALUATION UNIT,Grup: Field Devices | Alt kategori: Sensors Miscellaneous | Menşei: DE | Durum: Active,true
AV-R-10,"AIR VELOC TRAN, REMOTE, 200 MM,  0-20MPS",Sensors and Wall Modules,Honeywell,AV-R-10,adet,USDTRY,790.00,0,0,20,,"AIR VELOC TRAN, REMOTE, 200 MM,  0-20MPS",Grup: Field Devices | Alt kategori: Equipment Sensors | Menşei: AT | Durum: Active,true
BA-HIPL-PN16-015,"Manual Ball Valve,PN16, DN15 1/2"" int FP",Genel,Honeywell,BA-HIPL-PN16-015,adet,USDTRY,15.00,0,0,20,,"Manual Ball Valve,PN16, DN15 1/2"" int FP",Grup: Field Devices | Menşei: CN | Durum: Phase Out Inprogress,false
BA-HIPL-PN16-020,"Manual Ball Valve,PN16, DN20 3/4"" int FP",Genel,Honeywell,BA-HIPL-PN16-020,adet,USDTRY,20.12,0,0,20,,"Manual Ball Valve,PN16, DN20 3/4"" int FP",Grup: Field Devices | Menşei: CN | Durum: Phase Out Inprogress,false
BF-HLC4PN16-0080-2,"3""(DN80) MBV  CI Body SUS304Disk PN16 Lu",Genel,Honeywell,BF-HLC4PN16-0080-2,adet,USDTRY,99.00,0,0,20,,"3""(DN80) MBV  CI Body SUS304Disk PN16 Lu",Grup: Field Devices | Menşei: CN | Durum: Active,true
BF-HLC4PN16-0100-2,4” MBV CI Body SUS304 Disk PN16 Lug Conn,Genel,Honeywell,BF-HLC4PN16-0100-2,adet,USDTRY,147.25,0,0,20,,4” MBV CI Body SUS304 Disk PN16 Lug Conn,Grup: Field Devices | Menşei: CN | Durum: Active,true
BLV-Y01-PN16-050.,"Y type, CI Body, CI Bonnet, DN50",Genel,Honeywell,BLV-Y01-PN16-050.,adet,USDTRY,190.42,0,0,20,,"Y type, CI Body, CI Bonnet, DN50",Grup: Field Devices | Menşei: IN | Durum: Active,true
BLV-Y01-PN16-065.,"Y type, CI Body, CI Bonnet, DN65",Valves,Honeywell,BLV-Y01-PN16-065.,adet,USDTRY,235.95,0,0,20,,"Y type, CI Body, CI Bonnet, DN65",Grup: Field Devices | Alt kategori: Manual valves | Menşei: IN | Durum: Active,true
BLV-Y01-PN16-080.,"Y type, CI Body, CI Bonnet, DN80",Valves,Honeywell,BLV-Y01-PN16-080.,adet,USDTRY,242.11,0,0,20,,"Y type, CI Body, CI Bonnet, DN80",Grup: Field Devices | Alt kategori: Manual valves | Menşei: IN | Durum: Active,true
BLV-Y01-PN16-100.,"Y type, CI Body, CI Bonnet, DN100",Valves,Honeywell,BLV-Y01-PN16-100.,adet,USDTRY,365.25,0,0,20,,"Y type, CI Body, CI Bonnet, DN100",Grup: Field Devices | Alt kategori: Manual valves | Menşei: IN | Durum: Active,true
BLV-Y01-PN16-125.,"Y type, CI Body, CI Bonnet, DN125",Valves,Honeywell,BLV-Y01-PN16-125.,adet,USDTRY,447.55,0,0,20,,"Y type, CI Body, CI Bonnet, DN125",Grup: Field Devices | Alt kategori: Manual valves | Menşei: IN | Durum: Active,true
BLV-Y01-PN16-150.,"Y type, CI Body, CI Bonnet, DN150",Valves,Honeywell,BLV-Y01-PN16-150.,adet,USDTRY,791.03,0,0,20,,"Y type, CI Body, CI Bonnet, DN150",Grup: Field Devices | Alt kategori: Manual valves | Menşei: IN | Durum: Active,true
BLV-Y01-PN16-200.,"Y type, CI Body, CI Bonnet, DN200",Valves,Honeywell,BLV-Y01-PN16-200.,adet,USDTRY,1491.66,0,0,20,,"Y type, CI Body, CI Bonnet, DN200",Grup: Field Devices | Alt kategori: Manual valves | Menşei: IN | Durum: Active,true
BLV-Y01-PN16-250.,"Y type, CI Body, CI Bonnet, DN250",Genel,Honeywell,BLV-Y01-PN16-250.,adet,USDTRY,2205.86,0,0,20,,"Y type, CI Body, CI Bonnet, DN250",Grup: Field Devices | Menşei: IN | Durum: Active,true
BLV-Y01-PN16-300.,"Y type, CI Body, CI Bonnet, DN300",Genel,Honeywell,BLV-Y01-PN16-300.,adet,USDTRY,2584.36,0,0,20,,"Y type, CI Body, CI Bonnet, DN300",Grup: Field Devices | Menşei: IN | Durum: Active,true
BS-HWC4-PN16-0050.,"Manual Butterfly Valve,Wafer Type,DN50",Genel,Honeywell,BS-HWC4-PN16-0050.,adet,USDTRY,32.54,0,0,20,,"Manual Butterfly Valve,Wafer Type,DN50",Grup: Field Devices | Menşei: IN | Durum: Active,true
BS-HWC4-PN16-0065.,"Manual Butterfly Valve,Wafer Type,DN65",Valves,Honeywell,BS-HWC4-PN16-0065.,adet,USDTRY,37.54,0,0,20,,"Manual Butterfly Valve,Wafer Type,DN65",Grup: Field Devices | Alt kategori: Manual valves | Menşei: IN | Durum: Active,true
BS-HWC4-PN16-0080.,"Manual Butterfly Valve,Wafer Type,DN80",Valves,Honeywell,BS-HWC4-PN16-0080.,adet,USDTRY,43.00,0,0,20,,"Manual Butterfly Valve,Wafer Type,DN80",Grup: Field Devices | Alt kategori: Manual valves | Menşei: IN | Durum: Active,true
BS-HWC4-PN16-0100.,"Manual Butterfly Valve,Wafer Type,DN100",Valves,Honeywell,BS-HWC4-PN16-0100.,adet,USDTRY,54.25,0,0,20,,"Manual Butterfly Valve,Wafer Type,DN100",Grup: Field Devices | Alt kategori: Manual valves | Menşei: IN | Durum: Active,true
BS-HWC4-PN16-0125.,"Manual Butterfly Valve,Wafer Type,DN125",Valves,Honeywell,BS-HWC4-PN16-0125.,adet,USDTRY,66.00,0,0,20,,"Manual Butterfly Valve,Wafer Type,DN125",Grup: Field Devices | Alt kategori: Manual valves | Menşei: IN | Durum: Active,true
BS-HWC4-PN16-0150.,"Manual Butterfly Valve,Wafer Type,DN150",Valves,Honeywell,BS-HWC4-PN16-0150.,adet,USDTRY,75.55,0,0,20,,"Manual Butterfly Valve,Wafer Type,DN150",Grup: Field Devices | Alt kategori: Manual valves | Menşei: IN | Durum: Active,true
BS-HWC4-PN16-0200.,"Manual Butterfly Valve,Wafer Type,DN200",Valves,Honeywell,BS-HWC4-PN16-0200.,adet,USDTRY,135.00,0,0,20,,"Manual Butterfly Valve,Wafer Type,DN200",Grup: Field Devices | Alt kategori: Manual valves | Menşei: IN | Durum: Active,true
BS-HWC4-PN16-0250.,"Manual Butterfly Valve,Wafer Type,DN250",Valves,Honeywell,BS-HWC4-PN16-0250.,adet,USDTRY,211.49,0,0,20,,"Manual Butterfly Valve,Wafer Type,DN250",Grup: Field Devices | Alt kategori: Manual valves | Menşei: IN | Durum: Active,true
BS-HWC4-PN16-0300.,"Manual Butterfly Valve,Wafer Type,DN300",Valves,Honeywell,BS-HWC4-PN16-0300.,adet,USDTRY,255.00,0,0,20,,"Manual Butterfly Valve,Wafer Type,DN300",Grup: Field Devices | Alt kategori: Manual valves | Menşei: IN | Durum: Active,true
BS-MWC4-PN16-0350.,"Manual Butterfly Valve,Wafer Type,DN350",Genel,Honeywell,BS-MWC4-PN16-0350.,adet,USDTRY,770.00,0,0,20,,"Manual Butterfly Valve,Wafer Type,DN350",Grup: Field Devices | Menşei: IN | Durum: Active,true
BS-MWC4-PN16-0400.,"Manual Butterfly Valve,Wafer Type,DN400",Genel,Honeywell,BS-MWC4-PN16-0400.,adet,USDTRY,914.77,0,0,20,,"Manual Butterfly Valve,Wafer Type,DN400",Grup: Field Devices | Menşei: IN | Durum: Active,true
BS-MWC4-PN16-0450.,"Manual Butterfly Valve,Wafer Type,DN450",Genel,Honeywell,BS-MWC4-PN16-0450.,adet,USDTRY,1153.81,0,0,20,,"Manual Butterfly Valve,Wafer Type,DN450",Grup: Field Devices | Menşei: IN | Durum: Active,true
BS-MWC4-PN16-0500.,"Manual Butterfly Valve,Wafer Type,DN500",Genel,Honeywell,BS-MWC4-PN16-0500.,adet,USDTRY,1500.00,0,0,20,,"Manual Butterfly Valve,Wafer Type,DN500",Grup: Field Devices | Menşei: IN | Durum: Active,true
BS-MWC4-PN16-0600.,"Manual Butterfly Valve,Wafer Type,DN600",Genel,Honeywell,BS-MWC4-PN16-0600.,adet,USDTRY,2100.00,0,0,20,,"Manual Butterfly Valve,Wafer Type,DN600",Grup: Field Devices | Menşei: IN | Durum: Active,true
C6000A001,"CO TRANSMITTER, 4~20MA/2~10V OUTPUT",Sensors and Wall Modules,Honeywell,C6000A001,adet,USDTRY,302.45,0,0,20,,"CO TRANSMITTER, 4~20MA/2~10V OUTPUT",Grup: Field Devices | Alt kategori: Sensors Miscellaneous | Menşei: TW | Durum: Phase Out Inprogress,false
C7021B2013/U,"10K TYPE II DUCT TEMP SENSOR, 12 IN",Sensors and Wall Modules,Honeywell,C7021B2013/U,adet,USDTRY,46.15,0,0,20,,"10K TYPE II DUCT TEMP SENSOR, 12 IN",Grup: Field Devices | Alt kategori: Comfort Sensors | Menşei: DE | Durum: Active,true
C7031D2003/U,PT1000 5IN IMMERSION TEMPSENSOR(FORT775),Genel,Honeywell,C7031D2003/U,adet,USDTRY,220.00,0,0,20,,PT1000 5IN IMMERSION TEMPSENSOR(FORT775),Grup: Field Devices | Menşei: US | Durum: Active,true
C7041B2005/U,"20K  DUCT TEMP SENSOR, 6 IN.",Sensors and Wall Modules,Honeywell,C7041B2005/U,adet,USDTRY,40.00,0,0,20,,"20K  DUCT TEMP SENSOR, 6 IN.",Grup: Field Devices | Alt kategori: Comfort Sensors | Menşei: US | Durum: Active,true
C7041B2013/U,"20K  DUCT TEMP SENSOR,12 IN.",Sensors and Wall Modules,Honeywell,C7041B2013/U,adet,USDTRY,50.29,0,0,20,,"20K  DUCT TEMP SENSOR,12 IN.",Grup: Field Devices | Alt kategori: Comfort Sensors | Menşei: US | Durum: Active,true
C7041D2001/U,"20K  WATER TEMP SENSOR, 5 IN.INSERTION",Sensors and Wall Modules,Honeywell,C7041D2001/U,adet,USDTRY,44.07,0,0,20,,"20K  WATER TEMP SENSOR, 5 IN.INSERTION",Grup: Field Devices | Alt kategori: Equipment Sensors | Menşei: US | Durum: Active,true
C7041K2005/U,"20K  WATER TEMP SENSOR, STRAP ON",Sensors and Wall Modules,Honeywell,C7041K2005/U,adet,USDTRY,65.33,0,0,20,,"20K  WATER TEMP SENSOR, STRAP ON",Grup: Field Devices | Alt kategori: Equipment Sensors | Menşei: US | Durum: Active,true
C7085A1014,"AIR DUCT AVER. NTC20 SENSOR, 3M PROBE",Genel,Honeywell,C7085A1014,adet,USDTRY,320.00,0,0,20,,"AIR DUCT AVER. NTC20 SENSOR, 3M PROBE",Grup: Field Devices | Menşei: DE | Durum: Active,true
C7232A1016/U,"CO2 WALLSENSOR, 2-10VDC/ 0/4-20MA",Sensors and Wall Modules,Honeywell,C7232A1016/U,adet,USDTRY,800.00,0,0,20,,"CO2 WALLSENSOR, 2-10VDC/ 0/4-20MA",Grup: Field Devices | Alt kategori: Air Quality Sensors | Menşei: SE | Durum: Active,true
C7232A1024/U,"CO2WALLSENSOR,DISPLAY,2-10VDC/0/4-20MA",Sensors and Wall Modules,Honeywell,C7232A1024/U,adet,USDTRY,840.00,0,0,20,,"CO2WALLSENSOR,DISPLAY,2-10VDC/0/4-20MA",Grup: Field Devices | Alt kategori: Air Quality Sensors | Menşei: DE | Durum: Active,true
C7355A1050,"WALL MULTI-SENSOR, T-H-CO2-PM2.5-TVOC",Genel,Honeywell,C7355A1050,adet,USDTRY,3400.00,0,0,20,,"WALL MULTI-SENSOR, T-H-CO2-PM2.5-TVOC",Grup: Field Devices | Menşei: US | Durum: Active,true
C7355B1052,"UCT MULTI-SENSOR, T-H-CO2-PM2.5-TVOC",Genel,Honeywell,C7355B1052,adet,USDTRY,8000.00,0,0,20,,"UCT MULTI-SENSOR, T-H-CO2-PM2.5-TVOC",Grup: Field Devices | Menşei: US | Durum: Active,true
C7364A1016,"WALL TVOC SENSOR, NO DISPLAY",Sensors and Wall Modules,Honeywell,C7364A1016,adet,USDTRY,530.00,0,0,20,,"WALL TVOC SENSOR, NO DISPLAY",Grup: Field Devices | Alt kategori: Air Quality Sensors | Menşei: CA | Durum: Active,true
C7364B1014,"DUCT TVOC SENSOR, NO DISPLAY",Sensors and Wall Modules,Honeywell,C7364B1014,adet,USDTRY,694.79,0,0,20,,"DUCT TVOC SENSOR, NO DISPLAY",Grup: Field Devices | Alt kategori: Air Quality Sensors | Menşei: CA | Durum: Active,true
C7400A2001/U,ENTHALPY SENSOR,Sensors and Wall Modules,Honeywell,C7400A2001/U,adet,USDTRY,51.33,0,0,20,,ENTHALPY SENSOR,Grup: Field Devices | Alt kategori: Economizer Sensor | Menşei: MX | Durum: Active,true
C7600C2001/U,"HUMIDITY SENSOR, 5% RH, 4-20MA",Sensors and Wall Modules,Honeywell,C7600C2001/U,adet,USDTRY,122.37,0,0,20,,"HUMIDITY SENSOR, 5% RH, 4-20MA",Grup: Field Devices | Alt kategori: Comfort Sensors | Menşei: MX | Durum: Active,true
C7632A1004/U,"WALL CO2SENSOR W/DISPLAY,0-10VDC(FIXED)",Sensors and Wall Modules,Honeywell,C7632A1004/U,adet,USDTRY,550.00,0,0,20,,"WALL CO2SENSOR W/DISPLAY,0-10VDC(FIXED)",Grup: Field Devices | Alt kategori: Air Quality Sensors | Menşei: DE | Durum: Active,true
C7632B1002/U,"DUCT CO2 SENSOR, 0-10VDC (FIXED)",Genel,Honeywell,C7632B1002/U,adet,USDTRY,1070.00,0,0,20,,"DUCT CO2 SENSOR, 0-10VDC (FIXED)",Grup: Field Devices | Menşei: SE | Durum: Active,true
C7772A1012/U,"20K FLUSH WALL  TEMP SENSOR, W/ LOGO",Sensors and Wall Modules,Honeywell,C7772A1012/U,adet,USDTRY,43.04,0,0,20,,"20K FLUSH WALL  TEMP SENSOR, W/ LOGO",Grup: Field Devices | Alt kategori: Comfort Sensors | Menşei: US | Durum: Active,true
C8000D001,"CO2 Transmitter, Duct Mount, IP65,0-200",Sensors and Wall Modules,Honeywell,C8000D001,adet,USDTRY,385.25,0,0,20,,"CO2 Transmitter, Duct Mount, IP65,0-200",Grup: Field Devices | Alt kategori: Air Quality Sensors | Menşei: CN | Durum: Phase Out Inprogress,false
CN4605A1001,DCA 5 Nm,Actuators,Honeywell,CN4605A1001,adet,USDTRY,121.33,0,0,20,,DCA 5 Nm,Grup: Field Devices | Alt kategori: Rotary Actuators | Menşei: CN | Durum: Active,true
CN4610A1001,"10Nm, 230V, Floating control, Non-Spring",Actuators,Honeywell,CN4610A1001,adet,USDTRY,135.85,0,0,20,,"10Nm, 230V, Floating control, Non-Spring",Grup: Field Devices | Alt kategori: Rotary Actuators | Menşei: CN | Durum: Active,true
CN4620A1001,Damper Act 11.3 Nm,Actuators,Honeywell,CN4620A1001,adet,USDTRY,365.00,0,0,20,,Damper Act 11.3 Nm,Grup: Field Devices | Alt kategori: Rotary Actuators | Menşei: CN | Durum: Active,true
CN4634A1001,DAMPER ACTUATOR,Actuators,Honeywell,CN4634A1001,adet,USDTRY,325.62,0,0,20,,DAMPER ACTUATOR,Grup: Field Devices | Alt kategori: Rotary Actuators | Menşei: CN | Durum: Active,true
CN6105A1011,DAMPER ACTUATOR- FLOATING OR TWO,Actuators,Honeywell,CN6105A1011,adet,USDTRY,156.59,0,0,20,,DAMPER ACTUATOR- FLOATING OR TWO,Grup: Field Devices | Alt kategori: Rotary Actuators | Menşei: CN | Durum: Active,true
CN6110A1003,DAMPER ACTUATOR- FLOATING OR TWO,Actuators,Honeywell,CN6110A1003,adet,USDTRY,161.77,0,0,20,,DAMPER ACTUATOR- FLOATING OR TWO,Grup: Field Devices | Alt kategori: Rotary Actuators | Menşei: CN | Durum: Active,true
CN6110A1201,DAMPER ACTUATOR- FLOATING OR TWO,Actuators,Honeywell,CN6110A1201,adet,USDTRY,250.00,0,0,20,,DAMPER ACTUATOR- FLOATING OR TWO,Grup: Field Devices | Alt kategori: Rotary Actuators | Menşei: CN | Durum: Active,true
CN6120A1002,"20Nm,24Vac/Vdc, Floating control, NSR, n",Actuators,Honeywell,CN6120A1002,adet,USDTRY,270.00,0,0,20,,"20Nm,24Vac/Vdc, Floating control, NSR, n",Grup: Field Devices | Alt kategori: Rotary Actuators | Menşei: CN | Durum: Active,true
CN6134A1003,"34NM,24VAC, FLTNG CNTRL DCA, NSR, NO FDB",Actuators,Honeywell,CN6134A1003,adet,USDTRY,450.06,0,0,20,,"34NM,24VAC, FLTNG CNTRL DCA, NSR, NO FDB",Grup: Field Devices | Alt kategori: Rotary Actuators | Menşei: CN | Durum: Active,true
CN7210Q2108,"NSR DCA 10Nm,24V 20s runtime mod",Genel,Honeywell,CN7210Q2108,adet,USDTRY,325.00,0,0,20,,"NSR DCA 10Nm,24V 20s runtime mod",Grup: Field Devices | Menşei: CN | Durum: Active,true
CN7220A2007,RLAY DAMPER ACTUATOR-N20010,Actuators,Honeywell,CN7220A2007,adet,USDTRY,282.06,0,0,20,,RLAY DAMPER ACTUATOR-N20010,Grup: Field Devices | Alt kategori: Rotary Actuators | Menşei: CN | Durum: Active,true
CN7220A2007S,NSR DCA 20Nm 24V MOD w/o aux sw w Self,Actuators,Honeywell,CN7220A2007S,adet,USDTRY,430.00,0,0,20,,NSR DCA 20Nm 24V MOD w/o aux sw w Self,Grup: Field Devices | Alt kategori: Rotary Actuators | Menşei: CN | Durum: Active,true
CN7234A2008,DAMPER ACTUATOR,Actuators,Honeywell,CN7234A2008,adet,USDTRY,601.46,0,0,20,,DAMPER ACTUATOR,Grup: Field Devices | Alt kategori: Rotary Actuators | Menşei: CN | Durum: Active,true
CN7505A2001,DAMPER ACTUATOR- FLOATING AND,Actuators,Honeywell,CN7505A2001,adet,USDTRY,163.85,0,0,20,,DAMPER ACTUATOR- FLOATING AND,Grup: Field Devices | Alt kategori: Rotary Actuators | Menşei: CN | Durum: Active,true
CN7510A2001,DAMPER ACTUATOR- FLOATING AND,Actuators,Honeywell,CN7510A2001,adet,USDTRY,151.40,0,0,20,,DAMPER ACTUATOR- FLOATING AND,Grup: Field Devices | Alt kategori: Rotary Actuators | Menşei: CN | Durum: Active,true
CN7510A2209,DAMPER ACTUATOR- FLOATING AND,Actuators,Honeywell,CN7510A2209,adet,USDTRY,287.25,0,0,20,,DAMPER ACTUATOR- FLOATING AND,Grup: Field Devices | Alt kategori: Rotary Actuators | Menşei: CN | Durum: Active,true
CRT12,TRANSFORMER 240V/24V 12A AC,Raw Materials and Shared Components,Honeywell,CRT12,adet,USDTRY,277.92,0,0,20,,TRANSFORMER 240V/24V 12A AC,Grup: Field Devices | Alt kategori: Raw Materials and Shared Components | Menşei: CN | Durum: Active,true
CRT2,Transformer 220-230V/24Vac 2A,Raw Materials and Shared Components,Honeywell,CRT2,adet,USDTRY,84.00,0,0,20,,Transformer 220-230V/24Vac 2A,Grup: Field Devices | Alt kategori: Raw Materials and Shared Components | Menşei: CN | Durum: Active,true
CRT6,TRANSFORMER 240V/24V 6A AC,Legacy Products,Honeywell,CRT6,adet,USDTRY,115.11,0,0,20,,TRANSFORMER 240V/24V 6A AC,Grup: Field Devices | Alt kategori: Legacy Products | Menşei: CN | Durum: Active,true
CRT6-12,TRANSFORMER 400VA,Genel,Honeywell,CRT6-12,adet,USDTRY,340.00,0,0,20,,TRANSFORMER 400VA,Grup: Field Devices | Menşei: CN | Durum: Active,true
CRT6-6,TRANSFORMER 300 VA,Genel,Honeywell,CRT6-6,adet,USDTRY,251.99,0,0,20,,TRANSFORMER 300 VA,Grup: Field Devices | Menşei: CN | Durum: Active,true
CS4110A1002,"10NM, 100-250VAC 2 POS CNTRL REV MNT NO",Genel,Honeywell,CS4110A1002,adet,USDTRY,440.72,0,0,20,,"10NM, 100-250VAC 2 POS CNTRL REV MNT NO",Grup: Field Devices | Menşei: CN | Durum: Active,true
CS4110A1200,"10Nm 100-250VAC, 2 POSITION CONTROL REV",Actuators,Honeywell,CS4110A1200,adet,USDTRY,530.00,0,0,20,,"10Nm 100-250VAC, 2 POSITION CONTROL REV",Grup: Field Devices | Alt kategori: Rotary Actuators | Menşei: CN | Durum: Active,true
CS4120A1209,20NM DCA SPRING RETURN 230VAC 2 POS CONT,Genel,Honeywell,CS4120A1209,adet,USDTRY,550.00,0,0,20,,20NM DCA SPRING RETURN 230VAC 2 POS CONT,Grup: Field Devices | Menşei: CN | Durum: Active,true
CS7505A2008,"5NM, 24VAC/DC MOD/FLTNG CNTRL REV MNT VL",Genel,Honeywell,CS7505A2008,adet,USDTRY,445.00,0,0,20,,"5NM, 24VAC/DC MOD/FLTNG CNTRL REV MNT VL",Grup: Field Devices | Menşei: CN | Durum: Active,true
CS7510A2008,"10NM, 24VAC/DC MOD/FLTNG CNTRL REV MNT V",Actuators,Honeywell,CS7510A2008,adet,USDTRY,422.06,0,0,20,,"10NM, 24VAC/DC MOD/FLTNG CNTRL REV MNT V",Grup: Field Devices | Alt kategori: Rotary Actuators | Menşei: CN | Durum: Active,true
CS7510A2206,"10NM, 24VAC/DC MOD/FLTNG CNTRL REV MNT V",Actuators,Honeywell,CS7510A2206,adet,USDTRY,611.83,0,0,20,,"10NM, 24VAC/DC MOD/FLTNG CNTRL REV MNT V",Grup: Field Devices | Alt kategori: Rotary Actuators | Menşei: CN | Durum: Active,true
CS7520A2007,"20NM, 24VAC/DC MOD/FLTNG CNTRL REV MNT V",Genel,Honeywell,CS7520A2007,adet,USDTRY,560.00,0,0,20,,"20NM, 24VAC/DC MOD/FLTNG CNTRL REV MNT V",Grup: Field Devices | Menşei: CN | Durum: Active,true
CS7520A2205,"20NM, 24VAC/DC MOD/FLTNG CNTRL REV MNT V",Genel,Honeywell,CS7520A2205,adet,USDTRY,540.00,0,0,20,,"20NM, 24VAC/DC MOD/FLTNG CNTRL REV MNT V",Grup: Field Devices | Menşei: CN | Durum: Active,true
CS8105A1008,"5NM, 24VAC/DC 2 POS CNTRL REV MNT NO FDB",Genel,Honeywell,CS8105A1008,adet,USDTRY,570.35,0,0,20,,"5NM, 24VAC/DC 2 POS CNTRL REV MNT NO FDB",Grup: Field Devices | Menşei: CN | Durum: Active,true
CS8110A1008,"10NM (88LB-IN), 24VAC/DC, 2 POSITION CON",Actuators,Honeywell,CS8110A1008,adet,USDTRY,560.00,0,0,20,,"10NM (88LB-IN), 24VAC/DC, 2 POSITION CON",Grup: Field Devices | Alt kategori: Rotary Actuators | Menşei: CN | Durum: Active,true
CS8110A1206,"10NM, 24VAC/DC 2 POS CONTRL REV MNT NO F",Genel,Honeywell,CS8110A1206,adet,USDTRY,653.31,0,0,20,,"10NM, 24VAC/DC 2 POS CONTRL REV MNT NO F",Grup: Field Devices | Menşei: CN | Durum: Active,true
CTP-V-50,0-10VDC SPLIT CORE 50A,Genel,Honeywell,CTP-V-50,adet,USDTRY,480.00,0,0,20,,0-10VDC SPLIT CORE 50A,Grup: Field Devices | Menşei: US | Durum: Phase Out Inprogress,false
CV-SFH4-PN16-0125,"""5 INCH HORIZONTAL SWING CHECK VALVE, CA",Genel,Honeywell,CV-SFH4-PN16-0125,adet,USDTRY,450.00,0,0,20,,"""5 INCH HORIZONTAL SWING CHECK VALVE, CA",Grup: Field Devices | Menşei: CN | Durum: Active,true
DCM025,PRESSURE SWITCH,Sensors and Wall Modules,Honeywell,DCM025,adet,USDTRY,375.00,0,0,20,,PRESSURE SWITCH,Grup: Field Devices | Alt kategori: Pressure Sensor | Menşei: HU | Durum: Active,true
DCM06,PRESSURE SWITCH,Sensors and Wall Modules,Honeywell,DCM06,adet,USDTRY,375.39,0,0,20,,PRESSURE SWITCH,Grup: Field Devices | Alt kategori: Pressure Sensor | Menşei: HU | Durum: Active,true
DCM1,PRESSURE SWITCH,Sensors and Wall Modules,Honeywell,DCM1,adet,USDTRY,362.95,0,0,20,,PRESSURE SWITCH,Grup: Field Devices | Alt kategori: Pressure Sensor | Menşei: HU | Durum: Active,true
DCM10,PRESSURE SWITCH,Sensors and Wall Modules,Honeywell,DCM10,adet,USDTRY,335.00,0,0,20,,PRESSURE SWITCH,Grup: Field Devices | Alt kategori: Pressure Sensor | Menşei: HU | Durum: Active,true
DCM1000,PRESSURE SWITCH,Sensors and Wall Modules,Honeywell,DCM1000,adet,USDTRY,485.32,0,0,20,,PRESSURE SWITCH,Grup: Field Devices | Alt kategori: Pressure Sensor | Menşei: HU | Durum: Active,true
DCM10-301,PRESSURE SWITCH,Sensors and Wall Modules,Honeywell,DCM10-301,adet,USDTRY,481.17,0,0,20,,PRESSURE SWITCH,Grup: Field Devices | Alt kategori: Pressure Sensor | Menşei: HU | Durum: Active,true
DCM10-363,PRESSURE SWITCH,Genel,Honeywell,DCM10-363,adet,USDTRY,580.72,0,0,20,,PRESSURE SWITCH,Grup: Field Devices | Menşei: HU | Durum: Active,true
DCM1-353,PRESSURE SWITCH,Industrial Switches,Honeywell,DCM1-353,adet,USDTRY,860.71,0,0,20,,PRESSURE SWITCH,Grup: Field Devices | Alt kategori: Limit Switches | Menşei: HU | Durum: Active,true
DCM16,PRESSURE SWITCH,Sensors and Wall Modules,Honeywell,DCM16,adet,USDTRY,360.88,0,0,20,,PRESSURE SWITCH,Grup: Field Devices | Alt kategori: Pressure Sensor | Menşei: HU | Durum: Active,true
DCM16-363,PRESSURE SWITCH,Genel,Honeywell,DCM16-363,adet,USDTRY,591.09,0,0,20,,PRESSURE SWITCH,Grup: Field Devices | Menşei: HU | Durum: Active,true
DCM25,PRESSURE SWITCH,Sensors and Wall Modules,Honeywell,DCM25,adet,USDTRY,397.17,0,0,20,,PRESSURE SWITCH,Grup: Field Devices | Alt kategori: Pressure Sensor | Menşei: HU | Durum: Active,true
DCM3,PRESSURE SWITCH,Sensors and Wall Modules,Honeywell,DCM3,adet,USDTRY,300.00,0,0,20,,PRESSURE SWITCH,Grup: Field Devices | Alt kategori: Pressure Sensor | Menşei: HU | Durum: Active,true
DCM40,PRESSURE SWITCH,Sensors and Wall Modules,Honeywell,DCM40,adet,USDTRY,397.17,0,0,20,,PRESSURE SWITCH,Grup: Field Devices | Alt kategori: Pressure Sensor | Menşei: HU | Durum: Active,true
DCM4025,PRESSURE SWITCH,Sensors and Wall Modules,Honeywell,DCM4025,adet,USDTRY,750.00,0,0,20,,PRESSURE SWITCH,Grup: Field Devices | Alt kategori: Pressure Sensor | Menşei: DE | Durum: Active,true
DCM6,PRESSURE SWITCH,Sensors and Wall Modules,Honeywell,DCM6,adet,USDTRY,327.69,0,0,20,,PRESSURE SWITCH,Grup: Field Devices | Alt kategori: Pressure Sensor | Menşei: HU | Durum: Active,true
DCM63,PRESSURE SWITCH,Genel,Honeywell,DCM63,adet,USDTRY,495.69,0,0,20,,PRESSURE SWITCH,Grup: Field Devices | Menşei: HU | Durum: Active,true
DCMV1,PRESSURE SWITCH,Sensors and Wall Modules,Honeywell,DCMV1,adet,USDTRY,365.00,0,0,20,,PRESSURE SWITCH,Grup: Field Devices | Alt kategori: Pressure Sensor | Menşei: HU | Durum: Active,true
DCMV16,PRESSURE SWITCH,Sensors and Wall Modules,Honeywell,DCMV16,adet,USDTRY,415.84,0,0,20,,PRESSURE SWITCH,Grup: Field Devices | Alt kategori: Pressure Sensor | Menşei: HU | Durum: Active,true
DCMV25,PRESSURE SWITCH,Sensors and Wall Modules,Honeywell,DCMV25,adet,USDTRY,470.00,0,0,20,,PRESSURE SWITCH,Grup: Field Devices | Alt kategori: Pressure Sensor | Menşei: HU | Durum: Active,true
DCMV3,PRESSURE SWITCH,Sensors and Wall Modules,Honeywell,DCMV3,adet,USDTRY,380.00,0,0,20,,PRESSURE SWITCH,Grup: Field Devices | Alt kategori: Pressure Sensor | Menşei: HU | Durum: Active,true
DCMV6,PRESSURE SWITCH,Sensors and Wall Modules,Honeywell,DCMV6,adet,USDTRY,370.21,0,0,20,,PRESSURE SWITCH,Grup: Field Devices | Alt kategori: Pressure Sensor | Menşei: HU | Durum: Active,true
DCPSU-24-1.3,POWER SUPPLY IN:100-240V OUT:24VDC 1.3A,Legacy Products,Honeywell,DCPSU-24-1.3,adet,USDTRY,225.03,0,0,20,,POWER SUPPLY IN:100-240V OUT:24VDC 1.3A,Grup: Field Devices | Alt kategori: Legacy Products | Menşei: CN | Durum: Active,true
DDCM1602,DIFFERENTIAL PRESSURE SWITCH,Genel,Honeywell,DDCM1602,adet,USDTRY,1441.43,0,0,20,,DIFFERENTIAL PRESSURE SWITCH,Grup: Field Devices | Menşei: HU | Durum: Active,true
DDCM4,DIFFERENTIAL PRESSURE SWITCH,Sensors and Wall Modules,Honeywell,DDCM4,adet,USDTRY,1380.00,0,0,20,,DIFFERENTIAL PRESSURE SWITCH,Grup: Field Devices | Alt kategori: Pressure Sensor | Menşei: HU | Durum: Active,true
DGM1A,PRESSURE MONITOR FOR GAS,Sensors and Wall Modules,Honeywell,DGM1A,adet,USDTRY,377.47,0,0,20,,PRESSURE MONITOR FOR GAS,Grup: Field Devices | Alt kategori: Pressure Sensor | Menşei: DE | Durum: Active,true
DGM306A,PRESSURE MONITOR FOR GAS,Sensors and Wall Modules,Honeywell,DGM306A,adet,USDTRY,540.00,0,0,20,,PRESSURE MONITOR FOR GAS,Grup: Field Devices | Alt kategori: Pressure Sensor | Menşei: DE | Durum: Active,true
DGM516-363,PRESSURE MONITOR FOR GAS,Sensors and Wall Modules,Honeywell,DGM516-363,adet,USDTRY,1010.00,0,0,20,,PRESSURE MONITOR FOR GAS,Grup: Field Devices | Alt kategori: Pressure Sensor | Menşei: DE | Durum: Active,true
DNM025,PRESSURE SWITCH,Genel,Honeywell,DNM025,adet,USDTRY,500.87,0,0,20,,PRESSURE SWITCH,Grup: Field Devices | Menşei: DE | Durum: Active,true
DNM025-301,PRESSURE SWITCH,Genel,Honeywell,DNM025-301,adet,USDTRY,642.94,0,0,20,,PRESSURE SWITCH,Grup: Field Devices | Menşei: DE | Durum: Active,true
DPS1000,"DPS SWITCH, 200-1000 PA",Sensors and Wall Modules,Honeywell,DPS1000,adet,USDTRY,103.70,0,0,20,,"DPS SWITCH, 200-1000 PA",Grup: Field Devices | Alt kategori: Pressure Sensor | Menşei: DE | Durum: Active,true
DPS1000B,D-P.SWITCH200-1000PA,Sensors and Wall Modules,Honeywell,DPS1000B,adet,USDTRY,62.10,0,0,20,,D-P.SWITCH200-1000PA,Grup: Field Devices | Alt kategori: Pressure Sensor | Menşei: DE | Durum: Phase Out Inprogress,false
DPS200,"DPS SWITCH, 20-200 PA",Sensors and Wall Modules,Honeywell,DPS200,adet,USDTRY,88.15,0,0,20,,"DPS SWITCH, 20-200 PA",Grup: Field Devices | Alt kategori: Pressure Sensor | Menşei: DE | Durum: Active,true
DPS200A,"Air DPS, 20~200Pa",Sensors and Wall Modules,Honeywell,DPS200A,adet,USDTRY,73.60,0,0,20,,"Air DPS, 20~200Pa",Grup: Field Devices | Alt kategori: Pressure Sensor | Menşei: CN | Durum: Phase Out Inprogress,false
DPS200B,D.P.SWITCH20-200PA,Sensors and Wall Modules,Honeywell,DPS200B,adet,USDTRY,47.18,0,0,20,,D.P.SWITCH20-200PA,Grup: Field Devices | Alt kategori: Pressure Sensor | Menşei: DE | Durum: Active,true
DPS2500,"DPS SWITCH, 500-2500 PA",Sensors and Wall Modules,Honeywell,DPS2500,adet,USDTRY,115.11,0,0,20,,"DPS SWITCH, 500-2500 PA",Grup: Field Devices | Alt kategori: Pressure Sensor | Menşei: DE | Durum: Active,true
DPS400,"DPS SWITCH, 40-400PA",Sensors and Wall Modules,Honeywell,DPS400,adet,USDTRY,90.22,0,0,20,,"DPS SWITCH, 40-400PA",Grup: Field Devices | Alt kategori: Pressure Sensor | Menşei: DE | Durum: Active,true
DPS400B,DP.SWITCH 40-400PA,Sensors and Wall Modules,Honeywell,DPS400B,adet,USDTRY,47.70,0,0,20,,DP.SWITCH 40-400PA,Grup: Field Devices | Alt kategori: Pressure Sensor | Menşei: DE | Durum: Active,true
DPS500,DIFF. PRESSURE SWITCH 50-500PA,Sensors and Wall Modules,Honeywell,DPS500,adet,USDTRY,105.77,0,0,20,,DIFF. PRESSURE SWITCH 50-500PA,Grup: Field Devices | Alt kategori: Pressure Sensor | Menşei: DE | Durum: Active,true
DPS500B,DIFF.PRESS.SW.50-500PA,Sensors and Wall Modules,Honeywell,DPS500B,adet,USDTRY,51.00,0,0,20,,DIFF.PRESS.SW.50-500PA,Grup: Field Devices | Alt kategori: Pressure Sensor | Menşei: DE | Durum: Active,true
DPSK,DPS-DUCT KIT,Sensors and Wall Modules,Honeywell,DPSK,adet,USDTRY,19.00,0,0,20,,DPS-DUCT KIT,Grup: Field Devices | Alt kategori: Pressure Sensor | Menşei: DE | Durum: Active,true
DPSL,DPS MOUNT.BRACK. L-SHAPED,Genel,Honeywell,DPSL,adet,USDTRY,6.53,0,0,20,,DPS MOUNT.BRACK. L-SHAPED,Grup: Field Devices | Menşei: DE | Durum: Active,true
DPSL1000,DPSL1000 DIFF PRES SWITCH 150-1000 MBAR,Sensors and Wall Modules,Honeywell,DPSL1000,adet,USDTRY,425.00,0,0,20,,DPSL1000 DIFF PRES SWITCH 150-1000 MBAR,Grup: Field Devices | Alt kategori: Pressure Sensor | Menşei: DE | Durum: Active,true
DPSL200,DPSL200 DIFF PRES SWITCH 40-200 MBAR,Sensors and Wall Modules,Honeywell,DPSL200,adet,USDTRY,420.00,0,0,20,,DPSL200 DIFF PRES SWITCH 40-200 MBAR,Grup: Field Devices | Alt kategori: Pressure Sensor | Menşei: DE | Durum: Active,true
DPSN1000A,"DIFFERENTIAL PRESSURE SWITCH, 200-1000PA",Sensors and Wall Modules,Honeywell,DPSN1000A,adet,USDTRY,37.00,0,0,20,,"DIFFERENTIAL PRESSURE SWITCH, 200-1000PA",Grup: Field Devices | Alt kategori: Pressure Sensor | Menşei: CN | Durum: Active,true
DPSN200A,"DIFFERENTIAL PRESSURE SWITCH, 20-200PA",Sensors and Wall Modules,Honeywell,DPSN200A,adet,USDTRY,39.50,0,0,20,,"DIFFERENTIAL PRESSURE SWITCH, 20-200PA",Grup: Field Devices | Alt kategori: Pressure Sensor | Menşei: CN | Durum: Active,true
DPSN2500A,"DIFFERENTIAL PRESSURE SWITCH, 500-2500PA",Sensors and Wall Modules,Honeywell,DPSN2500A,adet,USDTRY,42.52,0,0,20,,"DIFFERENTIAL PRESSURE SWITCH, 500-2500PA",Grup: Field Devices | Alt kategori: Pressure Sensor | Menşei: CN | Durum: Active,true
DPSN400A,"DIFFERENTIAL PRESSURE SWITCH, 40-400PA",Sensors and Wall Modules,Honeywell,DPSN400A,adet,USDTRY,33.18,0,0,20,,"DIFFERENTIAL PRESSURE SWITCH, 40-400PA",Grup: Field Devices | Alt kategori: Pressure Sensor | Menşei: CN | Durum: Active,true
DPST,DPS-SCREW TERMINALS,Sensors and Wall Modules,Honeywell,DPST,adet,USDTRY,4.15,0,0,20,,DPS-SCREW TERMINALS,Grup: Field Devices | Alt kategori: Pressure Sensor | Menşei: DE | Durum: Active,true
DPT1000U2-A,Air DPT -1000~0~1000 Pa 4~20mA,Genel,Honeywell,DPT1000U2-A,adet,USDTRY,410.00,0,0,20,,Air DPT -1000~0~1000 Pa 4~20mA,Grup: Field Devices | Menşei: CN | Durum: Active,true
DPT5000U1-A,Air DPT 0~5000 Pa 4~20mA,Genel,Honeywell,DPT5000U1-A,adet,USDTRY,410.00,0,0,20,,Air DPT 0~5000 Pa 4~20mA,Grup: Field Devices | Menşei: CN | Durum: Active,true
DPT5000U1-B,Air DPT 0~5000 Pa 0~10V,Sensors and Wall Modules,Honeywell,DPT5000U1-B,adet,USDTRY,400.00,0,0,20,,Air DPT 0~5000 Pa 0~10V,Grup: Field Devices | Alt kategori: Pressure Sensor | Menşei: CN | Durum: Active,true
DPTAQ8,"DIFF.PRESS.TRANSM. 3-WIRE, DPTA, 8 RANGE",Sensors and Wall Modules,Honeywell,DPTAQ8,adet,USDTRY,530.00,0,0,20,,"DIFF.PRESS.TRANSM. 3-WIRE, DPTA, 8 RANGE",Grup: Field Devices | Alt kategori: Pressure Sensor | Menşei: DE | Durum: Active,true
DPTE100,"DIFF.PRESS.TRANSM. 3-WIRE, 0-100Pa/250Pa",Sensors and Wall Modules,Honeywell,DPTE100,adet,USDTRY,400.28,0,0,20,,"DIFF.PRESS.TRANSM. 3-WIRE, 0-100Pa/250Pa",Grup: Field Devices | Alt kategori: Pressure Sensor | Menşei: DE | Durum: Active,true
DPTE1000,"DIFF.TRANSM. 3-WIRE,0-1000Pa/2500Pa",Sensors and Wall Modules,Honeywell,DPTE1000,adet,USDTRY,352.58,0,0,20,,"DIFF.TRANSM. 3-WIRE,0-1000Pa/2500Pa",Grup: Field Devices | Alt kategori: Pressure Sensor | Menşei: DE | Durum: Active,true
DPTE1000D,"DIFF.PRESS.TRANSM. 3-WIRE,",Sensors and Wall Modules,Honeywell,DPTE1000D,adet,USDTRY,674.05,0,0,20,,"DIFF.PRESS.TRANSM. 3-WIRE,",Grup: Field Devices | Alt kategori: Pressure Sensor | Menşei: DE | Durum: Active,true
DPTE1000S,"DIFF.TRANSM. 3-WIRE,  -1000Pa/+1000Pa",Sensors and Wall Modules,Honeywell,DPTE1000S,adet,USDTRY,500.00,0,0,20,,"DIFF.TRANSM. 3-WIRE,  -1000Pa/+1000Pa",Grup: Field Devices | Alt kategori: Pressure Sensor | Menşei: DE | Durum: Active,true
DPTE1000SD,DIFF.PRESS.TRANSM. 3-WIRE,Sensors and Wall Modules,Honeywell,DPTE1000SD,adet,USDTRY,740.00,0,0,20,,DIFF.PRESS.TRANSM. 3-WIRE,Grup: Field Devices | Alt kategori: Pressure Sensor | Menşei: DE | Durum: Active,true
DPTE1002,"DIFF.TRANSM. 2-WIRE, 0-1000Pa/2500Pa",Sensors and Wall Modules,Honeywell,DPTE1002,adet,USDTRY,435.00,0,0,20,,"DIFF.TRANSM. 2-WIRE, 0-1000Pa/2500Pa",Grup: Field Devices | Alt kategori: Pressure Sensor | Menşei: DE | Durum: Active,true
DPTE100D,DIFF.PRESS.TRANSM. 3-WIRE,Sensors and Wall Modules,Honeywell,DPTE100D,adet,USDTRY,674.05,0,0,20,,DIFF.PRESS.TRANSM. 3-WIRE,Grup: Field Devices | Alt kategori: Pressure Sensor | Menşei: DE | Durum: Active,true
DPTE100S,"DIFF.PRESS.TRANSM. 3-WIRE, -100Pa/+100Pa",Sensors and Wall Modules,Honeywell,DPTE100S,adet,USDTRY,560.00,0,0,20,,"DIFF.PRESS.TRANSM. 3-WIRE, -100Pa/+100Pa",Grup: Field Devices | Alt kategori: Pressure Sensor | Menşei: DE | Durum: Active,true
DPTE100SD,DIFF.PRESS.TRANSM. 3-WIRE,Sensors and Wall Modules,Honeywell,DPTE100SD,adet,USDTRY,750.00,0,0,20,,DIFF.PRESS.TRANSM. 3-WIRE,Grup: Field Devices | Alt kategori: Pressure Sensor | Menşei: DE | Durum: Active,true
DPTE102,"DIFF.TRANSM. 2-WIRE,  0-100Pa/250Pa",Sensors and Wall Modules,Honeywell,DPTE102,adet,USDTRY,480.00,0,0,20,,"DIFF.TRANSM. 2-WIRE,  0-100Pa/250Pa",Grup: Field Devices | Alt kategori: Pressure Sensor | Menşei: DE | Durum: Active,true
DPTE102S,"DIFF.PRESS.TRANSM. 2-WIRE, -100Pa/+100Pa",Sensors and Wall Modules,Honeywell,DPTE102S,adet,USDTRY,580.72,0,0,20,,"DIFF.PRESS.TRANSM. 2-WIRE, -100Pa/+100Pa",Grup: Field Devices | Alt kategori: Pressure Sensor | Menşei: DE | Durum: Active,true
DPTE250,"DIFF.TRANSM. 3-WIRE,  0-250Pa/500Pa",Sensors and Wall Modules,Honeywell,DPTE250,adet,USDTRY,437.61,0,0,20,,"DIFF.TRANSM. 3-WIRE,  0-250Pa/500Pa",Grup: Field Devices | Alt kategori: Pressure Sensor | Menşei: DE | Durum: Active,true
DPTE250D,DIFF.PRESS.TRANSM. 3-WIRE,Sensors and Wall Modules,Honeywell,DPTE250D,adet,USDTRY,674.05,0,0,20,,DIFF.PRESS.TRANSM. 3-WIRE,Grup: Field Devices | Alt kategori: Pressure Sensor | Menşei: DE | Durum: Active,true
DPTE252,DIFF.PRESS.TRANSM. 2-WIRE  0-250Pa/500Pa,Sensors and Wall Modules,Honeywell,DPTE252,adet,USDTRY,431.39,0,0,20,,DIFF.PRESS.TRANSM. 2-WIRE  0-250Pa/500Pa,Grup: Field Devices | Alt kategori: Pressure Sensor | Menşei: DE | Durum: Active,true
DPTE500,"DIFF.TRANSM. 3-WIRE, 0-500Pa/1000Pa",Sensors and Wall Modules,Honeywell,DPTE500,adet,USDTRY,367.10,0,0,20,,"DIFF.TRANSM. 3-WIRE, 0-500Pa/1000Pa",Grup: Field Devices | Alt kategori: Pressure Sensor | Menşei: DE | Durum: Active,true
DPTE5000,"DIFF.TRANSM. 3-LEITER, 0-5000Pa/10000Pa",Sensors and Wall Modules,Honeywell,DPTE5000,adet,USDTRY,475.98,0,0,20,,"DIFF.TRANSM. 3-LEITER, 0-5000Pa/10000Pa",Grup: Field Devices | Alt kategori: Pressure Sensor | Menşei: DE | Durum: Active,true
DPTE5000D,DIFF.PRESS.TRANSM. 3-WIRE,Genel,Honeywell,DPTE5000D,adet,USDTRY,674.05,0,0,20,,DIFF.PRESS.TRANSM. 3-WIRE,Grup: Field Devices | Menşei: DE | Durum: Active,true
DPTE5002,"DIFF.TRANSM. 2-WIRE,0-5000Pa/10000Pa",Sensors and Wall Modules,Honeywell,DPTE5002,adet,USDTRY,485.32,0,0,20,,"DIFF.TRANSM. 2-WIRE,0-5000Pa/10000Pa",Grup: Field Devices | Alt kategori: Pressure Sensor | Menşei: DE | Durum: Active,true
DPTE500D,DIFF.PRESS.TRANSM. 3-WIRE,Sensors and Wall Modules,Honeywell,DPTE500D,adet,USDTRY,694.79,0,0,20,,DIFF.PRESS.TRANSM. 3-WIRE,Grup: Field Devices | Alt kategori: Pressure Sensor | Menşei: DE | Durum: Active,true
DPTE500S,"DIFF.PRESS.TRANSM. 3-WIRE,  -500/+500Pa",Sensors and Wall Modules,Honeywell,DPTE500S,adet,USDTRY,466.65,0,0,20,,"DIFF.PRESS.TRANSM. 3-WIRE,  -500/+500Pa",Grup: Field Devices | Alt kategori: Pressure Sensor | Menşei: DE | Durum: Active,true
DPTE500SD,DIFF.PRESS.TRANSM. 3-WIRE,Sensors and Wall Modules,Honeywell,DPTE500SD,adet,USDTRY,820.00,0,0,20,,DIFF.PRESS.TRANSM. 3-WIRE,Grup: Field Devices | Alt kategori: Pressure Sensor | Menşei: DE | Durum: Phase Out Inprogress,false
DPTE502,"DIFF.PRESS.TRANSM. 2-WIRE,0-500/11000Pa",Sensors and Wall Modules,Honeywell,DPTE502,adet,USDTRY,462.50,0,0,20,,"DIFF.PRESS.TRANSM. 2-WIRE,0-500/11000Pa",Grup: Field Devices | Alt kategori: Pressure Sensor | Menşei: DE | Durum: Active,true
DPTE50S,"DIFF.PRESS.TRANSM. 3-WIRE, -50/+50Pa",Sensors and Wall Modules,Honeywell,DPTE50S,adet,USDTRY,515.39,0,0,20,,"DIFF.PRESS.TRANSM. 3-WIRE, -50/+50Pa",Grup: Field Devices | Alt kategori: Pressure Sensor | Menşei: DE | Durum: Active,true
DPTE50SD,"DIFF.TRANSM. 3-WIRE,-50/+50pa, Anzeige",Sensors and Wall Modules,Honeywell,DPTE50SD,adet,USDTRY,760.00,0,0,20,,"DIFF.TRANSM. 3-WIRE,-50/+50pa, Anzeige",Grup: Field Devices | Alt kategori: Pressure Sensor | Menşei: DE | Durum: Active,true
DPTE52S,"DIFF.PRESS.TRANSM. 2-WIRE, -50/+50Pa",Sensors and Wall Modules,Honeywell,DPTE52S,adet,USDTRY,580.72,0,0,20,,"DIFF.PRESS.TRANSM. 2-WIRE, -50/+50Pa",Grup: Field Devices | Alt kategori: Pressure Sensor | Menşei: DE | Durum: Active,true
DTI06,DTI06 DP SENSOR 0-0.6BAR 10-30VDC 4-20MA,Sensors and Wall Modules,Honeywell,DTI06,adet,USDTRY,1250.00,0,0,20,,DTI06 DP SENSOR 0-0.6BAR 10-30VDC 4-20MA,Grup: Field Devices | Alt kategori: Pressure Sensor | Menşei: DE | Durum: Active,true
DTI1,DTI1 DP SENSOR 0-1BAR 10-30VDC 4-20MA,Genel,Honeywell,DTI1,adet,USDTRY,1240.00,0,0,20,,DTI1 DP SENSOR 0-1BAR 10-30VDC 4-20MA,Grup: Field Devices | Menşei: DE | Durum: Active,true
DTI10,DTI10 DP SENSOR 0-10BAR 10-30VDC 4-20MA,Sensors and Wall Modules,Honeywell,DTI10,adet,USDTRY,1202.92,0,0,20,,DTI10 DP SENSOR 0-10BAR 10-30VDC 4-20MA,Grup: Field Devices | Alt kategori: Pressure Sensor | Menşei: DE | Durum: Active,true
DTI2,DTI2 DP SENSOR 0-2BAR 10-30VDC 4-20MA,Sensors and Wall Modules,Honeywell,DTI2,adet,USDTRY,1240.00,0,0,20,,DTI2 DP SENSOR 0-2BAR 10-30VDC 4-20MA,Grup: Field Devices | Alt kategori: Pressure Sensor | Durum: Active,true
DTI6,DTI6 DP SENSOR 0-6BAR 10-30VDC 4-20MA,Sensors and Wall Modules,Honeywell,DTI6,adet,USDTRY,1202.92,0,0,20,,DTI6 DP SENSOR 0-6BAR 10-30VDC 4-20MA,Grup: Field Devices | Alt kategori: Pressure Sensor | Menşei: DE | Durum: Active,true
DWAMV6,MAXIMUM PRESSURE MONITOR,Genel,Honeywell,DWAMV6,adet,USDTRY,694.79,0,0,20,,MAXIMUM PRESSURE MONITOR,Grup: Field Devices | Menşei: DE | Durum: Active,true
DWR06,PRESSURE MONITOR,Sensors and Wall Modules,Honeywell,DWR06,adet,USDTRY,456.28,0,0,20,,PRESSURE MONITOR,Grup: Field Devices | Alt kategori: Pressure Sensor | Menşei: DE | Durum: Active,true
DWR06-203,PRESSURE MONITOR,Genel,Honeywell,DWR06-203,adet,USDTRY,642.94,0,0,20,,PRESSURE MONITOR,Grup: Field Devices | Menşei: DE | Durum: Active,true
DWR06-205,MAXIMUM PRESSURE LIMITER,Genel,Honeywell,DWR06-205,adet,USDTRY,694.79,0,0,20,,MAXIMUM PRESSURE LIMITER,Grup: Field Devices | Menşei: DE | Durum: Active,true
DWR06-205-S,PRESSURE MONITOR,Genel,Honeywell,DWR06-205-S,adet,USDTRY,705.16,0,0,20,,PRESSURE MONITOR,Grup: Field Devices | Menşei: DE | Durum: Active,true
DWR06-206,MINIMUM PRESSURE LIMITER,Genel,Honeywell,DWR06-206,adet,USDTRY,705.16,0,0,20,,MINIMUM PRESSURE LIMITER,Grup: Field Devices | Menşei: DE | Durum: Active,true
DWR06-213-S,PRESSURE MONITOR,Genel,Honeywell,DWR06-213-S,adet,USDTRY,622.20,0,0,20,,PRESSURE MONITOR,Grup: Field Devices | Menşei: DE | Durum: Active,true
DWR06-301,PRESSURE MONITOR,Genel,Honeywell,DWR06-301,adet,USDTRY,653.31,0,0,20,,PRESSURE MONITOR,Grup: Field Devices | Menşei: DE | Durum: Active,true
DWR06-313,PRESSURE MONITOR,Genel,Honeywell,DWR06-313,adet,USDTRY,694.79,0,0,20,,PRESSURE MONITOR,Grup: Field Devices | Menşei: DE | Durum: Active,true
DWR06-351,PRESSURE MONITOR,Genel,Honeywell,DWR06-351,adet,USDTRY,770.00,0,0,20,,PRESSURE MONITOR,Grup: Field Devices | Menşei: DE | Durum: Active,true
DWR06-363,PRESSURE MONITOR,Sensors and Wall Modules,Honeywell,DWR06-363,adet,USDTRY,800.00,0,0,20,,PRESSURE MONITOR,Grup: Field Devices | Alt kategori: Pressure Sensor | Menşei: DE | Durum: Active,true
DWR06-363-S,PRESSURE MONITOR,Genel,Honeywell,DWR06-363-S,adet,USDTRY,800.00,0,0,20,,PRESSURE MONITOR,Grup: Field Devices | Menşei: DE | Durum: Active,true
DWR06-513,PRESSURE MONITOR,Genel,Honeywell,DWR06-513,adet,USDTRY,800.00,0,0,20,,PRESSURE MONITOR,Grup: Field Devices | Menşei: DE | Durum: Active,true
DWR06-513-S,PRESSURE MONITOR,Genel,Honeywell,DWR06-513-S,adet,USDTRY,800.00,0,0,20,,PRESSURE MONITOR,Grup: Field Devices | Menşei: DE | Durum: Active,true
DWR06-576-S,PRESSURE MONITOR,Genel,Honeywell,DWR06-576-S,adet,USDTRY,1110.00,0,0,20,,PRESSURE MONITOR,Grup: Field Devices | Menşei: DE | Durum: Active,true
DWR06-S,PRESSURE MONITOR,Genel,Honeywell,DWR06-S,adet,USDTRY,580.72,0,0,20,,PRESSURE MONITOR,Grup: Field Devices | Menşei: DE | Durum: Active,true
DWR1,"pressure monitor 0,2-1,6bar",Sensors and Wall Modules,Honeywell,DWR1,adet,USDTRY,560.00,0,0,20,,"pressure monitor 0,2-1,6bar",Grup: Field Devices | Alt kategori: Pressure Sensor | Menşei: DE | Durum: Active,true
DWR1-165,PRESSURE MONITOR,Genel,Honeywell,DWR1-165,adet,USDTRY,642.94,0,0,20,,PRESSURE MONITOR,Grup: Field Devices | Menşei: DE | Durum: Active,true
DWR1-203,PRESSURE MONITOR,Genel,Honeywell,DWR1-203,adet,USDTRY,642.94,0,0,20,,PRESSURE MONITOR,Grup: Field Devices | Menşei: DE | Durum: Active,true
DWR1-206,MINIMUM PRESSURE LIMITER,Genel,Honeywell,DWR1-206,adet,USDTRY,694.79,0,0,20,,MINIMUM PRESSURE LIMITER,Grup: Field Devices | Menşei: DE | Durum: Active,true
DWR1-213,PRESSURE MONITOR,Genel,Honeywell,DWR1-213,adet,USDTRY,663.68,0,0,20,,PRESSURE MONITOR,Grup: Field Devices | Menşei: DE | Durum: Active,true
DWR1-301,PRESSURE MONITOR,Genel,Honeywell,DWR1-301,adet,USDTRY,653.31,0,0,20,,PRESSURE MONITOR,Grup: Field Devices | Menşei: DE | Durum: Active,true
DWR1-351,PRESSURE MONITOR,Genel,Honeywell,DWR1-351,adet,USDTRY,760.00,0,0,20,,PRESSURE MONITOR,Grup: Field Devices | Menşei: DE | Durum: Active,true
DWR1-363-S,PRESSURE MONITOR,Genel,Honeywell,DWR1-363-S,adet,USDTRY,800.00,0,0,20,,PRESSURE MONITOR,Grup: Field Devices | Menşei: DE | Durum: Active,true
DWR1-513,PRESSURE MONITOR,Genel,Honeywell,DWR1-513,adet,USDTRY,800.00,0,0,20,,PRESSURE MONITOR,Grup: Field Devices | Menşei: DE | Durum: Active,true
DWR1-574,PRESSURE MONITOR,Genel,Honeywell,DWR1-574,adet,USDTRY,1050.00,0,0,20,,PRESSURE MONITOR,Grup: Field Devices | Menşei: DE | Durum: Active,true
DWR1-574-S,PRESSURE MONITOR,Genel,Honeywell,DWR1-574-S,adet,USDTRY,1050.00,0,0,20,,PRESSURE MONITOR,Grup: Field Devices | Menşei: DE | Durum: Active,true
DWR16,PRESSURE MONITOR,Sensors and Wall Modules,Honeywell,DWR16,adet,USDTRY,540.00,0,0,20,,PRESSURE MONITOR,Grup: Field Devices | Alt kategori: Pressure Sensor | Menşei: DE | Durum: Active,true
DWR16-203,PRESSURE MONITOR,Sensors and Wall Modules,Honeywell,DWR16-203,adet,USDTRY,611.83,0,0,20,,PRESSURE MONITOR,Grup: Field Devices | Alt kategori: Pressure Sensor | Menşei: DE | Durum: Active,true
DWR16-205,MAXIMUM PRESSURE LIMITER,Genel,Honeywell,DWR16-205,adet,USDTRY,674.05,0,0,20,,MAXIMUM PRESSURE LIMITER,Grup: Field Devices | Menşei: DE | Durum: Active,true
DWR16-206,MINIMUM PRESSURE LIMITER,Genel,Honeywell,DWR16-206,adet,USDTRY,674.05,0,0,20,,MINIMUM PRESSURE LIMITER,Grup: Field Devices | Menşei: DE | Durum: Active,true
DWR1-S,PRESSURE MONITOR,Genel,Honeywell,DWR1-S,adet,USDTRY,580.72,0,0,20,,PRESSURE MONITOR,Grup: Field Devices | Menşei: DE | Durum: Active,true
DWR25,PRESSURE MONITOR,Sensors and Wall Modules,Honeywell,DWR25,adet,USDTRY,570.35,0,0,20,,PRESSURE MONITOR,Grup: Field Devices | Alt kategori: Pressure Sensor | Menşei: DE | Durum: Active,true
DWR25-576,PRESSURE MONITOR,Genel,Honeywell,DWR25-576,adet,USDTRY,1060.00,0,0,20,,PRESSURE MONITOR,Grup: Field Devices | Menşei: HU | Durum: Active,true
DWR6,PRESSURE MONITOR,Sensors and Wall Modules,Honeywell,DWR6,adet,USDTRY,505.02,0,0,20,,PRESSURE MONITOR,Grup: Field Devices | Alt kategori: Pressure Sensor | Menşei: DE | Durum: Active,true
DWR625,PRESSURE MONITOR,Sensors and Wall Modules,Honeywell,DWR625,adet,USDTRY,540.00,0,0,20,,PRESSURE MONITOR,Grup: Field Devices | Alt kategori: Pressure Sensor | Menşei: DE | Durum: Active,true
EDGE-10,Branded Niagara Edge 10,Genel,Honeywell,EDGE-10,adet,USDTRY,1480.00,0,0,20,,Branded Niagara Edge 10,Grup: Field Devices | Menşei: GB | Durum: Active,true
EX-DDCM1602,EX DIFFERENTIAL PRESSURE SWITCH,Genel,Honeywell,EX-DDCM1602,adet,USDTRY,2411.02,0,0,20,,EX DIFFERENTIAL PRESSURE SWITCH,Grup: Field Devices | Menşei: DE | Durum: Active,true
EX-DGM506,EX PRESSURE MONITOR FOR GAS,Genel,Honeywell,EX-DGM506,adet,USDTRY,1640.00,0,0,20,,EX PRESSURE MONITOR FOR GAS,Grup: Field Devices | Menşei: DE | Durum: Active,true
EX-DGM516,EX PRESSURE MONITOR FOR GAS,Sensors and Wall Modules,Honeywell,EX-DGM516,adet,USDTRY,1640.00,0,0,20,,EX PRESSURE MONITOR FOR GAS,Grup: Field Devices | Alt kategori: Pressure Sensor | Menşei: DE | Durum: Active,true
EX-DNM10,EX PRESSURE SWITCH,Genel,Honeywell,EX-DNM10,adet,USDTRY,1320.00,0,0,20,,EX PRESSURE SWITCH,Grup: Field Devices | Menşei: DE | Durum: Active,true
EX-DNM63,EX PRESSURE SWITCH,Genel,Honeywell,EX-DNM63,adet,USDTRY,1410.32,0,0,20,,EX PRESSURE SWITCH,Grup: Field Devices | Menşei: DE | Durum: Active,true
EX-DNS025,EX PRESSURE SWITCH,Sensors and Wall Modules,Honeywell,EX-DNS025,adet,USDTRY,1590.00,0,0,20,,EX PRESSURE SWITCH,Grup: Field Devices | Alt kategori: Pressure Sensor | Menşei: DE | Durum: Active,true
EX-DNS06,EX PRESSURE SWITCH,Genel,Honeywell,EX-DNS06,adet,USDTRY,1590.00,0,0,20,,EX PRESSURE SWITCH,Grup: Field Devices | Menşei: DE | Durum: Active,true
EX-DWR16,EX PRESSURE MONITOR,Genel,Honeywell,EX-DWR16,adet,USDTRY,1380.00,0,0,20,,EX PRESSURE MONITOR,Grup: Field Devices | Menşei: HU | Durum: Active,true
EX-DWR625,EX PRESSURE MONITOR,Sensors and Wall Modules,Honeywell,EX-DWR625,adet,USDTRY,1431.06,0,0,20,,EX PRESSURE MONITOR,Grup: Field Devices | Alt kategori: Pressure Sensor | Menşei: DE | Durum: Active,true
F58G1016,"DUCT MOUNTED, 220V 50HZ, W BMS AND WASH",Air Treatment,Honeywell,F58G1016,adet,USDTRY,1360.00,0,0,20,,"DUCT MOUNTED, 220V 50HZ, W BMS AND WASH",Grup: Field Devices | Alt kategori: Filtration & Disinfection | Menşei: CN | Durum: Active,true
F58H1006,"EAC, 1000CFM, REQUIRES F58G",CLS-Air,Honeywell,F58H1006,adet,USDTRY,725.90,0,0,20,,"EAC, 1000CFM, REQUIRES F58G",Grup: Field Devices | Alt kategori: Commercial AC | Menşei: CN | Durum: Active,true
FT6960-18,FROST PROTECTION THERMOSTAT 1.8M MANUAL,Thermostats,Honeywell,FT6960-18,adet,USDTRY,160.74,0,0,20,,FROST PROTECTION THERMOSTAT 1.8M MANUAL,Grup: Field Devices | Alt kategori: Thermostat Other | Menşei: IT | Durum: Active,true
FT6960-60,FROST PROTECTION THERMOSTAT 6M MANUAL,Thermostats,Honeywell,FT6960-60,adet,USDTRY,152.44,0,0,20,,FROST PROTECTION THERMOSTAT 6M MANUAL,Grup: Field Devices | Alt kategori: Thermostat Other | Menşei: IT | Durum: Active,true
FT6961-18,FROST PROTECTION THERMOSTAT 1.8M AUTO,Thermostats,Honeywell,FT6961-18,adet,USDTRY,145.18,0,0,20,,FROST PROTECTION THERMOSTAT 1.8M AUTO,Grup: Field Devices | Alt kategori: Thermostat Other | Menşei: IT | Durum: Active,true
FT6961-60,FROST PROTECTION THERMOSTAT 6M AUTO,Thermostats,Honeywell,FT6961-60,adet,USDTRY,136.88,0,0,20,,FROST PROTECTION THERMOSTAT 6M AUTO,Grup: Field Devices | Alt kategori: Thermostat Other | Menşei: IT | Durum: Active,true
G12-100,IMMERSION TUBE,Sensors and Wall Modules,Honeywell,G12-100,adet,USDTRY,105.77,0,0,20,,IMMERSION TUBE,Grup: Field Devices | Alt kategori: Equipment Sensors | Menşei: DE | Durum: Active,true
G12-250,IMMERSION TUBE,Genel,Honeywell,G12-250,adet,USDTRY,105.77,0,0,20,,IMMERSION TUBE,Grup: Field Devices | Menşei: DE | Durum: Active,true
GES-OS-2DAYS,GES ONSITE COMMISSIONING SERVICE CHARGE,Genel,Honeywell,GES-OS-2DAYS,adet,USDTRY,3400.00,0,0,20,,GES ONSITE COMMISSIONING SERVICE CHARGE,Grup: Field Devices | Menşei: IN | Durum: New,true
GES-OS-EXTN-1DAY,SERVICE CHARGES EXTENSION OF 1DAY/8 HR,Genel,Honeywell,GES-OS-EXTN-1DAY,adet,USDTRY,1100.00,0,0,20,,SERVICE CHARGES EXTENSION OF 1DAY/8 HR,Grup: Field Devices | Menşei: IN | Durum: New,true
GES-RMS-1HOUR,GES REMOTE SERVICES 1 HOUR,Genel,Honeywell,GES-RMS-1HOUR,adet,USDTRY,99.00,0,0,20,,GES REMOTE SERVICES 1 HOUR,Grup: Field Devices | Menşei: IN | Durum: New,true
GW-1000-WE,BEATS GATEWAY FOR OUTSIDE NORTH AMERICA,Controller Accessories,Honeywell,GW-1000-WE,adet,USDTRY,1620.00,0,0,20,,BEATS GATEWAY FOR OUTSIDE NORTH AMERICA,Grup: Field Devices | Alt kategori: Controller Accessories | Menşei: CN | Durum: Active,true
H6045A1002,DUCT HYGROSTAT,Sensors and Wall Modules,Honeywell,H6045A1002,adet,USDTRY,465.00,0,0,20,,DUCT HYGROSTAT,Grup: Field Devices | Alt kategori: Comfort Sensors | Menşei: DE | Durum: Active,true
H6120A1000,ROOM HYGROSTAT,Sensors and Wall Modules,Honeywell,H6120A1000,adet,USDTRY,213.62,0,0,20,,ROOM HYGROSTAT,Grup: Field Devices | Alt kategori: Comfort Sensors | Menşei: DE | Durum: Active,true
H7080B3102,"Temp & Hum, RH 2%,Pt1000,  0°C~50°C",Sensors and Wall Modules,Honeywell,H7080B3102,adet,USDTRY,305.00,0,0,20,,"Temp & Hum, RH 2%,Pt1000,  0°C~50°C",Grup: Field Devices | Alt kategori: Comfort Sensors | Menşei: CN | Durum: Active,true
H7080B3243,"Temp& Hum, RH3%, 0~10V/4~20mA -10°C~40°C",Sensors and Wall Modules,Honeywell,H7080B3243,adet,USDTRY,235.40,0,0,20,,"Temp& Hum, RH3%, 0~10V/4~20mA -10°C~40°C",Grup: Field Devices | Alt kategori: Comfort Sensors | Menşei: CN | Durum: Active,true
H7735A2012,"WALL HUMDTY SENSOR,3% RH,W/ 20K OHM TEMP",Sensors and Wall Modules,Honeywell,H7735A2012,adet,USDTRY,208.44,0,0,20,,"WALL HUMDTY SENSOR,3% RH,W/ 20K OHM TEMP",Grup: Field Devices | Alt kategori: Comfort Sensors | Menşei: US | Durum: Active,true
H7735B2018,"DUCT HUMDTY SENSOR,3% RH,W/ 20K OHM TEMP",Sensors and Wall Modules,Honeywell,H7735B2018,adet,USDTRY,341.17,0,0,20,,"DUCT HUMDTY SENSOR,3% RH,W/ 20K OHM TEMP",Grup: Field Devices | Alt kategori: Comfort Sensors | Menşei: US | Durum: Active,true
H7735C2015,"OUTDOOR HUMDITY SENSOR,3% RH,W/ 20K TEMP",Sensors and Wall Modules,Honeywell,H7735C2015,adet,USDTRY,410.00,0,0,20,,"OUTDOOR HUMDITY SENSOR,3% RH,W/ 20K TEMP",Grup: Field Devices | Alt kategori: Comfort Sensors | Menşei: US | Durum: Active,true
H8040N0051,"DUCT TEMPERATURE TRANSMITTER,0~10V OUTPU",Genel,Honeywell,H8040N0051,adet,USDTRY,260.00,0,0,20,,"DUCT TEMPERATURE TRANSMITTER,0~10V OUTPU",Grup: Field Devices | Menşei: TW | Durum: Phase Out Inprogress,false
HAQ61B,INTEGRATED ROOM AIR SENSOR WITH LCD,Genel,Honeywell,HAQ61B,adet,USDTRY,491.54,0,0,20,,INTEGRATED ROOM AIR SENSOR WITH LCD,Grup: Field Devices | Menşei: CN | Durum: Active,true
HAQ61L,INTEGRATED ROOM AIR SENSOR WITH LCD,Sensors and Wall Modules,Honeywell,HAQ61L,adet,USDTRY,430.36,0,0,20,,INTEGRATED ROOM AIR SENSOR WITH LCD,Grup: Field Devices | Alt kategori: Air Quality Sensors | Menşei: CN | Durum: Active,true
HAVDTXX-EU,Duct Airflow Transmitter,Sensors and Wall Modules,Honeywell,HAVDTXX-EU,adet,USDTRY,591.09,0,0,20,,Duct Airflow Transmitter,Grup: Field Devices | Alt kategori: Equipment Sensors | Menşei: FI | Durum: Active,true
HCRDC0750D1000T,"CORE VARIABLE FREQUENCY DRIVE, 460V, 75H",Genel,Honeywell,HCRDC0750D1000T,adet,USDTRY,10350.00,0,0,20,,"CORE VARIABLE FREQUENCY DRIVE, 460V, 75H",Grup: Field Devices | Menşei: TW | Durum: Phase Out Inprogress,false
HME-US16F050S2MG,"US Energy-M, PN16, DN50, 220V, Modbus",Genel,Honeywell,HME-US16F050S2MG,adet,USDTRY,1231.40,0,0,20,,"US Energy-M, PN16, DN50, 220V, Modbus",Grup: Field Devices | Menşei: CN | Durum: New,true
HME-US16F050S4MG,"US Energy-M, PN16, DN50, 24V, Modbus",Genel,Honeywell,HME-US16F050S4MG,adet,USDTRY,1200.87,0,0,20,,"US Energy-M, PN16, DN50, 24V, Modbus",Grup: Field Devices | Menşei: CN | Durum: New,true
HME-US16F065S2MG,"US Energy-M, PN16, DN65, 220V, Modbus",Genel,Honeywell,HME-US16F065S2MG,adet,USDTRY,1341.97,0,0,20,,"US Energy-M, PN16, DN65, 220V, Modbus",Grup: Field Devices | Menşei: CN | Durum: New,true
HME-US16F065S4MG,"US Energy-M, PN16, DN65, 24V, Modbus",Genel,Honeywell,HME-US16F065S4MG,adet,USDTRY,1312.02,0,0,20,,"US Energy-M, PN16, DN65, 24V, Modbus",Grup: Field Devices | Menşei: CN | Durum: New,true
HME-US16F080S2MG,"US Energy-M, PN16, DN80, 220V, Modbus",Genel,Honeywell,HME-US16F080S2MG,adet,USDTRY,1770.00,0,0,20,,"US Energy-M, PN16, DN80, 220V, Modbus",Grup: Field Devices | Menşei: CN | Durum: New,true
HME-US16F080S4MG,"US Energy-M, PN16, DN80, 24V, Modbus",Genel,Honeywell,HME-US16F080S4MG,adet,USDTRY,1740.00,0,0,20,,"US Energy-M, PN16, DN80, 24V, Modbus",Grup: Field Devices | Menşei: CN | Durum: New,true
HME-US16F100S2MG,"US Energy-M, PN16, DN100, 220V, Modbus",Genel,Honeywell,HME-US16F100S2MG,adet,USDTRY,2232.97,0,0,20,,"US Energy-M, PN16, DN100, 220V, Modbus",Grup: Field Devices | Menşei: CN | Durum: New,true
HME-US16F100S4MG,"US Energy-M, PN16, DN100, 24V, Modbus",Genel,Honeywell,HME-US16F100S4MG,adet,USDTRY,2202.45,0,0,20,,"US Energy-M, PN16, DN100, 24V, Modbus",Grup: Field Devices | Menşei: CN | Durum: New,true
HME-US16F125S2MG,"US Energy-M, PN16, DN125, 220V, Modbus",Genel,Honeywell,HME-US16F125S2MG,adet,USDTRY,2333.77,0,0,20,,"US Energy-M, PN16, DN125, 220V, Modbus",Grup: Field Devices | Menşei: CN | Durum: New,true
HME-US16F125S4MG,"US Energy-M, PN16, DN125, 24V, Modbus",Genel,Honeywell,HME-US16F125S4MG,adet,USDTRY,2303.24,0,0,20,,"US Energy-M, PN16, DN125, 24V, Modbus",Grup: Field Devices | Menşei: CN | Durum: New,true
HME-US16F150S2MG,"US Energy-M, PN16, DN150, 220V, Modbus",Genel,Honeywell,HME-US16F150S2MG,adet,USDTRY,2725.00,0,0,20,,"US Energy-M, PN16, DN150, 220V, Modbus",Grup: Field Devices | Menşei: CN | Durum: New,true
HME-US16F150S4MG,"US Energy-M, PN16, DN150, 24V, Modbus",Genel,Honeywell,HME-US16F150S4MG,adet,USDTRY,2700.00,0,0,20,,"US Energy-M, PN16, DN150, 24V, Modbus",Grup: Field Devices | Menşei: CN | Durum: New,true
HME-US16F200S2MG,"US Energy-M, PN16, DN200, 220V, Modbus",Genel,Honeywell,HME-US16F200S2MG,adet,USDTRY,3100.94,0,0,20,,"US Energy-M, PN16, DN200, 220V, Modbus",Grup: Field Devices | Menşei: CN | Durum: New,true
HME-US16F200S4MG,"US Energy-M, PN16, DN200, 24V, Modbus",Genel,Honeywell,HME-US16F200S4MG,adet,USDTRY,3075.00,0,0,20,,"US Energy-M, PN16, DN200, 24V, Modbus",Grup: Field Devices | Menşei: CN | Durum: New,true
HME-US16F250S2MG,"US Energy-M, PN16, DN250, 220V, Modbus",Genel,Honeywell,HME-US16F250S2MG,adet,USDTRY,4075.00,0,0,20,,"US Energy-M, PN16, DN250, 220V, Modbus",Grup: Field Devices | Menşei: CN | Durum: New,true
HME-US16F250S4MG,"US Energy-M, PN16, DN250, 24V, Modbus",Genel,Honeywell,HME-US16F250S4MG,adet,USDTRY,4050.00,0,0,20,,"US Energy-M, PN16, DN250, 24V, Modbus",Grup: Field Devices | Menşei: CN | Durum: New,true
HME-US16F300S2MG,"US Energy-M, PN16, DN300, 220V, Modbus",Genel,Honeywell,HME-US16F300S2MG,adet,USDTRY,5600.00,0,0,20,,"US Energy-M, PN16, DN300, 220V, Modbus",Grup: Field Devices | Menşei: CN | Durum: New,true
HME-US16F300S4MG,"US Energy-M, PN16, DN300, 24V, Modbus",Genel,Honeywell,HME-US16F300S4MG,adet,USDTRY,5565.44,0,0,20,,"US Energy-M, PN16, DN300, 24V, Modbus",Grup: Field Devices | Menşei: CN | Durum: New,true
HME-US16F350S2MG,"US Energy-M, PN16, DN350, 220V, Modbus",Genel,Honeywell,HME-US16F350S2MG,adet,USDTRY,7500.00,0,0,20,,"US Energy-M, PN16, DN350, 220V, Modbus",Grup: Field Devices | Menşei: CN | Durum: New,true
HME-US16F350S4MG,"US Energy-M, PN16, DN350, 24V, Modbus",Genel,Honeywell,HME-US16F350S4MG,adet,USDTRY,7450.00,0,0,20,,"US Energy-M, PN16, DN350, 24V, Modbus",Grup: Field Devices | Menşei: CN | Durum: New,true
HME-US16F400S2MG,"US Energy-M, PN16, DN400, 220V, Modbus",Genel,Honeywell,HME-US16F400S2MG,adet,USDTRY,9400.00,0,0,20,,"US Energy-M, PN16, DN400, 220V, Modbus",Grup: Field Devices | Menşei: CN | Durum: New,true
HME-US16F400S4MG,"US Energy-M, PN16, DN400, 24V, Modbus",Genel,Honeywell,HME-US16F400S4MG,adet,USDTRY,9400.00,0,0,20,,"US Energy-M, PN16, DN400, 24V, Modbus",Grup: Field Devices | Menşei: CN | Durum: New,true
HME-US16F450S2MG,"US Energy-M, PN16, DN450, 220V, Modbus",Genel,Honeywell,HME-US16F450S2MG,adet,USDTRY,11100.00,0,0,20,,"US Energy-M, PN16, DN450, 220V, Modbus",Grup: Field Devices | Menşei: CN | Durum: New,true
HME-US16F450S4MG,"US Energy-M, PN16, DN450, 24V, Modbus",Genel,Honeywell,HME-US16F450S4MG,adet,USDTRY,11035.27,0,0,20,,"US Energy-M, PN16, DN450, 24V, Modbus",Grup: Field Devices | Menşei: CN | Durum: New,true
HME-US16F500S2MG,"US Energy-M, PN16, DN500, 220V, Modbus",Genel,Honeywell,HME-US16F500S2MG,adet,USDTRY,15400.00,0,0,20,,"US Energy-M, PN16, DN500, 220V, Modbus",Grup: Field Devices | Menşei: CN | Durum: New,true
HME-US16F500S4MG,"US Energy-M, PN16, DN500, 24V, Modbus",Genel,Honeywell,HME-US16F500S4MG,adet,USDTRY,15400.00,0,0,20,,"US Energy-M, PN16, DN500, 24V, Modbus",Grup: Field Devices | Menşei: CN | Durum: New,true
HME-US16F600S2MG,"US Energy-M, PN16, DN600, 220V, Modbus",Genel,Honeywell,HME-US16F600S2MG,adet,USDTRY,19800.00,0,0,20,,"US Energy-M, PN16, DN600, 220V, Modbus",Grup: Field Devices | Menşei: CN | Durum: New,true
HME-US16F600S4MG,"US Energy-M, PN16, DN600, 24V, Modbus",Genel,Honeywell,HME-US16F600S4MG,adet,USDTRY,19700.00,0,0,20,,"US Energy-M, PN16, DN600, 24V, Modbus",Grup: Field Devices | Menşei: CN | Durum: New,true
HME-US16R015B2MG,"US Energy-M, PN16, DN15, 220V, Modbus",Genel,Honeywell,HME-US16R015B2MG,adet,USDTRY,212.71,0,0,20,,"US Energy-M, PN16, DN15, 220V, Modbus",Grup: Field Devices | Menşei: CN | Durum: New,true
HME-US16R015B4MG,"US Energy-M, PN16, DN15, 24V, Modbus",Genel,Honeywell,HME-US16R015B4MG,adet,USDTRY,182.48,0,0,20,,"US Energy-M, PN16, DN15, 24V, Modbus",Grup: Field Devices | Menşei: CN | Durum: New,true
HME-US16R020B2MG,"US Energy-M, PN16, DN20, 220V, Modbus",Genel,Honeywell,HME-US16R020B2MG,adet,USDTRY,212.71,0,0,20,,"US Energy-M, PN16, DN20, 220V, Modbus",Grup: Field Devices | Menşei: CN | Durum: New,true
HME-US16R020B4MG,"US Energy-M, PN16, DN20, 24V, Modbus",Genel,Honeywell,HME-US16R020B4MG,adet,USDTRY,182.48,0,0,20,,"US Energy-M, PN16, DN20, 24V, Modbus",Grup: Field Devices | Menşei: CN | Durum: New,true
HME-US16R025B2MG,"US Energy-M, PN16, DN25, 220V, Modbus",Genel,Honeywell,HME-US16R025B2MG,adet,USDTRY,225.26,0,0,20,,"US Energy-M, PN16, DN25, 220V, Modbus",Grup: Field Devices | Menşei: CN | Durum: New,true
HME-US16R025B4MG,"US Energy-M, PN16, DN25, 24V, Modbus",Genel,Honeywell,HME-US16R025B4MG,adet,USDTRY,195.03,0,0,20,,"US Energy-M, PN16, DN25, 24V, Modbus",Grup: Field Devices | Menşei: CN | Durum: New,true
HME-US16R032B2MG,"US Energy-M, PN16, DN32, 220V, Modbus",Genel,Honeywell,HME-US16R032B2MG,adet,USDTRY,360.00,0,0,20,,"US Energy-M, PN16, DN32, 220V, Modbus",Grup: Field Devices | Menşei: CN | Durum: New,true
HME-US16R032B4MG,"US Energy-M, PN16, DN32, 24V, Modbus",Genel,Honeywell,HME-US16R032B4MG,adet,USDTRY,330.00,0,0,20,,"US Energy-M, PN16, DN32, 24V, Modbus",Grup: Field Devices | Menşei: CN | Durum: New,true
HME-US16R040B2MG,"US Energy-M, PN16, DN40, 220V, Modbus",Genel,Honeywell,HME-US16R040B2MG,adet,USDTRY,390.06,0,0,20,,"US Energy-M, PN16, DN40, 220V, Modbus",Grup: Field Devices | Durum: New,true
HME-US16R040B4MG,"US Energy-M, PN16, DN40, 24V, Modbus",Genel,Honeywell,HME-US16R040B4MG,adet,USDTRY,360.00,0,0,20,,"US Energy-M, PN16, DN40, 24V, Modbus",Grup: Field Devices | Menşei: CN | Durum: New,true
HME-US25F050S2MG,"US Energy-M, PN25, DN50, 220V, Modbus",Genel,Honeywell,HME-US25F050S2MG,adet,USDTRY,1840.00,0,0,20,,"US Energy-M, PN25, DN50, 220V, Modbus",Grup: Field Devices | Menşei: CN | Durum: New,true
HME-US25F050S4MG,"US Energy-M, PN25, DN50, 24V, Modbus",Genel,Honeywell,HME-US25F050S4MG,adet,USDTRY,1810.00,0,0,20,,"US Energy-M, PN25, DN50, 24V, Modbus",Grup: Field Devices | Menşei: CN | Durum: New,true
HME-US25F065S2MG,"US Energy-M, PN25, DN65, 220V, Modbus",Genel,Honeywell,HME-US25F065S2MG,adet,USDTRY,2000.00,0,0,20,,"US Energy-M, PN25, DN65, 220V, Modbus",Grup: Field Devices | Menşei: CN | Durum: New,true
HME-US25F065S4MG,"US Energy-M, PN25, DN65, 24V, Modbus",Genel,Honeywell,HME-US25F065S4MG,adet,USDTRY,1970.00,0,0,20,,"US Energy-M, PN25, DN65, 24V, Modbus",Grup: Field Devices | Menşei: CN | Durum: New,true
HME-US25F080S2MG,"US Energy-M, PN25, DN80, 220V, Modbus",Genel,Honeywell,HME-US25F080S2MG,adet,USDTRY,2633.83,0,0,20,,"US Energy-M, PN25, DN80, 220V, Modbus",Grup: Field Devices | Menşei: CN | Durum: New,true
HME-US25F080S4MG,"US Energy-M, PN25, DN80, 24V, Modbus",Genel,Honeywell,HME-US25F080S4MG,adet,USDTRY,2603.89,0,0,20,,"US Energy-M, PN25, DN80, 24V, Modbus",Grup: Field Devices | Menşei: CN | Durum: New,true
HME-US25F100S2MG,"US Energy-M, PN25, DN100, 220V, Modbus",Genel,Honeywell,HME-US25F100S2MG,adet,USDTRY,3350.00,0,0,20,,"US Energy-M, PN25, DN100, 220V, Modbus",Grup: Field Devices | Menşei: CN | Durum: New,true
HME-US25F100S4MG,"US Energy-M, PN25, DN100, 24V, Modbus",Genel,Honeywell,HME-US25F100S4MG,adet,USDTRY,3303.67,0,0,20,,"US Energy-M, PN25, DN100, 24V, Modbus",Grup: Field Devices | Menşei: CN | Durum: New,true
HME-US25F125S2MG,"US Energy-M, PN25, DN125, 220V, Modbus",Genel,Honeywell,HME-US25F125S2MG,adet,USDTRY,3500.00,0,0,20,,"US Energy-M, PN25, DN125, 220V, Modbus",Grup: Field Devices | Menşei: CN | Durum: New,true
HME-US25F125S4MG,"US Energy-M, PN25, DN125, 24V, Modbus",Genel,Honeywell,HME-US25F125S4MG,adet,USDTRY,3455.15,0,0,20,,"US Energy-M, PN25, DN125, 24V, Modbus",Grup: Field Devices | Menşei: CN | Durum: New,true
HME-US25F150S2MG,"US Energy-M, PN25, DN150, 220V, Modbus",Genel,Honeywell,HME-US25F150S2MG,adet,USDTRY,4075.00,0,0,20,,"US Energy-M, PN25, DN150, 220V, Modbus",Grup: Field Devices | Menşei: CN | Durum: New,true
HME-US25F150S4MG,"US Energy-M, PN25, DN150, 24V, Modbus",Genel,Honeywell,HME-US25F150S4MG,adet,USDTRY,4050.00,0,0,20,,"US Energy-M, PN25, DN150, 24V, Modbus",Grup: Field Devices | Menşei: CN | Durum: New,true
HME-US25F200S2MG,"US Energy-M, PN25, DN200, 220V, Modbus",Genel,Honeywell,HME-US25F200S2MG,adet,USDTRY,4650.00,0,0,20,,"US Energy-M, PN25, DN200, 220V, Modbus",Grup: Field Devices | Menşei: CN | Durum: New,true
HME-US25F200S4MG,"US Energy-M, PN25, DN200, 24V, Modbus",Genel,Honeywell,HME-US25F200S4MG,adet,USDTRY,4625.00,0,0,20,,"US Energy-M, PN25, DN200, 24V, Modbus",Grup: Field Devices | Menşei: CN | Durum: New,true
HME-US25F250S2MG,"US Energy-M, PN25, DN250, 220V, Modbus",Genel,Honeywell,HME-US25F250S2MG,adet,USDTRY,6100.00,0,0,20,,"US Energy-M, PN25, DN250, 220V, Modbus",Grup: Field Devices | Menşei: CN | Durum: New,true
HME-US25F250S4MG,"US Energy-M, PN25, DN250, 24V, Modbus",Genel,Honeywell,HME-US25F250S4MG,adet,USDTRY,6050.00,0,0,20,,"US Energy-M, PN25, DN250, 24V, Modbus",Grup: Field Devices | Menşei: CN | Durum: New,true
HME-US25F300S2MG,"US Energy-M, PN25, DN300, 220V, Modbus",Genel,Honeywell,HME-US25F300S2MG,adet,USDTRY,8400.00,0,0,20,,"US Energy-M, PN25, DN300, 220V, Modbus",Grup: Field Devices | Menşei: CN | Durum: New,true
HME-US25F300S4MG,"US Energy-M, PN25, DN300, 24V, Modbus",Genel,Honeywell,HME-US25F300S4MG,adet,USDTRY,8350.00,0,0,20,,"US Energy-M, PN25, DN300, 24V, Modbus",Grup: Field Devices | Menşei: CN | Durum: New,true
HMF-US16F050S2MG,"US Flow-M, PN16, DN50, 220V, Modbus",Genel,Honeywell,HMF-US16F050S2MG,adet,USDTRY,1270.00,0,0,20,,"US Flow-M, PN16, DN50, 220V, Modbus",Grup: Field Devices | Menşei: CN | Durum: New,true
HMF-US16F050S4MG,"US Flow-M, PN16, DN50, 24V, Modbus",Genel,Honeywell,HMF-US16F050S4MG,adet,USDTRY,1240.00,0,0,20,,"US Flow-M, PN16, DN50, 24V, Modbus",Grup: Field Devices | Durum: New,true
HMF-US16F065S2MG,"US Flow-M, PN16, DN65, 220V, Modbus",Genel,Honeywell,HMF-US16F065S2MG,adet,USDTRY,1380.00,0,0,20,,"US Flow-M, PN16, DN65, 220V, Modbus",Grup: Field Devices | Menşei: CN | Durum: New,true
HMF-US16F065S4MG,"US Flow-M, PN16, DN65, 24V, Modbus",Genel,Honeywell,HMF-US16F065S4MG,adet,USDTRY,1350.00,0,0,20,,"US Flow-M, PN16, DN65, 24V, Modbus",Grup: Field Devices | Menşei: CN | Durum: New,true
HMF-US16F080S2MG,"US Flow-M, PN16, DN80, 220V, Modbus",Genel,Honeywell,HMF-US16F080S2MG,adet,USDTRY,1810.00,0,0,20,,"US Flow-M, PN16, DN80, 220V, Modbus",Grup: Field Devices | Menşei: CN | Durum: New,true
HMF-US16F080S4MG,"US Flow-M, PN16, DN80, 24V, Modbus",Genel,Honeywell,HMF-US16F080S4MG,adet,USDTRY,1780.00,0,0,20,,"US Flow-M, PN16, DN80, 24V, Modbus",Grup: Field Devices | Menşei: CN | Durum: New,true
HMF-US16F100S2MG,"US Flow-M, PN16, DN100, 220V, Modbus",Genel,Honeywell,HMF-US16F100S2MG,adet,USDTRY,2275.00,0,0,20,,"US Flow-M, PN16, DN100, 220V, Modbus",Grup: Field Devices | Menşei: CN | Durum: New,true
HMF-US16F100S4MG,"US Flow-M, PN16, DN100, 24V, Modbus",Genel,Honeywell,HMF-US16F100S4MG,adet,USDTRY,2250.00,0,0,20,,"US Flow-M, PN16, DN100, 24V, Modbus",Grup: Field Devices | Menşei: CN | Durum: New,true
HMF-US16F125S2MG,"US Flow-M, PN16, DN125, 220V, Modbus",Genel,Honeywell,HMF-US16F125S2MG,adet,USDTRY,2375.00,0,0,20,,"US Flow-M, PN16, DN125, 220V, Modbus",Grup: Field Devices | Menşei: CN | Durum: New,true
HMF-US16F125S4MG,"US Flow-M, PN16, DN125, 24V, Modbus",Genel,Honeywell,HMF-US16F125S4MG,adet,USDTRY,2350.00,0,0,20,,"US Flow-M, PN16, DN125, 24V, Modbus",Grup: Field Devices | Menşei: CN | Durum: New,true
HMF-US16F150S2MG,"US Flow-M, PN16, DN150, 220V, Modbus",Genel,Honeywell,HMF-US16F150S2MG,adet,USDTRY,2752.49,0,0,20,,"US Flow-M, PN16, DN150, 220V, Modbus",Grup: Field Devices | Menşei: CN | Durum: New,true
HMF-US16F150S4MG,"US Flow-M, PN16, DN150, 24V, Modbus",Genel,Honeywell,HMF-US16F150S4MG,adet,USDTRY,2725.00,0,0,20,,"US Flow-M, PN16, DN150, 24V, Modbus",Grup: Field Devices | Menşei: CN | Durum: New,true
HMF-US16F200S2MG,"US Flow-M, PN16, DN200, 220V, Modbus",Genel,Honeywell,HMF-US16F200S2MG,adet,USDTRY,3150.00,0,0,20,,"US Flow-M, PN16, DN200, 220V, Modbus",Grup: Field Devices | Menşei: CN | Durum: New,true
HMF-US16F200S4MG,"US Flow-M, PN16, DN200, 24V, Modbus",Genel,Honeywell,HMF-US16F200S4MG,adet,USDTRY,3105.55,0,0,20,,"US Flow-M, PN16, DN200, 24V, Modbus",Grup: Field Devices | Menşei: CN | Durum: New,true
HMF-US16F250S2MG,"US Flow-M, PN16, DN250, 220V, Modbus",Genel,Honeywell,HMF-US16F250S2MG,adet,USDTRY,4100.00,0,0,20,,"US Flow-M, PN16, DN250, 220V, Modbus",Grup: Field Devices | Menşei: CN | Durum: New,true
HMF-US16F250S4MG,"US Flow-M, PN16, DN250, 24V, Modbus",Genel,Honeywell,HMF-US16F250S4MG,adet,USDTRY,4075.00,0,0,20,,"US Flow-M, PN16, DN250, 24V, Modbus",Grup: Field Devices | Menşei: CN | Durum: New,true
HMF-US16F300S2MG,"US Flow-M, PN16, DN300, 220V, Modbus",Genel,Honeywell,HMF-US16F300S2MG,adet,USDTRY,5650.00,0,0,20,,"US Flow-M, PN16, DN300, 220V, Modbus",Grup: Field Devices | Menşei: CN | Durum: New,true
HMF-US16F300S4MG,"US Flow-M, PN16, DN300, 24V, Modbus",Genel,Honeywell,HMF-US16F300S4MG,adet,USDTRY,5601.15,0,0,20,,"US Flow-M, PN16, DN300, 24V, Modbus",Grup: Field Devices | Menşei: CN | Durum: New,true
HMF-US16F350S2MG,"US Flow-M, PN16, DN350, 220V, Modbus",Genel,Honeywell,HMF-US16F350S2MG,adet,USDTRY,7503.52,0,0,20,,"US Flow-M, PN16, DN350, 220V, Modbus",Grup: Field Devices | Menşei: CN | Durum: New,true
HMF-US16F350S4MG,"US Flow-M, PN16, DN350, 24V, Modbus",Genel,Honeywell,HMF-US16F350S4MG,adet,USDTRY,7500.00,0,0,20,,"US Flow-M, PN16, DN350, 24V, Modbus",Grup: Field Devices | Menşei: CN | Durum: New,true
HMF-US16F400S2MG,"US Flow-M, PN16, DN400, 220V, Modbus",Genel,Honeywell,HMF-US16F400S2MG,adet,USDTRY,9450.00,0,0,20,,"US Flow-M, PN16, DN400, 220V, Modbus",Grup: Field Devices | Menşei: CN | Durum: New,true
HMF-US16F400S4MG,"US Flow-M, PN16, DN400, 24V, Modbus",Genel,Honeywell,HMF-US16F400S4MG,adet,USDTRY,9400.00,0,0,20,,"US Flow-M, PN16, DN400, 24V, Modbus",Grup: Field Devices | Menşei: CN | Durum: New,true
HMF-US16F450S2MG,"US Flow-M, PN16, DN450, 220V, Modbus",Genel,Honeywell,HMF-US16F450S2MG,adet,USDTRY,11100.93,0,0,20,,"US Flow-M, PN16, DN450, 220V, Modbus",Grup: Field Devices | Menşei: CN | Durum: New,true
HMF-US16F450S4MG,"US Flow-M, PN16, DN450, 24V, Modbus",Genel,Honeywell,HMF-US16F450S4MG,adet,USDTRY,11100.00,0,0,20,,"US Flow-M, PN16, DN450, 24V, Modbus",Grup: Field Devices | Menşei: CN | Durum: New,true
HMF-US16F500S2MG,"US Flow-M, PN16, DN500, 220V, Modbus",Genel,Honeywell,HMF-US16F500S2MG,adet,USDTRY,15417.70,0,0,20,,"US Flow-M, PN16, DN500, 220V, Modbus",Grup: Field Devices | Menşei: CN | Durum: New,true
HMF-US16F500S4MG,"US Flow-M, PN16, DN500, 24V, Modbus",Genel,Honeywell,HMF-US16F500S4MG,adet,USDTRY,15400.00,0,0,20,,"US Flow-M, PN16, DN500, 24V, Modbus",Grup: Field Devices | Menşei: CN | Durum: New,true
HMF-US16F600S2MG,"US Flow-M, PN16, DN600, 220V, Modbus",Genel,Honeywell,HMF-US16F600S2MG,adet,USDTRY,19800.00,0,0,20,,"US Flow-M, PN16, DN600, 220V, Modbus",Grup: Field Devices | Menşei: CN | Durum: New,true
HMF-US16F600S4MG,"US Flow-M, PN16, DN600, 24V, Modbus",Genel,Honeywell,HMF-US16F600S4MG,adet,USDTRY,19800.00,0,0,20,,"US Flow-M, PN16, DN600, 24V, Modbus",Grup: Field Devices | Menşei: CN | Durum: New,true
HMF-US16R015B2MG,"US Flow-M, PN16, DN15, 220V, Modbus",Genel,Honeywell,HMF-US16R015B2MG,adet,USDTRY,267.45,0,0,20,,"US Flow-M, PN16, DN15, 220V, Modbus",Grup: Field Devices | Menşei: CN | Durum: New,true
HMF-US16R015B4MG,"US Flow-M, PN16, DN15, 24V, Modbus",Genel,Honeywell,HMF-US16R015B4MG,adet,USDTRY,237.80,0,0,20,,"US Flow-M, PN16, DN15, 24V, Modbus",Grup: Field Devices | Menşei: CN | Durum: New,true
HMF-US16R020B2MG,"US Flow-M, PN16, DN20, 220V, Modbus",Genel,Honeywell,HMF-US16R020B2MG,adet,USDTRY,267.45,0,0,20,,"US Flow-M, PN16, DN20, 220V, Modbus",Grup: Field Devices | Menşei: CN | Durum: New,true
HMF-US16R020B4MG,"US Flow-M, PN16, DN20, 24V, Modbus",Genel,Honeywell,HMF-US16R020B4MG,adet,USDTRY,237.80,0,0,20,,"US Flow-M, PN16, DN20, 24V, Modbus",Grup: Field Devices | Menşei: CN | Durum: New,true
HMF-US16R025B2MG,"US Flow-M, PN16, DN25, 220V, Modbus",Genel,Honeywell,HMF-US16R025B2MG,adet,USDTRY,280.00,0,0,20,,"US Flow-M, PN16, DN25, 220V, Modbus",Grup: Field Devices | Menşei: CN | Durum: New,true
HMF-US16R025B4MG,"US Flow-M, PN16, DN25, 24V, Modbus",Genel,Honeywell,HMF-US16R025B4MG,adet,USDTRY,250.34,0,0,20,,"US Flow-M, PN16, DN25, 24V, Modbus",Grup: Field Devices | Menşei: CN | Durum: New,true
HMF-US16R032B2MG,"US Flow-M, PN16, DN32, 220V, Modbus",Genel,Honeywell,HMF-US16R032B2MG,adet,USDTRY,415.00,0,0,20,,"US Flow-M, PN16, DN32, 220V, Modbus",Grup: Field Devices | Menşei: CN | Durum: New,true
HMF-US16R032B4MG,"US Flow-M, PN16, DN32, 24V, Modbus",Genel,Honeywell,HMF-US16R032B4MG,adet,USDTRY,385.00,0,0,20,,"US Flow-M, PN16, DN32, 24V, Modbus",Grup: Field Devices | Menşei: CN | Durum: New,true
HMF-US16R040B2MG,"US Flow-M, PN16, DN40, 220V, Modbus",Genel,Honeywell,HMF-US16R040B2MG,adet,USDTRY,445.00,0,0,20,,"US Flow-M, PN16, DN40, 220V, Modbus",Grup: Field Devices | Menşei: CN | Durum: New,true
HMF-US16R040B4MG,"US Flow-M, PN16, DN40, 24V, Modbus",Genel,Honeywell,HMF-US16R040B4MG,adet,USDTRY,415.15,0,0,20,,"US Flow-M, PN16, DN40, 24V, Modbus",Grup: Field Devices | Menşei: CN | Durum: New,true
HMF-US25F050S2MG,"US Flow-M, PN25, DN50, 220V, Modbus",Genel,Honeywell,HMF-US25F050S2MG,adet,USDTRY,1860.00,0,0,20,,"US Flow-M, PN25, DN50, 220V, Modbus",Grup: Field Devices | Menşei: CN | Durum: New,true
HMF-US25F050S4MG,"US Flow-M, PN25, DN50, 24V, Modbus",Genel,Honeywell,HMF-US25F050S4MG,adet,USDTRY,1830.00,0,0,20,,"US Flow-M, PN25, DN50, 24V, Modbus",Grup: Field Devices | Menşei: CN | Durum: New,true
HMF-US25F065S2MG,"US Flow-M, PN25, DN65, 220V, Modbus",Genel,Honeywell,HMF-US25F065S2MG,adet,USDTRY,2025.00,0,0,20,,"US Flow-M, PN25, DN65, 220V, Modbus",Grup: Field Devices | Menşei: CN | Durum: New,true
HMF-US25F065S4MG,"US Flow-M, PN25, DN65, 24V, Modbus",Genel,Honeywell,HMF-US25F065S4MG,adet,USDTRY,2000.00,0,0,20,,"US Flow-M, PN25, DN65, 24V, Modbus",Grup: Field Devices | Menşei: CN | Durum: New,true
HMF-US25F080S2MG,"US Flow-M, PN25, DN80, 220V, Modbus",Genel,Honeywell,HMF-US25F080S2MG,adet,USDTRY,2656.88,0,0,20,,"US Flow-M, PN25, DN80, 220V, Modbus",Grup: Field Devices | Menşei: CN | Durum: New,true
HMF-US25F080S4MG,"US Flow-M, PN25, DN80, 24V, Modbus",Genel,Honeywell,HMF-US25F080S4MG,adet,USDTRY,2626.35,0,0,20,,"US Flow-M, PN25, DN80, 24V, Modbus",Grup: Field Devices | Menşei: CN | Durum: New,true
HMF-US25F100S2MG,"US Flow-M, PN25, DN100, 220V, Modbus",Genel,Honeywell,HMF-US25F100S2MG,adet,USDTRY,3356.67,0,0,20,,"US Flow-M, PN25, DN100, 220V, Modbus",Grup: Field Devices | Menşei: CN | Durum: New,true
HMF-US25F100S4MG,"US Flow-M, PN25, DN100, 24V, Modbus",Genel,Honeywell,HMF-US25F100S4MG,adet,USDTRY,3326.72,0,0,20,,"US Flow-M, PN25, DN100, 24V, Modbus",Grup: Field Devices | Menşei: CN | Durum: New,true
HMF-US25F125S2MG,"US Flow-M, PN25, DN125, 220V, Modbus",Genel,Honeywell,HMF-US25F125S2MG,adet,USDTRY,3525.00,0,0,20,,"US Flow-M, PN25, DN125, 220V, Modbus",Grup: Field Devices | Menşei: CN | Durum: New,true
HMF-US25F125S4MG,"US Flow-M, PN25, DN125, 24V, Modbus",Genel,Honeywell,HMF-US25F125S4MG,adet,USDTRY,3478.19,0,0,20,,"US Flow-M, PN25, DN125, 24V, Modbus",Grup: Field Devices | Menşei: CN | Durum: New,true
HMF-US25F150S2MG,"US Flow-M, PN25, DN150, 220V, Modbus",Genel,Honeywell,HMF-US25F150S2MG,adet,USDTRY,4100.00,0,0,20,,"US Flow-M, PN25, DN150, 220V, Modbus",Grup: Field Devices | Menşei: CN | Durum: New,true
HMF-US25F150S4MG,"US Flow-M, PN25, DN150, 24V, Modbus",Genel,Honeywell,HMF-US25F150S4MG,adet,USDTRY,4052.99,0,0,20,,"US Flow-M, PN25, DN150, 24V, Modbus",Grup: Field Devices | Menşei: CN | Durum: New,true
HMF-US25F200S2MG,"US Flow-M, PN25, DN200, 220V, Modbus",Genel,Honeywell,HMF-US25F200S2MG,adet,USDTRY,4675.00,0,0,20,,"US Flow-M, PN25, DN200, 220V, Modbus",Grup: Field Devices | Menşei: CN | Durum: New,true
HMF-US25F200S4MG,"US Flow-M, PN25, DN200, 24V, Modbus",Genel,Honeywell,HMF-US25F200S4MG,adet,USDTRY,4650.00,0,0,20,,"US Flow-M, PN25, DN200, 24V, Modbus",Grup: Field Devices | Menşei: CN | Durum: New,true
HMF-US25F250S2MG,"US Flow-M, PN25, DN250, 220V, Modbus",Genel,Honeywell,HMF-US25F250S2MG,adet,USDTRY,6100.00,0,0,20,,"US Flow-M, PN25, DN250, 220V, Modbus",Grup: Field Devices | Menşei: CN | Durum: New,true
HMF-US25F250S4MG,"US Flow-M, PN25, DN250, 24V, Modbus",Genel,Honeywell,HMF-US25F250S4MG,adet,USDTRY,6100.00,0,0,20,,"US Flow-M, PN25, DN250, 24V, Modbus",Grup: Field Devices | Menşei: CN | Durum: New,true
HMF-US25F300S2MG,"US Flow-M, PN25, DN300, 220V, Modbus",Genel,Honeywell,HMF-US25F300S2MG,adet,USDTRY,8401.43,0,0,20,,"US Flow-M, PN25, DN300, 220V, Modbus",Grup: Field Devices | Menşei: CN | Durum: New,true
HMF-US25F300S4MG,"US Flow-M, PN25, DN300, 24V, Modbus",Genel,Honeywell,HMF-US25F300S4MG,adet,USDTRY,8400.00,0,0,20,,"US Flow-M, PN25, DN300, 24V, Modbus",Grup: Field Devices | Menşei: CN | Durum: New,true
HSCD-D1U,"CO2 sensor, Duct, Single, V&A",Raw Materials and Shared Components,Honeywell,HSCD-D1U,adet,USDTRY,125.00,0,0,20,,"CO2 sensor, Duct, Single, V&A",Grup: Field Devices | Alt kategori: Raw Materials and Shared Components | Menşei: CN | Durum: Active,true
HSCD-D1UL,"CO2 sensor, Duct, Single, V&A, LCD",Raw Materials and Shared Components,Honeywell,HSCD-D1UL,adet,USDTRY,127.55,0,0,20,,"CO2 sensor, Duct, Single, V&A, LCD",Grup: Field Devices | Alt kategori: Raw Materials and Shared Components | Menşei: CN | Durum: Active,true
HSCD-D2M,"CO2 sensor, Duct, Dual, Modbus",Raw Materials and Shared Components,Honeywell,HSCD-D2M,adet,USDTRY,171.11,0,0,20,,"CO2 sensor, Duct, Dual, Modbus",Grup: Field Devices | Alt kategori: Raw Materials and Shared Components | Menşei: CN | Durum: Active,true
HSCD-D2ML,"CO2 sensor, Duct, Dual, Modbus, LCD",Genel,Honeywell,HSCD-D2ML,adet,USDTRY,170.07,0,0,20,,"CO2 sensor, Duct, Dual, Modbus, LCD",Grup: Field Devices | Menşei: CN | Durum: Active,true
HSCD-D2U,"CO2 sensor, Duct, Dual, V&A",Raw Materials and Shared Components,Honeywell,HSCD-D2U,adet,USDTRY,155.55,0,0,20,,"CO2 sensor, Duct, Dual, V&A",Grup: Field Devices | Alt kategori: Raw Materials and Shared Components | Menşei: CN | Durum: Active,true
HSCD-D2UL,"CO2 sensor, Duct, Dual, V&A, LCD",Raw Materials and Shared Components,Honeywell,HSCD-D2UL,adet,USDTRY,158.66,0,0,20,,"CO2 sensor, Duct, Dual, V&A, LCD",Grup: Field Devices | Alt kategori: Raw Materials and Shared Components | Menşei: CN | Durum: Active,true
HSCD-R1U,"CO2 sensor, Room, Single, V&A",Raw Materials and Shared Components,Honeywell,HSCD-R1U,adet,USDTRY,110.00,0,0,20,,"CO2 sensor, Room, Single, V&A",Grup: Field Devices | Alt kategori: Raw Materials and Shared Components | Menşei: CN | Durum: Active,true
HSCD-R1UL,"CO2 sensor, Room, Single, V&A, LCD",Raw Materials and Shared Components,Honeywell,HSCD-R1UL,adet,USDTRY,116.14,0,0,20,,"CO2 sensor, Room, Single, V&A, LCD",Grup: Field Devices | Alt kategori: Raw Materials and Shared Components | Menşei: CN | Durum: Active,true
HSCD-R2M,"CO2 sensor, Room, Dual, Modbus",Raw Materials and Shared Components,Honeywell,HSCD-R2M,adet,USDTRY,155.55,0,0,20,,"CO2 sensor, Room, Dual, Modbus",Grup: Field Devices | Alt kategori: Raw Materials and Shared Components | Menşei: CN | Durum: Active,true
HSCD-R2ML,"CO2 sensor, Room, Dual, Modbus, LCD",Raw Materials and Shared Components,Honeywell,HSCD-R2ML,adet,USDTRY,160.74,0,0,20,,"CO2 sensor, Room, Dual, Modbus, LCD",Grup: Field Devices | Alt kategori: Raw Materials and Shared Components | Menşei: CN | Durum: Active,true
HSCD-R2U,"CO2 sensor, Room, Dual, V&A",Raw Materials and Shared Components,Honeywell,HSCD-R2U,adet,USDTRY,143.11,0,0,20,,"CO2 sensor, Room, Dual, V&A",Grup: Field Devices | Alt kategori: Raw Materials and Shared Components | Menşei: CN | Durum: Active,true
HSCD-R2UL,"CO2 sensor, Room, Dual, V&A, LCD",Raw Materials and Shared Components,Honeywell,HSCD-R2UL,adet,USDTRY,148.29,0,0,20,,"CO2 sensor, Room, Dual, V&A, LCD",Grup: Field Devices | Alt kategori: Raw Materials and Shared Components | Menşei: CN | Durum: Active,true
HSCM-R100M,"CO sensor, 100PPM, Modbus",Raw Materials and Shared Components,Honeywell,HSCM-R100M,adet,USDTRY,100.00,0,0,20,,"CO sensor, 100PPM, Modbus",Grup: Field Devices | Alt kategori: Raw Materials and Shared Components | Menşei: CN | Durum: Active,true
HSCM-R100ML,"CO sensor, 100PPM,  Modbus, LCD",Raw Materials and Shared Components,Honeywell,HSCM-R100ML,adet,USDTRY,102.66,0,0,20,,"CO sensor, 100PPM,  Modbus, LCD",Grup: Field Devices | Alt kategori: Raw Materials and Shared Components | Menşei: CN | Durum: Active,true
HSCM-R100U,"CO sensor, 100PPM, V/A",Raw Materials and Shared Components,Honeywell,HSCM-R100U,adet,USDTRY,86.07,0,0,20,,"CO sensor, 100PPM, V/A",Grup: Field Devices | Alt kategori: Raw Materials and Shared Components | Menşei: CN | Durum: Active,true
HSCM-R100UL,"CO sensor, 100PPM, V/A, LCD",Raw Materials and Shared Components,Honeywell,HSCM-R100UL,adet,USDTRY,89.18,0,0,20,,"CO sensor, 100PPM, V/A, LCD",Grup: Field Devices | Alt kategori: Raw Materials and Shared Components | Menşei: CN | Durum: Active,true
HSCM-R100ULS,"CO sensor, 100PPM, V/A, LCD, Relay",Raw Materials and Shared Components,Honeywell,HSCM-R100ULS,adet,USDTRY,95.40,0,0,20,,"CO sensor, 100PPM, V/A, LCD, Relay",Grup: Field Devices | Alt kategori: Raw Materials and Shared Components | Menşei: CN | Durum: Active,true
HSCM-R100US,"CO sensor, 100PPM, V/A, Relay",Genel,Honeywell,HSCM-R100US,adet,USDTRY,91.26,0,0,20,,"CO sensor, 100PPM, V/A, Relay",Grup: Field Devices | Menşei: CN | Durum: Active,true
HSCM-R400M,"CO sensor, 400PPM, Modbus",Raw Materials and Shared Components,Honeywell,HSCM-R400M,adet,USDTRY,100.00,0,0,20,,"CO sensor, 400PPM, Modbus",Grup: Field Devices | Alt kategori: Raw Materials and Shared Components | Menşei: CN | Durum: Active,true
HSCM-R400ML,"CO sensor, 400PPM,  Modbus, LCD",Raw Materials and Shared Components,Honeywell,HSCM-R400ML,adet,USDTRY,102.66,0,0,20,,"CO sensor, 400PPM,  Modbus, LCD",Grup: Field Devices | Alt kategori: Raw Materials and Shared Components | Menşei: CN | Durum: Active,true
HSCM-R400U,"CO sensor, 400PPM, V/A",Raw Materials and Shared Components,Honeywell,HSCM-R400U,adet,USDTRY,86.07,0,0,20,,"CO sensor, 400PPM, V/A",Grup: Field Devices | Alt kategori: Raw Materials and Shared Components | Menşei: CN | Durum: Active,true
HSCM-R400UL,"CO sensor, 400PPM, V/A, LCD",Raw Materials and Shared Components,Honeywell,HSCM-R400UL,adet,USDTRY,89.18,0,0,20,,"CO sensor, 400PPM, V/A, LCD",Grup: Field Devices | Alt kategori: Raw Materials and Shared Components | Menşei: CN | Durum: Active,true
HSCM-R400ULS,"CO sensor, 400PPM, V/A, LCD, Relay",Raw Materials and Shared Components,Honeywell,HSCM-R400ULS,adet,USDTRY,95.40,0,0,20,,"CO sensor, 400PPM, V/A, LCD, Relay",Grup: Field Devices | Alt kategori: Raw Materials and Shared Components | Menşei: CN | Durum: Active,true
HSCM-R400US,"CO sensor, 400PPM, V/A, Relay",Raw Materials and Shared Components,Honeywell,HSCM-R400US,adet,USDTRY,91.26,0,0,20,,"CO sensor, 400PPM, V/A, Relay",Grup: Field Devices | Alt kategori: Raw Materials and Shared Components | Menşei: CN | Durum: Active,true
HSDP2-A1000A1,"Air DP XMTR, 0-1000Pa, 4-20mA",Sensors and Wall Modules,Honeywell,HSDP2-A1000A1,adet,USDTRY,156.30,0,0,20,,"Air DP XMTR, 0-1000Pa, 4-20mA",Grup: Field Devices | Alt kategori: Pressure Sensor | Menşei: CN | Durum: Active,true
HSDP2-A1000A2,"Air DP XMTR, -1000-1000Pa, 4-20mA",Genel,Honeywell,HSDP2-A1000A2,adet,USDTRY,155.00,0,0,20,,"Air DP XMTR, -1000-1000Pa, 4-20mA",Grup: Field Devices | Menşei: CN | Durum: Active,true
HSDP2-A1000V1,"Air DP XMTR, 0-1000Pa, 0-10V",Sensors and Wall Modules,Honeywell,HSDP2-A1000V1,adet,USDTRY,156.30,0,0,20,,"Air DP XMTR, 0-1000Pa, 0-10V",Grup: Field Devices | Alt kategori: Pressure Sensor | Menşei: CN | Durum: Active,true
HSDP2-A1000V2,"Air DP XMTR, -1000-1000Pa, 0-10V",Sensors and Wall Modules,Honeywell,HSDP2-A1000V2,adet,USDTRY,156.30,0,0,20,,"Air DP XMTR, -1000-1000Pa, 0-10V",Grup: Field Devices | Alt kategori: Pressure Sensor | Menşei: CN | Durum: Active,true
HSDP2-A500A1,"Air DP XMTR, 0-500Pa, 4-20mA",Sensors and Wall Modules,Honeywell,HSDP2-A500A1,adet,USDTRY,156.30,0,0,20,,"Air DP XMTR, 0-500Pa, 4-20mA",Grup: Field Devices | Alt kategori: Pressure Sensor | Menşei: CN | Durum: Active,true
HSDP2-A500A2,"Air DP XMTR, -500-500Pa, 4-20mA",Genel,Honeywell,HSDP2-A500A2,adet,USDTRY,155.00,0,0,20,,"Air DP XMTR, -500-500Pa, 4-20mA",Grup: Field Devices | Menşei: CN | Durum: Active,true
HSDP2-A500V1,"Air DP XMTR, 0-500Pa, 0-10V",Sensors and Wall Modules,Honeywell,HSDP2-A500V1,adet,USDTRY,156.30,0,0,20,,"Air DP XMTR, 0-500Pa, 0-10V",Grup: Field Devices | Alt kategori: Pressure Sensor | Menşei: CN | Durum: Active,true
HSDP2-A500V2,"Air DP XMTR, -500-500Pa, 0-10V",Sensors and Wall Modules,Honeywell,HSDP2-A500V2,adet,USDTRY,156.30,0,0,20,,"Air DP XMTR, -500-500Pa, 0-10V",Grup: Field Devices | Alt kategori: Pressure Sensor | Menşei: CN | Durum: Active,true
HSDP-A10000M,"Air DP XMTR, 10000Pa, Modbus",Genel,Honeywell,HSDP-A10000M,adet,USDTRY,218.81,0,0,20,,"Air DP XMTR, 10000Pa, Modbus",Grup: Field Devices | Menşei: CN | Durum: Active,true
HSDP-A10000ML,"Air DP XMTR, 10000Pa, Modbus, LCD",Genel,Honeywell,HSDP-A10000ML,adet,USDTRY,237.47,0,0,20,,"Air DP XMTR, 10000Pa, Modbus, LCD",Grup: Field Devices | Menşei: CN | Durum: Active,true
HSDP-A10000U,"Air DP XMTR, 10000Pa",Sensors and Wall Modules,Honeywell,HSDP-A10000U,adet,USDTRY,206.65,0,0,20,,"Air DP XMTR, 10000Pa",Grup: Field Devices | Alt kategori: Pressure Sensor | Menşei: CN | Durum: Active,true
HSDP-A10000UL,"Air DP XMTR, 10000Pa, LCD",Sensors and Wall Modules,Honeywell,HSDP-A10000UL,adet,USDTRY,220.00,0,0,20,,"Air DP XMTR, 10000Pa, LCD",Grup: Field Devices | Alt kategori: Pressure Sensor | Menşei: CN | Durum: Active,true
HSDP-A1000M,"Air DP XMTR, 1000Pa, Modbus",Genel,Honeywell,HSDP-A1000M,adet,USDTRY,218.81,0,0,20,,"Air DP XMTR, 1000Pa, Modbus",Grup: Field Devices | Menşei: CN | Durum: Active,true
HSDP-A1000ML,"Air DP XMTR, 1000Pa, Modbus, LCD",Genel,Honeywell,HSDP-A1000ML,adet,USDTRY,237.47,0,0,20,,"Air DP XMTR, 1000Pa, Modbus, LCD",Grup: Field Devices | Menşei: CN | Durum: Active,true
HSDP-A1000U,"Air DP XMTR, 1000Pa",Sensors and Wall Modules,Honeywell,HSDP-A1000U,adet,USDTRY,206.65,0,0,20,,"Air DP XMTR, 1000Pa",Grup: Field Devices | Alt kategori: Pressure Sensor | Menşei: CN | Durum: Active,true
HSDP-A1000UL,"Air DP XMTR, 1000Pa, LCD",Sensors and Wall Modules,Honeywell,HSDP-A1000UL,adet,USDTRY,220.00,0,0,20,,"Air DP XMTR, 1000Pa, LCD",Grup: Field Devices | Alt kategori: Pressure Sensor | Menşei: CN | Durum: Active,true
HSDP-A100M,"Air DP XMTR, 100Pa, Modbus",Genel,Honeywell,HSDP-A100M,adet,USDTRY,218.81,0,0,20,,"Air DP XMTR, 100Pa, Modbus",Grup: Field Devices | Menşei: CN | Durum: Active,true
HSDP-A100ML,"Air DP XMTR, 100Pa, Modbus, LCD",Genel,Honeywell,HSDP-A100ML,adet,USDTRY,237.47,0,0,20,,"Air DP XMTR, 100Pa, Modbus, LCD",Grup: Field Devices | Menşei: CN | Durum: Active,true
HSDP-A100U,"Air DP XMTR, 100Pa",Sensors and Wall Modules,Honeywell,HSDP-A100U,adet,USDTRY,206.65,0,0,20,,"Air DP XMTR, 100Pa",Grup: Field Devices | Alt kategori: Pressure Sensor | Menşei: CN | Durum: Active,true
HSDP-A100UL,"Air DP XMTR, 100Pa, LCD",Sensors and Wall Modules,Honeywell,HSDP-A100UL,adet,USDTRY,220.00,0,0,20,,"Air DP XMTR, 100Pa, LCD",Grup: Field Devices | Alt kategori: Pressure Sensor | Menşei: CN | Durum: Active,true
HSDP-W0035A,"Liquid DP XMTR, 35kPa, 4-20mA",Genel,Honeywell,HSDP-W0035A,adet,USDTRY,325.62,0,0,20,,"Liquid DP XMTR, 35kPa, 4-20mA",Grup: Field Devices | Menşei: CN | Durum: Active,true
HSDP-W0035AL,"Liquid DP XMTR, 35kPa, 4-20mA, LED",Genel,Honeywell,HSDP-W0035AL,adet,USDTRY,361.91,0,0,20,,"Liquid DP XMTR, 35kPa, 4-20mA, LED",Grup: Field Devices | Menşei: CN | Durum: Active,true
HSDP-W0035M,"Liquid DP XMTR, 35kPa, Modbus",Genel,Honeywell,HSDP-W0035M,adet,USDTRY,361.91,0,0,20,,"Liquid DP XMTR, 35kPa, Modbus",Grup: Field Devices | Menşei: CN | Durum: Active,true
HSDP-W0035V,"Liquid DP XMTR, 35kPa, 0-10V",Sensors and Wall Modules,Honeywell,HSDP-W0035V,adet,USDTRY,330.00,0,0,20,,"Liquid DP XMTR, 35kPa, 0-10V",Grup: Field Devices | Alt kategori: Pressure Sensor | Menşei: CN | Durum: Active,true
HSDP-W0070A,"Liquid DP XMTR, 70kPa, 4-20mA",Genel,Honeywell,HSDP-W0070A,adet,USDTRY,325.62,0,0,20,,"Liquid DP XMTR, 70kPa, 4-20mA",Grup: Field Devices | Menşei: CN | Durum: Active,true
HSDP-W0070AL,"Liquid DP XMTR, 70kPa, 4-20mA, LED",Genel,Honeywell,HSDP-W0070AL,adet,USDTRY,361.91,0,0,20,,"Liquid DP XMTR, 70kPa, 4-20mA, LED",Grup: Field Devices | Menşei: CN | Durum: Active,true
HSDP-W0070M,"Liquid DP XMTR, 70kPa, Modbus",Genel,Honeywell,HSDP-W0070M,adet,USDTRY,361.91,0,0,20,,"Liquid DP XMTR, 70kPa, Modbus",Grup: Field Devices | Menşei: CN | Durum: Active,true
HSDP-W0070V,"Liquid DP XMTR, 70kPa, 0-10V",Genel,Honeywell,HSDP-W0070V,adet,USDTRY,325.62,0,0,20,,"Liquid DP XMTR, 70kPa, 0-10V",Grup: Field Devices | Menşei: CN | Durum: Active,true
HSDP-W0100A,"Liquid DP XMTR, 100kPa, 4-20mA",Sensors and Wall Modules,Honeywell,HSDP-W0100A,adet,USDTRY,330.00,0,0,20,,"Liquid DP XMTR, 100kPa, 4-20mA",Grup: Field Devices | Alt kategori: Pressure Sensor | Menşei: CN | Durum: Active,true
HSDP-W0100AL,"Liquid DP XMTR, 100kPa, 4-20mA, LED",Genel,Honeywell,HSDP-W0100AL,adet,USDTRY,361.91,0,0,20,,"Liquid DP XMTR, 100kPa, 4-20mA, LED",Grup: Field Devices | Menşei: CN | Durum: Active,true
HSDP-W0100M,"Liquid DP XMTR, 100kPa, Modbus",Genel,Honeywell,HSDP-W0100M,adet,USDTRY,361.91,0,0,20,,"Liquid DP XMTR, 100kPa, Modbus",Grup: Field Devices | Menşei: CN | Durum: Active,true
HSDP-W0100V,"Liquid DP XMTR, 100kPa, 0-10V",Sensors and Wall Modules,Honeywell,HSDP-W0100V,adet,USDTRY,330.00,0,0,20,,"Liquid DP XMTR, 100kPa, 0-10V",Grup: Field Devices | Alt kategori: Pressure Sensor | Menşei: CN | Durum: Active,true
HSDP-W0200A,"Liquid DP XMTR, 200kPa, 4-20mA",Sensors and Wall Modules,Honeywell,HSDP-W0200A,adet,USDTRY,330.00,0,0,20,,"Liquid DP XMTR, 200kPa, 4-20mA",Grup: Field Devices | Alt kategori: Pressure Sensor | Menşei: CN | Durum: Active,true
HSDP-W0200AL,"Liquid DP XMTR, 200kPa, 4-20mA, LED",Genel,Honeywell,HSDP-W0200AL,adet,USDTRY,361.91,0,0,20,,"Liquid DP XMTR, 200kPa, 4-20mA, LED",Grup: Field Devices | Menşei: CN | Durum: Active,true
HSDP-W0200M,"Liquid DP XMTR, 200kPa, Modbus",Genel,Honeywell,HSDP-W0200M,adet,USDTRY,361.91,0,0,20,,"Liquid DP XMTR, 200kPa, Modbus",Grup: Field Devices | Menşei: CN | Durum: Active,true
HSDP-W0200V,"Liquid DP XMTR, 200kPa, 0-10V",Sensors and Wall Modules,Honeywell,HSDP-W0200V,adet,USDTRY,330.00,0,0,20,,"Liquid DP XMTR, 200kPa, 0-10V",Grup: Field Devices | Alt kategori: Pressure Sensor | Menşei: CN | Durum: Active,true
HSDP-W0350A,"Liquid DP XMTR, 350kPa, 4-20mA",Sensors and Wall Modules,Honeywell,HSDP-W0350A,adet,USDTRY,330.00,0,0,20,,"Liquid DP XMTR, 350kPa, 4-20mA",Grup: Field Devices | Alt kategori: Pressure Sensor | Menşei: CN | Durum: Active,true
HSDP-W0350AL,"Liquid DP XMTR, 350kPa, 4-20mA, LED",Genel,Honeywell,HSDP-W0350AL,adet,USDTRY,361.91,0,0,20,,"Liquid DP XMTR, 350kPa, 4-20mA, LED",Grup: Field Devices | Menşei: CN | Durum: Active,true
HSDP-W0350M,"Liquid DP XMTR, 350kPa, Modbus",Genel,Honeywell,HSDP-W0350M,adet,USDTRY,361.91,0,0,20,,"Liquid DP XMTR, 350kPa, Modbus",Grup: Field Devices | Menşei: CN | Durum: Active,true
HSDP-W0350V,"Liquid DP XMTR, 350kPa, 0-10V",Sensors and Wall Modules,Honeywell,HSDP-W0350V,adet,USDTRY,330.00,0,0,20,,"Liquid DP XMTR, 350kPa, 0-10V",Grup: Field Devices | Alt kategori: Pressure Sensor | Menşei: CN | Durum: Active,true
HSDP-W0700A,"Liquid DP XMTR, 700kPa, 4-20mA",Sensors and Wall Modules,Honeywell,HSDP-W0700A,adet,USDTRY,330.00,0,0,20,,"Liquid DP XMTR, 700kPa, 4-20mA",Grup: Field Devices | Alt kategori: Pressure Sensor | Menşei: CN | Durum: Active,true
HSDP-W0700AL,"Liquid DP XMTR, 700kPa, 4-20mA, LED",Genel,Honeywell,HSDP-W0700AL,adet,USDTRY,361.91,0,0,20,,"Liquid DP XMTR, 700kPa, 4-20mA, LED",Grup: Field Devices | Menşei: CN | Durum: Active,true
HSDP-W0700M,"Liquid DP XMTR, 700kPa, Modbus",Genel,Honeywell,HSDP-W0700M,adet,USDTRY,361.91,0,0,20,,"Liquid DP XMTR, 700kPa, Modbus",Grup: Field Devices | Menşei: CN | Durum: Active,true
HSDP-W0700V,"Liquid DP XMTR, 700kPa, 0-10V",Sensors and Wall Modules,Honeywell,HSDP-W0700V,adet,USDTRY,330.00,0,0,20,,"Liquid DP XMTR, 700kPa, 0-10V",Grup: Field Devices | Alt kategori: Pressure Sensor | Menşei: CN | Durum: Active,true
HSDP-W1000A,"Liquid DP XMTR, 1000kPa, 4-20mA",Sensors and Wall Modules,Honeywell,HSDP-W1000A,adet,USDTRY,330.00,0,0,20,,"Liquid DP XMTR, 1000kPa, 4-20mA",Grup: Field Devices | Alt kategori: Pressure Sensor | Menşei: CN | Durum: Active,true
HSDP-W1000AL,"Liquid DP XMTR, 1000kPa, 4-20mA, LED",Sensors and Wall Modules,Honeywell,HSDP-W1000AL,adet,USDTRY,366.10,0,0,20,,"Liquid DP XMTR, 1000kPa, 4-20mA, LED",Grup: Field Devices | Alt kategori: Pressure Sensor | Menşei: CN | Durum: Active,true
HSDP-W1000M,"Liquid DP XMTR, 1000kPa, Modbus",Genel,Honeywell,HSDP-W1000M,adet,USDTRY,361.91,0,0,20,,"Liquid DP XMTR, 1000kPa, Modbus",Grup: Field Devices | Menşei: CN | Durum: Active,true
HSDP-W1000V,"Liquid DP XMTR, 1000kPa, 0-10V",Sensors and Wall Modules,Honeywell,HSDP-W1000V,adet,USDTRY,330.00,0,0,20,,"Liquid DP XMTR, 1000kPa, 0-10V",Grup: Field Devices | Alt kategori: Pressure Sensor | Menşei: CN | Durum: Active,true
HSDP-W2000A,"Liquid DP XMTR, 2000kPa, 4-20mA",Genel,Honeywell,HSDP-W2000A,adet,USDTRY,325.62,0,0,20,,"Liquid DP XMTR, 2000kPa, 4-20mA",Grup: Field Devices | Menşei: CN | Durum: Active,true
HSDP-W2000AL,"Liquid DP XMTR, 2000kPa, 4-20mA, LED",Sensors and Wall Modules,Honeywell,HSDP-W2000AL,adet,USDTRY,366.10,0,0,20,,"Liquid DP XMTR, 2000kPa, 4-20mA, LED",Grup: Field Devices | Alt kategori: Pressure Sensor | Menşei: CN | Durum: Active,true
HSDP-W2000M,"Liquid DP XMTR, 2000kPa, Modbus",Genel,Honeywell,HSDP-W2000M,adet,USDTRY,361.91,0,0,20,,"Liquid DP XMTR, 2000kPa, Modbus",Grup: Field Devices | Menşei: CN | Durum: Active,true
HSDP-W2000V,"Liquid DP XMTR, 2000kPa, 0-10V",Sensors and Wall Modules,Honeywell,HSDP-W2000V,adet,USDTRY,330.00,0,0,20,,"Liquid DP XMTR, 2000kPa, 0-10V",Grup: Field Devices | Alt kategori: Pressure Sensor | Menşei: CN | Durum: Active,true
HSDP-W3500A,"Liquid DP XMTR, 3500kPa, 4-20mA",Sensors and Wall Modules,Honeywell,HSDP-W3500A,adet,USDTRY,330.00,0,0,20,,"Liquid DP XMTR, 3500kPa, 4-20mA",Grup: Field Devices | Alt kategori: Pressure Sensor | Menşei: CN | Durum: Active,true
HSDP-W3500AL,"Liquid DP XMTR, 3500kPa, 4-20mA, LED",Genel,Honeywell,HSDP-W3500AL,adet,USDTRY,361.91,0,0,20,,"Liquid DP XMTR, 3500kPa, 4-20mA, LED",Grup: Field Devices | Menşei: CN | Durum: Active,true
HSDP-W3500M,"Liquid DP XMTR, 3500kPa, Modbus",Genel,Honeywell,HSDP-W3500M,adet,USDTRY,361.91,0,0,20,,"Liquid DP XMTR, 3500kPa, Modbus",Grup: Field Devices | Menşei: CN | Durum: Active,true
HSDP-W3500V,"Liquid DP XMTR, 3500kPa, 0-10V",Sensors and Wall Modules,Honeywell,HSDP-W3500V,adet,USDTRY,330.00,0,0,20,,"Liquid DP XMTR, 3500kPa, 0-10V",Grup: Field Devices | Alt kategori: Pressure Sensor | Menşei: CN | Durum: Active,true
HSH-DM2A,"Duct,NTC10K 4-20MA H&T NO LCD,2",Sensors and Wall Modules,Honeywell,HSH-DM2A,adet,USDTRY,105.00,0,0,20,,"Duct,NTC10K 4-20MA H&T NO LCD,2",Grup: Field Devices | Alt kategori: Comfort Sensors | Menşei: CN | Durum: Active,true
HSH-DM2B,"Duct,NTC20K 4-20MA H&T NO LCD,2",Sensors and Wall Modules,Honeywell,HSH-DM2B,adet,USDTRY,99.00,0,0,20,,"Duct,NTC20K 4-20MA H&T NO LCD,2",Grup: Field Devices | Alt kategori: Comfort Sensors | Menşei: CN | Durum: Active,true
HSH-DM2M-E,"Duct, H&Digi T 4-20 mA 4-20mA NO LCD 2",Sensors and Wall Modules,Honeywell,HSH-DM2M-E,adet,USDTRY,95.46,0,0,20,,"Duct, H&Digi T 4-20 mA 4-20mA NO LCD 2",Grup: Field Devices | Alt kategori: Comfort Sensors | Menşei: CN | Durum: Active,true
HSH-DM2M-P,"Duct,4-20MA,4-20MA H&T NO LCD,2",Sensors and Wall Modules,Honeywell,HSH-DM2M-P,adet,USDTRY,114.34,0,0,20,,"Duct,4-20MA,4-20MA H&T NO LCD,2",Grup: Field Devices | Alt kategori: Comfort Sensors | Menşei: CN | Durum: Active,true
HSH-DM2P,"Duct,PT1000 4-20MA H&T NO LCD,2",Sensors and Wall Modules,Honeywell,HSH-DM2P,adet,USDTRY,111.19,0,0,20,,"Duct,PT1000 4-20MA H&T NO LCD,2",Grup: Field Devices | Alt kategori: Comfort Sensors | Menşei: CN | Durum: Active,true
HSH-DM3A,"Duct,NTC10K4-20MA H&T NO LCD,3",Sensors and Wall Modules,Honeywell,HSH-DM3A,adet,USDTRY,97.00,0,0,20,,"Duct,NTC10K4-20MA H&T NO LCD,3",Grup: Field Devices | Alt kategori: Comfort Sensors | Menşei: CN | Durum: Active,true
HSH-DM3B,"Duct,NTC20K 4-20MA H&T NO LCD,3",Sensors and Wall Modules,Honeywell,HSH-DM3B,adet,USDTRY,91.26,0,0,20,,"Duct,NTC20K 4-20MA H&T NO LCD,3",Grup: Field Devices | Alt kategori: Comfort Sensors | Menşei: CN | Durum: Active,true
HSH-DM3M-E,"Duct, H&Digi T 4-20 mA 4-20mA NO LCD 3",Sensors and Wall Modules,Honeywell,HSH-DM3M-E,adet,USDTRY,87.07,0,0,20,,"Duct, H&Digi T 4-20 mA 4-20mA NO LCD 3",Grup: Field Devices | Alt kategori: Comfort Sensors | Menşei: CN | Durum: Active,true
HSH-DM3M-P,"Duct,4-20MA,4-20MA H&T NO LCD,3",Sensors and Wall Modules,Honeywell,HSH-DM3M-P,adet,USDTRY,105.95,0,0,20,,"Duct,4-20MA,4-20MA H&T NO LCD,3",Grup: Field Devices | Alt kategori: Comfort Sensors | Menşei: CN | Durum: Active,true
HSH-DM3P,"Duct,PT1000 4-20MA H&T NO LCD,3",Genel,Honeywell,HSH-DM3P,adet,USDTRY,101.63,0,0,20,,"Duct,PT1000 4-20MA H&T NO LCD,3",Grup: Field Devices | Menşei: CN | Durum: Active,true
HSH-DM5A,"Duct,NTC10K 4-20MA H&T NO LCD,5",Sensors and Wall Modules,Honeywell,HSH-DM5A,adet,USDTRY,94.41,0,0,20,,"Duct,NTC10K 4-20MA H&T NO LCD,5",Grup: Field Devices | Alt kategori: Comfort Sensors | Menşei: CN | Durum: Active,true
HSH-DM5B,"Duct,NTC20K 4-20MA H&T NO LCD,5",Sensors and Wall Modules,Honeywell,HSH-DM5B,adet,USDTRY,89.16,0,0,20,,"Duct,NTC20K 4-20MA H&T NO LCD,5",Grup: Field Devices | Alt kategori: Comfort Sensors | Menşei: CN | Durum: Active,true
HSH-DM5M-E,"Duct, H&Digi T 4-20 mA 4-20mA NO LCD 5",Genel,Honeywell,HSH-DM5M-E,adet,USDTRY,82.00,0,0,20,,"Duct, H&Digi T 4-20 mA 4-20mA NO LCD 5",Grup: Field Devices | Menşei: CN | Durum: Active,true
HSH-DM5M-P,"Duct,4-20MA,4-20MA H&T NO LCD,5",Sensors and Wall Modules,Honeywell,HSH-DM5M-P,adet,USDTRY,101.75,0,0,20,,"Duct,4-20MA,4-20MA H&T NO LCD,5",Grup: Field Devices | Alt kategori: Comfort Sensors | Menşei: CN | Durum: Active,true
HSH-DM5P,"Duct,PT1000 4-20MA H&T NO LCD,5",Genel,Honeywell,HSH-DM5P,adet,USDTRY,99.00,0,0,20,,"Duct,PT1000 4-20MA H&T NO LCD,5",Grup: Field Devices | Menşei: CN | Durum: Active,true
HSH-DV2A,"Duct, NTC10K 0-10V H&T NO LCD 2",Sensors and Wall Modules,Honeywell,HSH-DV2A,adet,USDTRY,108.05,0,0,20,,"Duct, NTC10K 0-10V H&T NO LCD 2",Grup: Field Devices | Alt kategori: Comfort Sensors | Menşei: CN | Durum: Active,true
HSH-DV2B,"Duct, NTC20K 0-10V H&T NO LCD 2",Sensors and Wall Modules,Honeywell,HSH-DV2B,adet,USDTRY,100.70,0,0,20,,"Duct, NTC20K 0-10V H&T NO LCD 2",Grup: Field Devices | Alt kategori: Comfort Sensors | Menşei: CN | Durum: Active,true
HSH-DV2P,"Duct, PT1000 0-10V H&T NO LCD 2",Sensors and Wall Modules,Honeywell,HSH-DV2P,adet,USDTRY,110.14,0,0,20,,"Duct, PT1000 0-10V H&T NO LCD 2",Grup: Field Devices | Alt kategori: Comfort Sensors | Menşei: CN | Durum: Active,true
HSH-DV2V-E,"Duct, H&Digi T 0-10V 4-20mA NO LCD 2",Sensors and Wall Modules,Honeywell,HSH-DV2V-E,adet,USDTRY,98.00,0,0,20,,"Duct, H&Digi T 0-10V 4-20mA NO LCD 2",Grup: Field Devices | Alt kategori: Comfort Sensors | Menşei: CN | Durum: Active,true
HSH-DV2V-P,"Duct,0-10V,0-10V,H&T,NO LCD,2",Sensors and Wall Modules,Honeywell,HSH-DV2V-P,adet,USDTRY,116.44,0,0,20,,"Duct,0-10V,0-10V,H&T,NO LCD,2",Grup: Field Devices | Alt kategori: Comfort Sensors | Menşei: CN | Durum: Active,true
HSH-DV3A,"Duct, NTC10K 0-10V H&T NO LCD 3",Sensors and Wall Modules,Honeywell,HSH-DV3A,adet,USDTRY,100.00,0,0,20,,"Duct, NTC10K 0-10V H&T NO LCD 3",Grup: Field Devices | Alt kategori: Comfort Sensors | Menşei: CN | Durum: Active,true
HSH-DV3B,"Duct, NTC20K 0-10V H&T NO LCD 3",Sensors and Wall Modules,Honeywell,HSH-DV3B,adet,USDTRY,94.41,0,0,20,,"Duct, NTC20K 0-10V H&T NO LCD 3",Grup: Field Devices | Alt kategori: Comfort Sensors | Menşei: CN | Durum: Active,true
HSH-DV3P,"Duct, PT1000 0-10V H&T NO LCD 3",Sensors and Wall Modules,Honeywell,HSH-DV3P,adet,USDTRY,105.00,0,0,20,,"Duct, PT1000 0-10V H&T NO LCD 3",Grup: Field Devices | Alt kategori: Comfort Sensors | Menşei: CN | Durum: Active,true
HSH-DV3V-E,"Duct, H&Digi T 0-10V 4-20mA NO LCD 3",Sensors and Wall Modules,Honeywell,HSH-DV3V-E,adet,USDTRY,89.16,0,0,20,,"Duct, H&Digi T 0-10V 4-20mA NO LCD 3",Grup: Field Devices | Alt kategori: Comfort Sensors | Menşei: CN | Durum: Active,true
HSH-DV3V-P,"Duct,0-10V,0-10V,H&T,NO LCD,3",Sensors and Wall Modules,Honeywell,HSH-DV3V-P,adet,USDTRY,108.05,0,0,20,,"Duct,0-10V,0-10V,H&T,NO LCD,3",Grup: Field Devices | Alt kategori: Comfort Sensors | Menşei: CN | Durum: Active,true
HSH-DV5A,"Duct, NTC10K 0-10V H&T NO LCD 5",Sensors and Wall Modules,Honeywell,HSH-DV5A,adet,USDTRY,97.00,0,0,20,,"Duct, NTC10K 0-10V H&T NO LCD 5",Grup: Field Devices | Alt kategori: Comfort Sensors | Menşei: CN | Durum: Active,true
HSH-DV5B,"Duct, NTC20K 0-10V H&T NO LCD 5",Sensors and Wall Modules,Honeywell,HSH-DV5B,adet,USDTRY,91.26,0,0,20,,"Duct, NTC20K 0-10V H&T NO LCD 5",Grup: Field Devices | Alt kategori: Comfort Sensors | Menşei: CN | Durum: Active,true
HSH-DV5P,"Duct, PT1000 0-10V H&T NO LCD 5",Genel,Honeywell,HSH-DV5P,adet,USDTRY,101.63,0,0,20,,"Duct, PT1000 0-10V H&T NO LCD 5",Grup: Field Devices | Menşei: CN | Durum: Active,true
HSH-DV5V-E,"Duct, H&Digi T 0-10V 4-20mA NO LCD 5",Sensors and Wall Modules,Honeywell,HSH-DV5V-E,adet,USDTRY,85.00,0,0,20,,"Duct, H&Digi T 0-10V 4-20mA NO LCD 5",Grup: Field Devices | Alt kategori: Comfort Sensors | Menşei: CN | Durum: Active,true
HSH-DV5V-P,"Duct,0-10V,0-10V,H&T,NO LCD,5",Sensors and Wall Modules,Honeywell,HSH-DV5V-P,adet,USDTRY,103.85,0,0,20,,"Duct,0-10V,0-10V,H&T,NO LCD,5",Grup: Field Devices | Alt kategori: Comfort Sensors | Menşei: CN | Durum: Active,true
HSH-EM2A,"Outdoor,NTC10K 4-20MA H&T NO LCD,2",Sensors and Wall Modules,Honeywell,HSH-EM2A,adet,USDTRY,125.00,0,0,20,,"Outdoor,NTC10K 4-20MA H&T NO LCD,2",Grup: Field Devices | Alt kategori: Comfort Sensors | Menşei: CN | Durum: Active,true
HSH-EM2B,"Outdoor,NTC20K 4-20MA H&T NO LCD,2",Sensors and Wall Modules,Honeywell,HSH-EM2B,adet,USDTRY,118.54,0,0,20,,"Outdoor,NTC20K 4-20MA H&T NO LCD,2",Grup: Field Devices | Alt kategori: Comfort Sensors | Menşei: CN | Durum: Active,true
HSH-EM2M-E,"Outdoor, H&Digi T 4-20mA 4-20mA NO LCD 2",Sensors and Wall Modules,Honeywell,HSH-EM2M-E,adet,USDTRY,97.00,0,0,20,,"Outdoor, H&Digi T 4-20mA 4-20mA NO LCD 2",Grup: Field Devices | Alt kategori: Comfort Sensors | Menşei: CN | Durum: Active,true
HSH-EM2M-P,"Outdoor,4-20MA,4-20MA H&T NO LCD,2",Sensors and Wall Modules,Honeywell,HSH-EM2M-P,adet,USDTRY,114.34,0,0,20,,"Outdoor,4-20MA,4-20MA H&T NO LCD,2",Grup: Field Devices | Alt kategori: Comfort Sensors | Menşei: CN | Durum: Active,true
HSH-EM2P,"Outdoor,PT1000 4-20MA H&T NO LCD,2",Sensors and Wall Modules,Honeywell,HSH-EM2P,adet,USDTRY,130.08,0,0,20,,"Outdoor,PT1000 4-20MA H&T NO LCD,2",Grup: Field Devices | Alt kategori: Comfort Sensors | Menşei: CN | Durum: Active,true
HSH-EM3A,"Outdoor,NTC10K4-20MA H&T NO LCD,3",Sensors and Wall Modules,Honeywell,HSH-EM3A,adet,USDTRY,115.39,0,0,20,,"Outdoor,NTC10K4-20MA H&T NO LCD,3",Grup: Field Devices | Alt kategori: Comfort Sensors | Menşei: CN | Durum: Active,true
HSH-EM3B,"Outdoor,NTC20K 4-20MA H&T NO LCD,3",Sensors and Wall Modules,Honeywell,HSH-EM3B,adet,USDTRY,109.10,0,0,20,,"Outdoor,NTC20K 4-20MA H&T NO LCD,3",Grup: Field Devices | Alt kategori: Comfort Sensors | Menşei: CN | Durum: Active,true
HSH-EM3M-E,"Outdoor, H&Digi T 4-20mA 4-20mA NO LCD 3",Genel,Honeywell,HSH-EM3M-E,adet,USDTRY,87.11,0,0,20,,"Outdoor, H&Digi T 4-20mA 4-20mA NO LCD 3",Grup: Field Devices | Menşei: CN | Durum: Active,true
HSH-EM3M-P,"Outdoor,4-20MA,4-20MA H&T NO LCD,3",Sensors and Wall Modules,Honeywell,HSH-EM3M-P,adet,USDTRY,105.95,0,0,20,,"Outdoor,4-20MA,4-20MA H&T NO LCD,3",Grup: Field Devices | Alt kategori: Comfort Sensors | Menşei: CN | Durum: Active,true
HSH-EM3P,"Outdoor,PT1000 4-20MA H&T NO LCD,3",Sensors and Wall Modules,Honeywell,HSH-EM3P,adet,USDTRY,120.00,0,0,20,,"Outdoor,PT1000 4-20MA H&T NO LCD,3",Grup: Field Devices | Alt kategori: Comfort Sensors | Menşei: CN | Durum: Active,true
HSH-EM5A,"Outdoor,NTC10K 4-20MA H&T NO LCD,5",Genel,Honeywell,HSH-EM5A,adet,USDTRY,110.96,0,0,20,,"Outdoor,NTC10K 4-20MA H&T NO LCD,5",Grup: Field Devices | Menşei: CN | Durum: Active,true
HSH-EM5B,"Outdoor,NTC20K 4-20MA H&T NO LCD,5",Sensors and Wall Modules,Honeywell,HSH-EM5B,adet,USDTRY,105.95,0,0,20,,"Outdoor,NTC20K 4-20MA H&T NO LCD,5",Grup: Field Devices | Alt kategori: Comfort Sensors | Menşei: CN | Durum: Active,true
HSH-EM5M-E,"Outdoor, H&Digi T 4-20mA 4-20mA NO LCD 5",Genel,Honeywell,HSH-EM5M-E,adet,USDTRY,83.00,0,0,20,,"Outdoor, H&Digi T 4-20mA 4-20mA NO LCD 5",Grup: Field Devices | Menşei: CN | Durum: Active,true
HSH-EM5M-P,"Outdoor,4-20MA,4-20MA H&T NO LCD,5",Genel,Honeywell,HSH-EM5M-P,adet,USDTRY,100.59,0,0,20,,"Outdoor,4-20MA,4-20MA H&T NO LCD,5",Grup: Field Devices | Menşei: CN | Durum: Active,true
HSH-EM5P,"Outdoor,PT1000 4-20MA H&T NO LCD,5",Genel,Honeywell,HSH-EM5P,adet,USDTRY,115.11,0,0,20,,"Outdoor,PT1000 4-20MA H&T NO LCD,5",Grup: Field Devices | Menşei: CN | Durum: Active,true
HSH-EV2A,"Outdoor, NTC10K 0-10V H&T NO LCD 2",Sensors and Wall Modules,Honeywell,HSH-EV2A,adet,USDTRY,116.44,0,0,20,,"Outdoor, NTC10K 0-10V H&T NO LCD 2",Grup: Field Devices | Alt kategori: Comfort Sensors | Menşei: CN | Durum: Active,true
HSH-EV2B,"Outdoor, NTC20K 0-10V H&T NO LCD 2",Sensors and Wall Modules,Honeywell,HSH-EV2B,adet,USDTRY,121.68,0,0,20,,"Outdoor, NTC20K 0-10V H&T NO LCD 2",Grup: Field Devices | Alt kategori: Comfort Sensors | Menşei: CN | Durum: Active,true
HSH-EV2P,"Outdoor, PT1000 0-10V H&T NO LCD 2",Sensors and Wall Modules,Honeywell,HSH-EV2P,adet,USDTRY,129.03,0,0,20,,"Outdoor, PT1000 0-10V H&T NO LCD 2",Grup: Field Devices | Alt kategori: Comfort Sensors | Menşei: CN | Durum: Active,true
HSH-EV2V-E,"Outdoor, H&Digi T 0-10V 4-20mA NO LCD 2",Sensors and Wall Modules,Honeywell,HSH-EV2V-E,adet,USDTRY,99.00,0,0,20,,"Outdoor, H&Digi T 0-10V 4-20mA NO LCD 2",Grup: Field Devices | Alt kategori: Comfort Sensors | Menşei: CN | Durum: Active,true
HSH-EV2V-P,"Outdoor,0-10V,0-10V,H&T,NO LCD,2",Sensors and Wall Modules,Honeywell,HSH-EV2V-P,adet,USDTRY,116.44,0,0,20,,"Outdoor,0-10V,0-10V,H&T,NO LCD,2",Grup: Field Devices | Alt kategori: Comfort Sensors | Menşei: CN | Durum: Active,true
HSH-EV3A,"Outdoor, NTC10K 0-10V H&T NO LCD 3",Sensors and Wall Modules,Honeywell,HSH-EV3A,adet,USDTRY,117.49,0,0,20,,"Outdoor, NTC10K 0-10V H&T NO LCD 3",Grup: Field Devices | Alt kategori: Comfort Sensors | Menşei: CN | Durum: Active,true
HSH-EV3B,"Outdoor, NTC20K 0-10V H&T NO LCD 3",Sensors and Wall Modules,Honeywell,HSH-EV3B,adet,USDTRY,109.10,0,0,20,,"Outdoor, NTC20K 0-10V H&T NO LCD 3",Grup: Field Devices | Alt kategori: Comfort Sensors | Menşei: CN | Durum: Active,true
HSH-EV3P,"Outdoor, PT1000 0-10V H&T NO LCD 3",Sensors and Wall Modules,Honeywell,HSH-EV3P,adet,USDTRY,122.73,0,0,20,,"Outdoor, PT1000 0-10V H&T NO LCD 3",Grup: Field Devices | Alt kategori: Comfort Sensors | Menşei: CN | Durum: Active,true
HSH-EV3V-E,"Outdoor, H&Digi T 0-10V 4-20mA NO LCD 3",Sensors and Wall Modules,Honeywell,HSH-EV3V-E,adet,USDTRY,90.21,0,0,20,,"Outdoor, H&Digi T 0-10V 4-20mA NO LCD 3",Grup: Field Devices | Alt kategori: Comfort Sensors | Menşei: CN | Durum: Active,true
HSH-EV3V-P,"Outdoor,0-10V,0-10V,H&T,NO LCD,3",Sensors and Wall Modules,Honeywell,HSH-EV3V-P,adet,USDTRY,108.05,0,0,20,,"Outdoor,0-10V,0-10V,H&T,NO LCD,3",Grup: Field Devices | Alt kategori: Comfort Sensors | Menşei: CN | Durum: Active,true
HSH-EV5A,"Outdoor, NTC10K 0-10V H&T NO LCD 5",Sensors and Wall Modules,Honeywell,HSH-EV5A,adet,USDTRY,115.39,0,0,20,,"Outdoor, NTC10K 0-10V H&T NO LCD 5",Grup: Field Devices | Alt kategori: Comfort Sensors | Menşei: CN | Durum: Active,true
HSH-EV5B,"Outdoor, NTC20K 0-10V H&T NO LCD 5",Sensors and Wall Modules,Honeywell,HSH-EV5B,adet,USDTRY,109.10,0,0,20,,"Outdoor, NTC20K 0-10V H&T NO LCD 5",Grup: Field Devices | Alt kategori: Comfort Sensors | Menşei: CN | Durum: Active,true
HSH-EV5P,"Outdoor, PT1000 0-10V H&T NO LCD 5",Genel,Honeywell,HSH-EV5P,adet,USDTRY,118.22,0,0,20,,"Outdoor, PT1000 0-10V H&T NO LCD 5",Grup: Field Devices | Menşei: CN | Durum: Active,true
HSH-EV5V-E,"Outdoor, H&Digi T, 0-10V 4-20mA NO LCD 5",Genel,Honeywell,HSH-EV5V-E,adet,USDTRY,85.03,0,0,20,,"Outdoor, H&Digi T, 0-10V 4-20mA NO LCD 5",Grup: Field Devices | Menşei: CN | Durum: Active,true
HSH-EV5V-P,"Outdoor,0-10V,0-10V,H&T,NO LCD,5",Sensors and Wall Modules,Honeywell,HSH-EV5V-P,adet,USDTRY,103.85,0,0,20,,"Outdoor,0-10V,0-10V,H&T,NO LCD,5",Grup: Field Devices | Alt kategori: Comfort Sensors | Menşei: CN | Durum: Active,true
HSH-RM2A,"Wall, NTC10K, NO LCD,4-20MA,H&T,2",Genel,Honeywell,HSH-RM2A,adet,USDTRY,71.55,0,0,20,,"Wall, NTC10K, NO LCD,4-20MA,H&T,2",Grup: Field Devices | Menşei: CN | Durum: Active,true
HSH-RM2B,"Wall, NTC20K, NO LCD,4-20MA, H&T,2",Sensors and Wall Modules,Honeywell,HSH-RM2B,adet,USDTRY,67.14,0,0,20,,"Wall, NTC20K, NO LCD,4-20MA, H&T,2",Grup: Field Devices | Alt kategori: Comfort Sensors | Menşei: CN | Durum: Active,true
HSH-RM2M-E,"Room, H&Digi T 4-20 mA 4-20 NO LCD 2",Sensors and Wall Modules,Honeywell,HSH-RM2M-E,adet,USDTRY,65.04,0,0,20,,"Room, H&Digi T 4-20 mA 4-20 NO LCD 2",Grup: Field Devices | Alt kategori: Comfort Sensors | Menşei: CN | Durum: Active,true
HSH-RM2ML-E,"Room, H&Digi T 4-20 mA 4-20 LCD 2",Sensors and Wall Modules,Honeywell,HSH-RM2ML-E,adet,USDTRY,71.33,0,0,20,,"Room, H&Digi T 4-20 mA 4-20 LCD 2",Grup: Field Devices | Alt kategori: Comfort Sensors | Menşei: CN | Durum: Active,true
HSH-RM2ML-P,"Room,4-20MA,4-20MA, H&T,LCD,2",Sensors and Wall Modules,Honeywell,HSH-RM2ML-P,adet,USDTRY,86.07,0,0,20,,"Room,4-20MA,4-20MA, H&T,LCD,2",Grup: Field Devices | Alt kategori: Comfort Sensors | Menşei: CN | Durum: Active,true
HSH-RM2M-P,"Room,4-20MA,4-20MA,H&T,NO LCD,2",Sensors and Wall Modules,Honeywell,HSH-RM2M-P,adet,USDTRY,81.00,0,0,20,,"Room,4-20MA,4-20MA,H&T,NO LCD,2",Grup: Field Devices | Alt kategori: Comfort Sensors | Menşei: CN | Durum: Active,true
HSH-RM2P,"Wall, PT1000, NO LCD,4-20MA, H&T,2",Sensors and Wall Modules,Honeywell,HSH-RM2P,adet,USDTRY,76.58,0,0,20,,"Wall, PT1000, NO LCD,4-20MA, H&T,2",Grup: Field Devices | Alt kategori: Comfort Sensors | Menşei: CN | Durum: Active,true
HSH-RM3A,"Wall, NTC10K, NO LCD,4-20MA,H&T,3",Sensors and Wall Modules,Honeywell,HSH-RM3A,adet,USDTRY,65.04,0,0,20,,"Wall, NTC10K, NO LCD,4-20MA,H&T,3",Grup: Field Devices | Alt kategori: Comfort Sensors | Menşei: CN | Durum: Active,true
HSH-RM3B,"Wall, NTC20K, NO LCD,4-20MA, H&T,3",Sensors and Wall Modules,Honeywell,HSH-RM3B,adet,USDTRY,60.00,0,0,20,,"Wall, NTC20K, NO LCD,4-20MA, H&T,3",Grup: Field Devices | Alt kategori: Comfort Sensors | Menşei: CN | Durum: Active,true
HSH-RM3M-E,"Room, H&Digi T 4-20 mA 4-20 NO LCD 3",Genel,Honeywell,HSH-RM3M-E,adet,USDTRY,56.00,0,0,20,,"Room, H&Digi T 4-20 mA 4-20 NO LCD 3",Grup: Field Devices | Menşei: CN | Durum: Active,true
HSH-RM3ML-E,"Room, H&Digi T 4-20 mA 4-20 LCD 3",Genel,Honeywell,HSH-RM3ML-E,adet,USDTRY,62.22,0,0,20,,"Room, H&Digi T 4-20 mA 4-20 LCD 3",Grup: Field Devices | Menşei: CN | Durum: Active,true
HSH-RM3ML-P,"Room,4-20MA,4-20MA, H&T,LCD,3",Genel,Honeywell,HSH-RM3ML-P,adet,USDTRY,78.00,0,0,20,,"Room,4-20MA,4-20MA, H&T,LCD,3",Grup: Field Devices | Menşei: CN | Durum: Active,true
HSH-RM3M-P,"Room,4-20MA,4-20MA,H&T,NO LCD,3",Genel,Honeywell,HSH-RM3M-P,adet,USDTRY,71.55,0,0,20,,"Room,4-20MA,4-20MA,H&T,NO LCD,3",Grup: Field Devices | Menşei: CN | Durum: Active,true
HSH-RM3P,"Wall, PT1000, NO LCD,4-20MA, H&T,3",Sensors and Wall Modules,Honeywell,HSH-RM3P,adet,USDTRY,69.23,0,0,20,,"Wall, PT1000, NO LCD,4-20MA, H&T,3",Grup: Field Devices | Alt kategori: Comfort Sensors | Menşei: CN | Durum: Active,true
HSH-RM5A,"Wall, NTC10K, NO LCD,4-20MA,H&T,5",Genel,Honeywell,HSH-RM5A,adet,USDTRY,61.18,0,0,20,,"Wall, NTC10K, NO LCD,4-20MA,H&T,5",Grup: Field Devices | Menşei: CN | Durum: Active,true
HSH-RM5B,"Wall, NTC20K, NO LCD,4-20MA,H&T,5",Sensors and Wall Modules,Honeywell,HSH-RM5B,adet,USDTRY,56.65,0,0,20,,"Wall, NTC20K, NO LCD,4-20MA,H&T,5",Grup: Field Devices | Alt kategori: Comfort Sensors | Menşei: CN | Durum: Active,true
HSH-RM5M-E,"Room, H&Digi T 4-20 mA 4-20 NO LCD 5",Genel,Honeywell,HSH-RM5M-E,adet,USDTRY,51.33,0,0,20,,"Room, H&Digi T 4-20 mA 4-20 NO LCD 5",Grup: Field Devices | Menşei: CN | Durum: Active,true
HSH-RM5ML-E,"Room, H&Digi T 4-20 mA 4-20 mA LCD 5",Sensors and Wall Modules,Honeywell,HSH-RM5ML-E,adet,USDTRY,59.00,0,0,20,,"Room, H&Digi T 4-20 mA 4-20 mA LCD 5",Grup: Field Devices | Alt kategori: Comfort Sensors | Menşei: CN | Durum: Active,true
HSH-RM5ML-P,"Room,4-20MA,4-20MA, H&T,LCD,5",Genel,Honeywell,HSH-RM5ML-P,adet,USDTRY,74.00,0,0,20,,"Room,4-20MA,4-20MA, H&T,LCD,5",Grup: Field Devices | Menşei: CN | Durum: Active,true
HSH-RM5M-P,"Room,4-20MA,4-20MA,H&T,NO LCD,5",Genel,Honeywell,HSH-RM5M-P,adet,USDTRY,67.41,0,0,20,,"Room,4-20MA,4-20MA,H&T,NO LCD,5",Grup: Field Devices | Menşei: CN | Durum: Active,true
HSH-RM5P,"Wall, PT1000, NO LCD,4-20MA,H&T,5",Genel,Honeywell,HSH-RM5P,adet,USDTRY,65.33,0,0,20,,"Wall, PT1000, NO LCD,4-20MA,H&T,5",Grup: Field Devices | Menşei: CN | Durum: Active,true
HSH-RV2A,"Wall, NTC10K, NO LCD,0-10V,H&T,2",Sensors and Wall Modules,Honeywell,HSH-RV2A,adet,USDTRY,74.48,0,0,20,,"Wall, NTC10K, NO LCD,0-10V,H&T,2",Grup: Field Devices | Alt kategori: Comfort Sensors | Menşei: CN | Durum: Active,true
HSH-RV2B,"Wall, NTC20K, NO LCD,0-10V, H&T,2",Sensors and Wall Modules,Honeywell,HSH-RV2B,adet,USDTRY,69.23,0,0,20,,"Wall, NTC20K, NO LCD,0-10V, H&T,2",Grup: Field Devices | Alt kategori: Comfort Sensors | Menşei: CN | Durum: Active,true
HSH-RV2P,"Wall, PT1000, NO LCD,0-10V, H&T,2",Genel,Honeywell,HSH-RV2P,adet,USDTRY,78.00,0,0,20,,"Wall, PT1000, NO LCD,0-10V, H&T,2",Grup: Field Devices | Menşei: CN | Durum: Active,true
HSH-RV2V-E,"Room, H&Digi T 0-10V 4-20mA NO LCD 2",Sensors and Wall Modules,Honeywell,HSH-RV2V-E,adet,USDTRY,68.19,0,0,20,,"Room, H&Digi T 0-10V 4-20mA NO LCD 2",Grup: Field Devices | Alt kategori: Comfort Sensors | Menşei: CN | Durum: Active,true
HSH-RV2VL-E,"Room, H&Digi T 0-10V 4-20mA LCD 2",Sensors and Wall Modules,Honeywell,HSH-RV2VL-E,adet,USDTRY,74.48,0,0,20,,"Room, H&Digi T 0-10V 4-20mA LCD 2",Grup: Field Devices | Alt kategori: Comfort Sensors | Menşei: CN | Durum: Active,true
HSH-RV2VL-P,"Room,0-10V,0-10V,H&T,LCD,2",Sensors and Wall Modules,Honeywell,HSH-RV2VL-P,adet,USDTRY,90.21,0,0,20,,"Room,0-10V,0-10V,H&T,LCD,2",Grup: Field Devices | Alt kategori: Comfort Sensors | Menşei: CN | Durum: Active,true
HSH-RV2V-P,"Room,0-10V,0-10V,H&T,NO LCD,2",Genel,Honeywell,HSH-RV2V-P,adet,USDTRY,83.00,0,0,20,,"Room,0-10V,0-10V,H&T,NO LCD,2",Grup: Field Devices | Menşei: CN | Durum: Active,true
HSH-RV3A,"Wall, NTC10K, NO LCD,0-10V,H&T,3",Genel,Honeywell,HSH-RV3A,adet,USDTRY,66.37,0,0,20,,"Wall, NTC10K, NO LCD,0-10V,H&T,3",Grup: Field Devices | Menşei: CN | Durum: Active,true
HSH-RV3B,"Wall, NTC20K, NO LCD,0-10V, H&T,3",Sensors and Wall Modules,Honeywell,HSH-RV3B,adet,USDTRY,62.00,0,0,20,,"Wall, NTC20K, NO LCD,0-10V, H&T,3",Grup: Field Devices | Alt kategori: Comfort Sensors | Menşei: CN | Durum: Active,true
HSH-RV3P,"Wall, PT1000, NO LCD,0-10V, H&T,3",Sensors and Wall Modules,Honeywell,HSH-RV3P,adet,USDTRY,71.33,0,0,20,,"Wall, PT1000, NO LCD,0-10V, H&T,3",Grup: Field Devices | Alt kategori: Comfort Sensors | Menşei: CN | Durum: Active,true
HSH-RV3V-E,"Room, H&Digi T 0-10V 4-20mA NO LCD 3",Sensors and Wall Modules,Honeywell,HSH-RV3V-E,adet,USDTRY,60.00,0,0,20,,"Room, H&Digi T 0-10V 4-20mA NO LCD 3",Grup: Field Devices | Alt kategori: Comfort Sensors | Menşei: CN | Durum: Active,true
HSH-RV3VL-E,"Room, H&Digi T 0-10V 4-20mA LCD 3",Sensors and Wall Modules,Honeywell,HSH-RV3VL-E,adet,USDTRY,66.09,0,0,20,,"Room, H&Digi T 0-10V 4-20mA LCD 3",Grup: Field Devices | Alt kategori: Comfort Sensors | Menşei: CN | Durum: Active,true
HSH-RV3VL-P,"Room,0-10V,0-10V,H&T,LCD,3",Sensors and Wall Modules,Honeywell,HSH-RV3VL-P,adet,USDTRY,82.00,0,0,20,,"Room,0-10V,0-10V,H&T,LCD,3",Grup: Field Devices | Alt kategori: Comfort Sensors | Menşei: CN | Durum: Active,true
HSH-RV3V-P,"Room,0-10V,0-10V,H&T,NO LCD,3",Sensors and Wall Modules,Honeywell,HSH-RV3V-P,adet,USDTRY,75.53,0,0,20,,"Room,0-10V,0-10V,H&T,NO LCD,3",Grup: Field Devices | Alt kategori: Comfort Sensors | Menşei: CN | Durum: Active,true
HSH-RV5A,"Wall, NTC10K, NO LCD,0-10V,H&T,5",Sensors and Wall Modules,Honeywell,HSH-RV5A,adet,USDTRY,64.00,0,0,20,,"Wall, NTC10K, NO LCD,0-10V,H&T,5",Grup: Field Devices | Alt kategori: Comfort Sensors | Menşei: CN | Durum: Active,true
HSH-RV5B,"Wall, NTC20K, NO LCD,0-10V,H&T,5",Sensors and Wall Modules,Honeywell,HSH-RV5B,adet,USDTRY,59.00,0,0,20,,"Wall, NTC20K, NO LCD,0-10V,H&T,5",Grup: Field Devices | Alt kategori: Comfort Sensors | Menşei: CN | Durum: Active,true
HSH-RV5P,"Wall, PT1000, NO LCD,0-10V,H&T,5",Genel,Honeywell,HSH-RV5P,adet,USDTRY,67.41,0,0,20,,"Wall, PT1000, NO LCD,0-10V,H&T,5",Grup: Field Devices | Menşei: CN | Durum: Active,true
HSH-RV5V-E,"Room, H&Digi T, 0-10V 4-20mA NO LCD 5",Sensors and Wall Modules,Honeywell,HSH-RV5V-E,adet,USDTRY,55.60,0,0,20,,"Room, H&Digi T, 0-10V 4-20mA NO LCD 5",Grup: Field Devices | Alt kategori: Comfort Sensors | Menşei: CN | Durum: Active,true
HSH-RV5VL-E,"Room, H&Digi T 0-10V 4-20mA LCD 5",Sensors and Wall Modules,Honeywell,HSH-RV5VL-E,adet,USDTRY,62.00,0,0,20,,"Room, H&Digi T 0-10V 4-20mA LCD 5",Grup: Field Devices | Alt kategori: Comfort Sensors | Menşei: CN | Durum: Active,true
HSH-RV5VL-P,"Room,0-10V,0-10V,H&T,LCD,5",Sensors and Wall Modules,Honeywell,HSH-RV5VL-P,adet,USDTRY,76.58,0,0,20,,"Room,0-10V,0-10V,H&T,LCD,5",Grup: Field Devices | Alt kategori: Comfort Sensors | Menşei: CN | Durum: Active,true
HSH-RV5V-P,"Room,0-10V,0-10V,H&T,NO LCD,5",Genel,Honeywell,HSH-RV5V-P,adet,USDTRY,70.52,0,0,20,,"Room,0-10V,0-10V,H&T,NO LCD,5",Grup: Field Devices | Menşei: CN | Durum: Active,true
HSL-LS05,"level switch, 5m wire",Legacy Products,Honeywell,HSL-LS05,adet,USDTRY,51.00,0,0,20,,"level switch, 5m wire",Grup: Field Devices | Alt kategori: Legacy Products | Menşei: CN | Durum: Active,true
HSL-LS10,"level switch, 10m wire",Legacy Products,Honeywell,HSL-LS10,adet,USDTRY,61.18,0,0,20,,"level switch, 10m wire",Grup: Field Devices | Alt kategori: Legacy Products | Menşei: CN | Durum: Active,true
HSL-LS20,"level switch, 20m wire",Legacy Products,Honeywell,HSL-LS20,adet,USDTRY,78.00,0,0,20,,"level switch, 20m wire",Grup: Field Devices | Alt kategori: Legacy Products | Menşei: CN | Durum: Active,true
HSP-HW416MC,"pressure gauge,HT,0.25%,16Bar4-20mA,G1/2",Sensors and Wall Modules,Honeywell,HSP-HW416MC,adet,USDTRY,237.07,0,0,20,,"pressure gauge,HT,0.25%,16Bar4-20mA,G1/2",Grup: Field Devices | Alt kategori: Pressure Sensor | Menşei: CN | Durum: Active,true
HSP-HW416VC,"pressure gauge,HT,0.25%,16Bar,0-10V,G1/2",Sensors and Wall Modules,Honeywell,HSP-HW416VC,adet,USDTRY,237.07,0,0,20,,"pressure gauge,HT,0.25%,16Bar,0-10V,G1/2",Grup: Field Devices | Alt kategori: Pressure Sensor | Menşei: CN | Durum: Active,true
HSP-HW420MC,"pressure gauge,HT,0.25%,20Bar4-20mA,G1/2",Genel,Honeywell,HSP-HW420MC,adet,USDTRY,235.00,0,0,20,,"pressure gauge,HT,0.25%,20Bar4-20mA,G1/2",Grup: Field Devices | Menşei: CN | Durum: Active,true
HSP-HW420VC,"pressure gauge,HT,0.25%,20Bar,0-10V,G1/2",Genel,Honeywell,HSP-HW420VC,adet,USDTRY,235.00,0,0,20,,"pressure gauge,HT,0.25%,20Bar,0-10V,G1/2",Grup: Field Devices | Menşei: CN | Durum: Active,true
HSP-HW425MC,"pressure gauge,HT,0.25%,25Bar4-20mA,G1/2",Genel,Honeywell,HSP-HW425MC,adet,USDTRY,235.00,0,0,20,,"pressure gauge,HT,0.25%,25Bar4-20mA,G1/2",Grup: Field Devices | Menşei: CN | Durum: Active,true
HSP-HW425VC,"pressure gauge,HT,0.25%,25Bar,0-10V,G1/2",Genel,Honeywell,HSP-HW425VC,adet,USDTRY,235.00,0,0,20,,"pressure gauge,HT,0.25%,25Bar,0-10V,G1/2",Grup: Field Devices | Menşei: CN | Durum: Active,true
HSP-HW440MC,"pressure gauge,HT,0.25%,40Bar4-20mA,G1/2",Genel,Honeywell,HSP-HW440MC,adet,USDTRY,235.00,0,0,20,,"pressure gauge,HT,0.25%,40Bar4-20mA,G1/2",Grup: Field Devices | Menşei: CN | Durum: Active,true
HSP-HW440VC,"pressure gauge,HT,0.25%,40Bar,0-10V,G1/2",Genel,Honeywell,HSP-HW440VC,adet,USDTRY,235.00,0,0,20,,"pressure gauge,HT,0.25%,40Bar,0-10V,G1/2",Grup: Field Devices | Menşei: CN | Durum: Active,true
HSP-W101MA,"pressure gauge, 1%, 1Bar, 4-20mA, G1/4",Genel,Honeywell,HSP-W101MA,adet,USDTRY,92.50,0,0,20,,"pressure gauge, 1%, 1Bar, 4-20mA, G1/4",Grup: Field Devices | Menşei: CN | Durum: Active,true
HSP-W101MB,"pressure gauge, 1%, 1Bar, 4-20mA, NPT",Genel,Honeywell,HSP-W101MB,adet,USDTRY,92.50,0,0,20,,"pressure gauge, 1%, 1Bar, 4-20mA, NPT",Grup: Field Devices | Menşei: CN | Durum: Active,true
HSP-W101VA,"pressure gauge, 1%, 1Bar, 0-10V, G1/4",Sensors and Wall Modules,Honeywell,HSP-W101VA,adet,USDTRY,94.00,0,0,20,,"pressure gauge, 1%, 1Bar, 0-10V, G1/4",Grup: Field Devices | Alt kategori: Pressure Sensor | Menşei: CN | Durum: Active,true
HSP-W101VB,"pressure gauge, 1%, 1Bar, 0-10V, NPT",Genel,Honeywell,HSP-W101VB,adet,USDTRY,92.50,0,0,20,,"pressure gauge, 1%, 1Bar, 0-10V, NPT",Grup: Field Devices | Menşei: CN | Durum: Active,true
HSP-W103MA,"pressure gauge, 1%, 3Bar, 4-20mA, G1/4",Genel,Honeywell,HSP-W103MA,adet,USDTRY,92.50,0,0,20,,"pressure gauge, 1%, 3Bar, 4-20mA, G1/4",Grup: Field Devices | Menşei: CN | Durum: Active,true
HSP-W103MB,"pressure gauge, 1%, 3Bar, 4-20mA, NPT",Genel,Honeywell,HSP-W103MB,adet,USDTRY,92.50,0,0,20,,"pressure gauge, 1%, 3Bar, 4-20mA, NPT",Grup: Field Devices | Menşei: CN | Durum: Active,true
HSP-W103VA,"pressure gauge, 1%, 2Bar, 0-10V, G1/4",Genel,Honeywell,HSP-W103VA,adet,USDTRY,92.50,0,0,20,,"pressure gauge, 1%, 2Bar, 0-10V, G1/4",Grup: Field Devices | Menşei: CN | Durum: Active,true
HSP-W103VB,"pressure gauge, 1%, 3Bar, 0-10V, NPT",Genel,Honeywell,HSP-W103VB,adet,USDTRY,92.50,0,0,20,,"pressure gauge, 1%, 3Bar, 0-10V, NPT",Grup: Field Devices | Menşei: CN | Durum: Active,true
HSP-W106MA,"pressure gauge, 1%, 6Bar, 4-20mA, G1/4",Genel,Honeywell,HSP-W106MA,adet,USDTRY,92.50,0,0,20,,"pressure gauge, 1%, 6Bar, 4-20mA, G1/4",Grup: Field Devices | Menşei: CN | Durum: Active,true
HSP-W106MB,"pressure gauge, 1%, 6Bar, 4-20mA, NPT",Genel,Honeywell,HSP-W106MB,adet,USDTRY,92.50,0,0,20,,"pressure gauge, 1%, 6Bar, 4-20mA, NPT",Grup: Field Devices | Menşei: CN | Durum: Active,true
HSP-W106VA,"pressure gauge, 1%, 6Bar, 0-10V, G1/4",Genel,Honeywell,HSP-W106VA,adet,USDTRY,92.50,0,0,20,,"pressure gauge, 1%, 6Bar, 0-10V, G1/4",Grup: Field Devices | Menşei: CN | Durum: Active,true
HSP-W106VB,"pressure gauge, 1%, 6Bar, 0-10V, NPT",Genel,Honeywell,HSP-W106VB,adet,USDTRY,92.50,0,0,20,,"pressure gauge, 1%, 6Bar, 0-10V, NPT",Grup: Field Devices | Menşei: CN | Durum: Active,true
HSP-W110MA,"pressure gauge, 1%, 10Bar, 4-20mA, G1/4",Sensors and Wall Modules,Honeywell,HSP-W110MA,adet,USDTRY,135.32,0,0,20,,"pressure gauge, 1%, 10Bar, 4-20mA, G1/4",Grup: Field Devices | Alt kategori: Pressure Sensor | Menşei: CN | Durum: Active,true
HSP-W110MB,"pressure gauge, 1%, 10Bar, 4-20mA, NPT",Sensors and Wall Modules,Honeywell,HSP-W110MB,adet,USDTRY,135.32,0,0,20,,"pressure gauge, 1%, 10Bar, 4-20mA, NPT",Grup: Field Devices | Alt kategori: Pressure Sensor | Menşei: CN | Durum: Active,true
HSP-W110VA,"pressure gauge, 1%, 10Bar, 0-10V, G1/4",Sensors and Wall Modules,Honeywell,HSP-W110VA,adet,USDTRY,135.32,0,0,20,,"pressure gauge, 1%, 10Bar, 0-10V, G1/4",Grup: Field Devices | Alt kategori: Pressure Sensor | Menşei: CN | Durum: Active,true
HSP-W110VB,"pressure gauge, 1%, 10Bar, 0-10V, NPT",Sensors and Wall Modules,Honeywell,HSP-W110VB,adet,USDTRY,122.73,0,0,20,,"pressure gauge, 1%, 10Bar, 0-10V, NPT",Grup: Field Devices | Alt kategori: Pressure Sensor | Menşei: CN | Durum: Active,true
HSP-W116MA,"pressure gauge, 1%, 16Bar, 4-20mA, G1/4",Sensors and Wall Modules,Honeywell,HSP-W116MA,adet,USDTRY,135.32,0,0,20,,"pressure gauge, 1%, 16Bar, 4-20mA, G1/4",Grup: Field Devices | Alt kategori: Pressure Sensor | Menşei: CN | Durum: Active,true
HSP-W116MB,"pressure gauge, 1%, 16Bar, 4-20mA, NPT",Sensors and Wall Modules,Honeywell,HSP-W116MB,adet,USDTRY,135.32,0,0,20,,"pressure gauge, 1%, 16Bar, 4-20mA, NPT",Grup: Field Devices | Alt kategori: Pressure Sensor | Menşei: CN | Durum: Active,true
HSP-W116VA,"pressure gauge, 1%, 16Bar, 0-10V, G1/4",Sensors and Wall Modules,Honeywell,HSP-W116VA,adet,USDTRY,135.32,0,0,20,,"pressure gauge, 1%, 16Bar, 0-10V, G1/4",Grup: Field Devices | Alt kategori: Pressure Sensor | Menşei: CN | Durum: Active,true
HSP-W116VB,"pressure gauge, 1%, 16Bar, 0-10V, NPT",Sensors and Wall Modules,Honeywell,HSP-W116VB,adet,USDTRY,122.73,0,0,20,,"pressure gauge, 1%, 16Bar, 0-10V, NPT",Grup: Field Devices | Alt kategori: Pressure Sensor | Menşei: CN | Durum: Active,true
HSP-W120MA,"pressure gauge, 1%, 20Bar, 4-20mA, G1/4",Genel,Honeywell,HSP-W120MA,adet,USDTRY,133.77,0,0,20,,"pressure gauge, 1%, 20Bar, 4-20mA, G1/4",Grup: Field Devices | Menşei: CN | Durum: Active,true
HSP-W120MB,"pressure gauge, 1%, 20Bar, 4-20mA, NPT",Sensors and Wall Modules,Honeywell,HSP-W120MB,adet,USDTRY,135.32,0,0,20,,"pressure gauge, 1%, 20Bar, 4-20mA, NPT",Grup: Field Devices | Alt kategori: Pressure Sensor | Menşei: CN | Durum: Active,true
HSP-W120VA,"pressure gauge, 1%, 20Bar, 0-10V, G1/4",Sensors and Wall Modules,Honeywell,HSP-W120VA,adet,USDTRY,135.32,0,0,20,,"pressure gauge, 1%, 20Bar, 0-10V, G1/4",Grup: Field Devices | Alt kategori: Pressure Sensor | Menşei: CN | Durum: Active,true
HSP-W120VB,"pressure gauge, 1%, 20Bar, 0-10V, NPT",Sensors and Wall Modules,Honeywell,HSP-W120VB,adet,USDTRY,135.32,0,0,20,,"pressure gauge, 1%, 20Bar, 0-10V, NPT",Grup: Field Devices | Alt kategori: Pressure Sensor | Menşei: CN | Durum: Active,true
HSP-W125MA,"pressure gauge, 1%, 25Bar, 4-20mA, G1/4",Sensors and Wall Modules,Honeywell,HSP-W125MA,adet,USDTRY,135.32,0,0,20,,"pressure gauge, 1%, 25Bar, 4-20mA, G1/4",Grup: Field Devices | Alt kategori: Pressure Sensor | Menşei: CN | Durum: Active,true
HSP-W125MB,"pressure gauge, 1%, 25Bar, 4-20mA, NPT",Sensors and Wall Modules,Honeywell,HSP-W125MB,adet,USDTRY,135.32,0,0,20,,"pressure gauge, 1%, 25Bar, 4-20mA, NPT",Grup: Field Devices | Alt kategori: Pressure Sensor | Menşei: CN | Durum: Active,true
HSP-W125VA,"pressure gauge, 1%, 25Bar, 0-10V, G1/4",Sensors and Wall Modules,Honeywell,HSP-W125VA,adet,USDTRY,135.32,0,0,20,,"pressure gauge, 1%, 25Bar, 0-10V, G1/4",Grup: Field Devices | Alt kategori: Pressure Sensor | Menşei: CN | Durum: Active,true
HSP-W125VB,"pressure gauge, 1%, 25Bar, 0-10V, NPT",Sensors and Wall Modules,Honeywell,HSP-W125VB,adet,USDTRY,135.32,0,0,20,,"pressure gauge, 1%, 25Bar, 0-10V, NPT",Grup: Field Devices | Alt kategori: Pressure Sensor | Menşei: CN | Durum: Active,true
HSP-W140MA,"pressure gauge, 1%, 40Bar, 4-20mA, G1/4",Sensors and Wall Modules,Honeywell,HSP-W140MA,adet,USDTRY,135.32,0,0,20,,"pressure gauge, 1%, 40Bar, 4-20mA, G1/4",Grup: Field Devices | Alt kategori: Pressure Sensor | Menşei: CN | Durum: Active,true
HSP-W140MB,"pressure gauge, 1%, 40Bar, 4-20mA, NPT",Genel,Honeywell,HSP-W140MB,adet,USDTRY,133.77,0,0,20,,"pressure gauge, 1%, 40Bar, 4-20mA, NPT",Grup: Field Devices | Menşei: CN | Durum: Active,true
HSP-W140VA,"pressure gauge, 1%, 40Bar, 0-10V, G1/4",Genel,Honeywell,HSP-W140VA,adet,USDTRY,133.77,0,0,20,,"pressure gauge, 1%, 40Bar, 0-10V, G1/4",Grup: Field Devices | Menşei: CN | Durum: Active,true
HSP-W140VB,"pressure gauge, 1%, 40Bar, 0-10V, NPT",Genel,Honeywell,HSP-W140VB,adet,USDTRY,133.77,0,0,20,,"pressure gauge, 1%, 40Bar, 0-10V, NPT",Grup: Field Devices | Menşei: CN | Durum: Active,true
HSP-W201MA,"pressure gauge, 0.5%, 1Bar, 4-20mA, G1/4",Genel,Honeywell,HSP-W201MA,adet,USDTRY,109.31,0,0,20,,"pressure gauge, 0.5%, 1Bar, 4-20mA, G1/4",Grup: Field Devices | Menşei: CN | Durum: Active,true
HSP-W201MB,"pressure gauge, 0.5%, 1Bar, 4-20mA, NPT",Genel,Honeywell,HSP-W201MB,adet,USDTRY,109.31,0,0,20,,"pressure gauge, 0.5%, 1Bar, 4-20mA, NPT",Grup: Field Devices | Menşei: CN | Durum: Active,true
HSP-W201VA,"pressure gauge, 0.5%, 1Bar, 0-10V, G1/4",Genel,Honeywell,HSP-W201VA,adet,USDTRY,109.31,0,0,20,,"pressure gauge, 0.5%, 1Bar, 0-10V, G1/4",Grup: Field Devices | Menşei: CN | Durum: Active,true
HSP-W201VB,"pressure gauge, 0.5%, 1Bar, 0-10V, NPT",Genel,Honeywell,HSP-W201VB,adet,USDTRY,109.31,0,0,20,,"pressure gauge, 0.5%, 1Bar, 0-10V, NPT",Grup: Field Devices | Menşei: CN | Durum: Active,true
HSP-W203MA,"pressure gauge, 0.5%, 3Bar, 4-20mA, G1/4",Genel,Honeywell,HSP-W203MA,adet,USDTRY,109.31,0,0,20,,"pressure gauge, 0.5%, 3Bar, 4-20mA, G1/4",Grup: Field Devices | Menşei: CN | Durum: Active,true
HSP-W203MB,"pressure gauge, 0.5%, 3Bar, 4-20mA, NPT",Genel,Honeywell,HSP-W203MB,adet,USDTRY,109.31,0,0,20,,"pressure gauge, 0.5%, 3Bar, 4-20mA, NPT",Grup: Field Devices | Menşei: CN | Durum: Active,true
HSP-W203VA,"pressure gauge, 0.5%, 2Bar, 0-10V, G1/4",Genel,Honeywell,HSP-W203VA,adet,USDTRY,109.31,0,0,20,,"pressure gauge, 0.5%, 2Bar, 0-10V, G1/4",Grup: Field Devices | Menşei: CN | Durum: Active,true
HSP-W203VB,"pressure gauge, 0.5%, 3Bar, 0-10V, NPT",Genel,Honeywell,HSP-W203VB,adet,USDTRY,109.31,0,0,20,,"pressure gauge, 0.5%, 3Bar, 0-10V, NPT",Grup: Field Devices | Menşei: CN | Durum: Active,true
HSP-W206MA,"pressure gauge, 0.5%, 6Bar, 4-20mA, G1/4",Genel,Honeywell,HSP-W206MA,adet,USDTRY,109.31,0,0,20,,"pressure gauge, 0.5%, 6Bar, 4-20mA, G1/4",Grup: Field Devices | Menşei: CN | Durum: Active,true
HSP-W206MB,"pressure gauge, 0.5%, 6Bar, 4-20mA, NPT",Genel,Honeywell,HSP-W206MB,adet,USDTRY,109.31,0,0,20,,"pressure gauge, 0.5%, 6Bar, 4-20mA, NPT",Grup: Field Devices | Menşei: CN | Durum: Active,true
HSP-W206VA,"pressure gauge, 0.5%, 6Bar, 0-10V, G1/4",Genel,Honeywell,HSP-W206VA,adet,USDTRY,109.31,0,0,20,,"pressure gauge, 0.5%, 6Bar, 0-10V, G1/4",Grup: Field Devices | Menşei: CN | Durum: Active,true
HSP-W206VB,"pressure gauge, 0.5%, 6Bar, 0-10V, NPT",Genel,Honeywell,HSP-W206VB,adet,USDTRY,109.31,0,0,20,,"pressure gauge, 0.5%, 6Bar, 0-10V, NPT",Grup: Field Devices | Menşei: CN | Durum: Active,true
HSP-W210MA,"pressure gauge, 0.5%, 10Bar, 4-20mA,G1/4",Sensors and Wall Modules,Honeywell,HSP-W210MA,adet,USDTRY,160.00,0,0,20,,"pressure gauge, 0.5%, 10Bar, 4-20mA,G1/4",Grup: Field Devices | Alt kategori: Pressure Sensor | Menşei: CN | Durum: Active,true
HSP-W210MB,"pressure gauge, 0.5%, 10Bar, 4-20mA, NPT",Sensors and Wall Modules,Honeywell,HSP-W210MB,adet,USDTRY,160.00,0,0,20,,"pressure gauge, 0.5%, 10Bar, 4-20mA, NPT",Grup: Field Devices | Alt kategori: Pressure Sensor | Menşei: CN | Durum: Active,true
HSP-W210VA,"pressure gauge, 0.5%, 10Bar, 0-10V, G1/4",Sensors and Wall Modules,Honeywell,HSP-W210VA,adet,USDTRY,160.00,0,0,20,,"pressure gauge, 0.5%, 10Bar, 0-10V, G1/4",Grup: Field Devices | Alt kategori: Pressure Sensor | Menşei: CN | Durum: Active,true
HSP-W210VB,"pressure gauge, 0.5%, 10Bar, 0-10V, NPT",Sensors and Wall Modules,Honeywell,HSP-W210VB,adet,USDTRY,145.00,0,0,20,,"pressure gauge, 0.5%, 10Bar, 0-10V, NPT",Grup: Field Devices | Alt kategori: Pressure Sensor | Menşei: CN | Durum: Active,true
HSP-W216MA,"pressure gauge, 0.5%, 16Bar, 4-20mA,G1/4",Sensors and Wall Modules,Honeywell,HSP-W216MA,adet,USDTRY,160.00,0,0,20,,"pressure gauge, 0.5%, 16Bar, 4-20mA,G1/4",Grup: Field Devices | Alt kategori: Pressure Sensor | Menşei: CN | Durum: Active,true
HSP-W216MB,"pressure gauge, 0.5%, 16Bar, 4-20mA, NPT",Sensors and Wall Modules,Honeywell,HSP-W216MB,adet,USDTRY,160.00,0,0,20,,"pressure gauge, 0.5%, 16Bar, 4-20mA, NPT",Grup: Field Devices | Alt kategori: Pressure Sensor | Menşei: CN | Durum: Active,true
HSP-W216VA,"pressure gauge, 0.5%, 16Bar, 0-10V, G1/4",Sensors and Wall Modules,Honeywell,HSP-W216VA,adet,USDTRY,155.25,0,0,20,,"pressure gauge, 0.5%, 16Bar, 0-10V, G1/4",Grup: Field Devices | Alt kategori: Pressure Sensor | Menşei: CN | Durum: Active,true
HSP-W216VB,"pressure gauge, 0.5%, 16Bar, 0-10V, NPT",Sensors and Wall Modules,Honeywell,HSP-W216VB,adet,USDTRY,160.00,0,0,20,,"pressure gauge, 0.5%, 16Bar, 0-10V, NPT",Grup: Field Devices | Alt kategori: Pressure Sensor | Menşei: CN | Durum: Active,true
HSP-W220MA,"pressure gauge, 0.5%, 20Bar, 4-20mA,G1/4",Genel,Honeywell,HSP-W220MA,adet,USDTRY,157.62,0,0,20,,"pressure gauge, 0.5%, 20Bar, 4-20mA,G1/4",Grup: Field Devices | Menşei: CN | Durum: Active,true
HSP-W220MB,"pressure gauge, 0.5%, 20Bar, 4-20mA, NPT",Genel,Honeywell,HSP-W220MB,adet,USDTRY,157.62,0,0,20,,"pressure gauge, 0.5%, 20Bar, 4-20mA, NPT",Grup: Field Devices | Menşei: CN | Durum: Active,true
HSP-W220VA,"pressure gauge, 0.5%, 20Bar, 0-10V, G1/4",Sensors and Wall Modules,Honeywell,HSP-W220VA,adet,USDTRY,157.62,0,0,20,,"pressure gauge, 0.5%, 20Bar, 0-10V, G1/4",Grup: Field Devices | Alt kategori: Pressure Sensor | Menşei: CN | Durum: Active,true
HSP-W220VB,"pressure gauge, 0.5%, 20Bar, 0-10V, NPT",Genel,Honeywell,HSP-W220VB,adet,USDTRY,157.62,0,0,20,,"pressure gauge, 0.5%, 20Bar, 0-10V, NPT",Grup: Field Devices | Menşei: CN | Durum: Active,true
HSP-W225MA,"pressure gauge, 0.5%, 25Bar, 4-20mA,G1/4",Sensors and Wall Modules,Honeywell,HSP-W225MA,adet,USDTRY,160.00,0,0,20,,"pressure gauge, 0.5%, 25Bar, 4-20mA,G1/4",Grup: Field Devices | Alt kategori: Pressure Sensor | Menşei: CN | Durum: Active,true
HSP-W225MB,"pressure gauge, 0.5%, 25Bar, 4-20mA, NPT",Sensors and Wall Modules,Honeywell,HSP-W225MB,adet,USDTRY,160.00,0,0,20,,"pressure gauge, 0.5%, 25Bar, 4-20mA, NPT",Grup: Field Devices | Alt kategori: Pressure Sensor | Menşei: CN | Durum: Active,true
HSP-W225VA,"pressure gauge, 0.5%, 25Bar, 0-10V, G1/4",Sensors and Wall Modules,Honeywell,HSP-W225VA,adet,USDTRY,160.00,0,0,20,,"pressure gauge, 0.5%, 25Bar, 0-10V, G1/4",Grup: Field Devices | Alt kategori: Pressure Sensor | Menşei: CN | Durum: Active,true
HSP-W225VB,"pressure gauge, 0.5%, 25Bar, 0-10V, NPT",Sensors and Wall Modules,Honeywell,HSP-W225VB,adet,USDTRY,160.00,0,0,20,,"pressure gauge, 0.5%, 25Bar, 0-10V, NPT",Grup: Field Devices | Alt kategori: Pressure Sensor | Menşei: CN | Durum: Active,true
HSP-W240MA,"pressure gauge, 0.5%, 40Bar, 4-20mA,G1/4",Genel,Honeywell,HSP-W240MA,adet,USDTRY,157.62,0,0,20,,"pressure gauge, 0.5%, 40Bar, 4-20mA,G1/4",Grup: Field Devices | Menşei: CN | Durum: Active,true
HSP-W240MB,"pressure gauge, 0.5%, 40Bar, 4-20mA, NPT",Genel,Honeywell,HSP-W240MB,adet,USDTRY,157.62,0,0,20,,"pressure gauge, 0.5%, 40Bar, 4-20mA, NPT",Grup: Field Devices | Menşei: CN | Durum: Active,true
HSP-W240VA,"pressure gauge, 0.5%, 40Bar, 0-10V, G1/4",Genel,Honeywell,HSP-W240VA,adet,USDTRY,157.62,0,0,20,,"pressure gauge, 0.5%, 40Bar, 0-10V, G1/4",Grup: Field Devices | Menşei: CN | Durum: Active,true
HSP-W240VB,"pressure gauge, 0.5%, 40Bar, 0-10V, NPT",Sensors and Wall Modules,Honeywell,HSP-W240VB,adet,USDTRY,160.00,0,0,20,,"pressure gauge, 0.5%, 40Bar, 0-10V, NPT",Grup: Field Devices | Alt kategori: Pressure Sensor | Menşei: CN | Durum: Active,true
HSP-W401MC,"pressure gauge, 0.25% 1Bar, 4-20mA, G1/2",Genel,Honeywell,HSP-W401MC,adet,USDTRY,148.19,0,0,20,,"pressure gauge, 0.25% 1Bar, 4-20mA, G1/2",Grup: Field Devices | Menşei: CN | Durum: Active,true
HSP-W401VC,"pressure gauge, 0.25%, 1Bar, 0-10V, G1/2",Genel,Honeywell,HSP-W401VC,adet,USDTRY,148.19,0,0,20,,"pressure gauge, 0.25%, 1Bar, 0-10V, G1/2",Grup: Field Devices | Menşei: CN | Durum: Active,true
HSP-W403MC,"pressure gauge, 0.25%3Bar, 4-20mA, G1/2",Genel,Honeywell,HSP-W403MC,adet,USDTRY,148.19,0,0,20,,"pressure gauge, 0.25%3Bar, 4-20mA, G1/2",Grup: Field Devices | Menşei: CN | Durum: Active,true
HSP-W403VC,"pressure gauge, 0.25%, 3Bar, 0-10V, G1/2",Genel,Honeywell,HSP-W403VC,adet,USDTRY,148.19,0,0,20,,"pressure gauge, 0.25%, 3Bar, 0-10V, G1/2",Grup: Field Devices | Menşei: CN | Durum: Active,true
HSP-W406MC,"pressure gauge, 0.25%6Bar, 4-20mA, G1/2",Genel,Honeywell,HSP-W406MC,adet,USDTRY,148.19,0,0,20,,"pressure gauge, 0.25%6Bar, 4-20mA, G1/2",Grup: Field Devices | Menşei: CN | Durum: Active,true
HSP-W406VC,"pressure gauge, 0.25%, 6Bar, 0-10V, G1/2",Genel,Honeywell,HSP-W406VC,adet,USDTRY,148.19,0,0,20,,"pressure gauge, 0.25%, 6Bar, 0-10V, G1/2",Grup: Field Devices | Menşei: CN | Durum: Active,true
HSP-W410MC,"pressure gauge, 0.25%, 10Bar,4-20mA,G1/2",Genel,Honeywell,HSP-W410MC,adet,USDTRY,148.19,0,0,20,,"pressure gauge, 0.25%, 10Bar,4-20mA,G1/2",Grup: Field Devices | Menşei: CN | Durum: Active,true
HSP-W410VC,"pressure gauge, 0.25%, 10Bar, 0-10V,G1/2",Genel,Honeywell,HSP-W410VC,adet,USDTRY,148.19,0,0,20,,"pressure gauge, 0.25%, 10Bar, 0-10V,G1/2",Grup: Field Devices | Menşei: CN | Durum: Active,true
HSP-W416MC,"pressure gauge, 0.25%, 16Bar,4-20mA,G1/2",Genel,Honeywell,HSP-W416MC,adet,USDTRY,148.19,0,0,20,,"pressure gauge, 0.25%, 16Bar,4-20mA,G1/2",Grup: Field Devices | Menşei: CN | Durum: Active,true
HSP-W416VC,"pressure gauge, 0.25%, 16Bar, 0-10V,G1/2",Genel,Honeywell,HSP-W416VC,adet,USDTRY,148.19,0,0,20,,"pressure gauge, 0.25%, 16Bar, 0-10V,G1/2",Grup: Field Devices | Menşei: CN | Durum: Active,true
HSP-W420MC,"pressure gauge, 0.25%, 20Bar,4-20mA,G1/2",Genel,Honeywell,HSP-W420MC,adet,USDTRY,148.19,0,0,20,,"pressure gauge, 0.25%, 20Bar,4-20mA,G1/2",Grup: Field Devices | Menşei: CN | Durum: Active,true
HSP-W420VC,"pressure gauge, 0.25%, 20Bar, 0-10V,G1/2",Genel,Honeywell,HSP-W420VC,adet,USDTRY,148.19,0,0,20,,"pressure gauge, 0.25%, 20Bar, 0-10V,G1/2",Grup: Field Devices | Menşei: CN | Durum: Active,true
HSP-W425MC,"pressure gauge, 0.25%, 25Bar,4-20mA,G1/2",Genel,Honeywell,HSP-W425MC,adet,USDTRY,148.19,0,0,20,,"pressure gauge, 0.25%, 25Bar,4-20mA,G1/2",Grup: Field Devices | Menşei: CN | Durum: Active,true
HSP-W425VC,"pressure gauge, 0.25%, 25Bar, 0-10V,G1/2",Genel,Honeywell,HSP-W425VC,adet,USDTRY,148.19,0,0,20,,"pressure gauge, 0.25%, 25Bar, 0-10V,G1/2",Grup: Field Devices | Menşei: CN | Durum: Active,true
HSP-W440MC,"pressure gauge, 0.25%, 40Bar,4-20mA,G1/2",Genel,Honeywell,HSP-W440MC,adet,USDTRY,148.19,0,0,20,,"pressure gauge, 0.25%, 40Bar,4-20mA,G1/2",Grup: Field Devices | Menşei: CN | Durum: Active,true
HSP-W440VC,"pressure gauge, 0.25%, 40Bar, 0-10V,G1/2",Genel,Honeywell,HSP-W440VC,adet,USDTRY,148.19,0,0,20,,"pressure gauge, 0.25%, 40Bar, 0-10V,G1/2",Grup: Field Devices | Menşei: CN | Durum: Active,true
HSS-DPS,EARLY WARNING DEW-POINT SWITCH,Genel,Honeywell,HSS-DPS,adet,USDTRY,500.00,0,0,20,,EARLY WARNING DEW-POINT SWITCH,Grup: Field Devices | Menşei: AT | Durum: Active,true
HST-DA,"10K NTC, 0.3K, NO LCD,  -40-60°C, IP65,",Sensors and Wall Modules,Honeywell,HST-DA,adet,USDTRY,51.40,0,0,20,,"10K NTC, 0.3K, NO LCD,  -40-60°C, IP65,",Grup: Field Devices | Alt kategori: Comfort Sensors | Menşei: CN | Durum: Active,true
HST-DB,"20K NTC, 0.3K, NO LCD,  -40-60°C, IP65,",Sensors and Wall Modules,Honeywell,HST-DB,adet,USDTRY,42.00,0,0,20,,"20K NTC, 0.3K, NO LCD,  -40-60°C, IP65,",Grup: Field Devices | Alt kategori: Comfort Sensors | Menşei: CN | Durum: Active,true
HST-DM-E,"Duct, Digital Temp, 4-20mA, No LCD",Genel,Honeywell,HST-DM-E,adet,USDTRY,66.37,0,0,20,,"Duct, Digital Temp, 4-20mA, No LCD",Grup: Field Devices | Menşei: CN | Durum: Active,true
HST-DM-P,"Duct, Temp, 4-20mA, No LCD",Sensors and Wall Modules,Honeywell,HST-DM-P,adet,USDTRY,85.00,0,0,20,,"Duct, Temp, 4-20mA, No LCD",Grup: Field Devices | Alt kategori: Comfort Sensors | Menşei: CN | Durum: Active,true
HST-DP,"PT1000, 0.2K, NO LCD,  -40-60℃, IP65, T",Sensors and Wall Modules,Honeywell,HST-DP,adet,USDTRY,57.70,0,0,20,,"PT1000, 0.2K, NO LCD,  -40-60℃, IP65, T",Grup: Field Devices | Alt kategori: Comfort Sensors | Menşei: CN | Durum: Active,true
HST-DV-E,"Duct, Digital Temp, 0-10V, No LCD",Sensors and Wall Modules,Honeywell,HST-DV-E,adet,USDTRY,69.23,0,0,20,,"Duct, Digital Temp, 0-10V, No LCD",Grup: Field Devices | Alt kategori: Comfort Sensors | Menşei: CN | Durum: Active,true
HST-DV-P,"Duct, Temp, 0-10V, No LCD",Sensors and Wall Modules,Honeywell,HST-DV-P,adet,USDTRY,88.12,0,0,20,,"Duct, Temp, 0-10V, No LCD",Grup: Field Devices | Alt kategori: Comfort Sensors | Menşei: CN | Durum: Active,true
HST-EA,"Outdoor,NTC10K,NOLCD",Sensors and Wall Modules,Honeywell,HST-EA,adet,USDTRY,54.55,0,0,20,,"Outdoor,NTC10K,NOLCD",Grup: Field Devices | Alt kategori: Comfort Sensors | Menşei: CN | Durum: Active,true
HST-EB,"Outdoor, NTC20K,NO LCD",Sensors and Wall Modules,Honeywell,HST-EB,adet,USDTRY,48.50,0,0,20,,"Outdoor, NTC20K,NO LCD",Grup: Field Devices | Alt kategori: Comfort Sensors | Menşei: CN | Durum: Active,true
HST-EM-E,"Outdoor, Digital Temp, 4-20mA,No LCD",Genel,Honeywell,HST-EM-E,adet,USDTRY,64.29,0,0,20,,"Outdoor, Digital Temp, 4-20mA,No LCD",Grup: Field Devices | Menşei: CN | Durum: Active,true
HST-EM-P,"Outdoor, Temp, 4-20mA,No LCD",Genel,Honeywell,HST-EM-P,adet,USDTRY,83.00,0,0,20,,"Outdoor, Temp, 4-20mA,No LCD",Grup: Field Devices | Menşei: CN | Durum: Active,true
HST-EP,"Outdoor, PT1000, NO LCD",Sensors and Wall Modules,Honeywell,HST-EP,adet,USDTRY,57.70,0,0,20,,"Outdoor, PT1000, NO LCD",Grup: Field Devices | Alt kategori: Comfort Sensors | Menşei: CN | Durum: Active,true
HST-EV-E,"Outdoor, Digital Temp, 0-10V, No LCD",Genel,Honeywell,HST-EV-E,adet,USDTRY,67.41,0,0,20,,"Outdoor, Digital Temp, 0-10V, No LCD",Grup: Field Devices | Menşei: CN | Durum: Active,true
HST-EV-P,"Outdoor, Temp, 0-10V, No LCD",Sensors and Wall Modules,Honeywell,HST-EV-P,adet,USDTRY,85.03,0,0,20,,"Outdoor, Temp, 0-10V, No LCD",Grup: Field Devices | Alt kategori: Comfort Sensors | Menşei: CN | Durum: Active,true
HST-P102,"immersion well,  65mm",Sensors and Wall Modules,Honeywell,HST-P102,adet,USDTRY,8.30,0,0,20,,"immersion well,  65mm",Grup: Field Devices | Alt kategori: Equipment Sensors | Menşei: CN | Durum: Active,true
HST-P104,"immersion well,  102mm",Sensors and Wall Modules,Honeywell,HST-P104,adet,USDTRY,12.59,0,0,20,,"immersion well,  102mm",Grup: Field Devices | Alt kategori: Equipment Sensors | Menşei: CN | Durum: Active,true
HST-P106,"immersion well,  152mm",Sensors and Wall Modules,Honeywell,HST-P106,adet,USDTRY,15.50,0,0,20,,"immersion well,  152mm",Grup: Field Devices | Alt kategori: Equipment Sensors | Menşei: CN | Durum: Active,true
HST-P109,"immersion well,  300mm",Sensors and Wall Modules,Honeywell,HST-P109,adet,USDTRY,19.50,0,0,20,,"immersion well,  300mm",Grup: Field Devices | Alt kategori: Equipment Sensors | Menşei: CN | Durum: Active,true
HST-PA2,"Temp. immersion, 10K NTC, 65mm",Sensors and Wall Modules,Honeywell,HST-PA2,adet,USDTRY,51.40,0,0,20,,"Temp. immersion, 10K NTC, 65mm",Grup: Field Devices | Alt kategori: Equipment Sensors | Menşei: CN | Durum: Active,true
HST-PA4,"Temp. immersion, 10K NTC, 102mm",Sensors and Wall Modules,Honeywell,HST-PA4,adet,USDTRY,60.00,0,0,20,,"Temp. immersion, 10K NTC, 102mm",Grup: Field Devices | Alt kategori: Equipment Sensors | Menşei: CN | Durum: Active,true
HST-PA6,"Temp. immersion, 10K NTC, 152mm",Sensors and Wall Modules,Honeywell,HST-PA6,adet,USDTRY,66.09,0,0,20,,"Temp. immersion, 10K NTC, 152mm",Grup: Field Devices | Alt kategori: Equipment Sensors | Menşei: CN | Durum: Active,true
HST-PA9,"Temp. immersion, 10K NTC, 300mm",Sensors and Wall Modules,Honeywell,HST-PA9,adet,USDTRY,73.43,0,0,20,,"Temp. immersion, 10K NTC, 300mm",Grup: Field Devices | Alt kategori: Equipment Sensors | Menşei: CN | Durum: Active,true
HST-PB2,"Temp. immersion, 20K NTC, 65mm",Sensors and Wall Modules,Honeywell,HST-PB2,adet,USDTRY,51.40,0,0,20,,"Temp. immersion, 20K NTC, 65mm",Grup: Field Devices | Alt kategori: Equipment Sensors | Menşei: CN | Durum: Active,true
HST-PB4,"Temp. immersion, 20K NTC, 102mm",Sensors and Wall Modules,Honeywell,HST-PB4,adet,USDTRY,60.00,0,0,20,,"Temp. immersion, 20K NTC, 102mm",Grup: Field Devices | Alt kategori: Equipment Sensors | Menşei: CN | Durum: Active,true
HST-PB6,"Temp. immersion, 20K NTC, 152mm",Sensors and Wall Modules,Honeywell,HST-PB6,adet,USDTRY,66.09,0,0,20,,"Temp. immersion, 20K NTC, 152mm",Grup: Field Devices | Alt kategori: Equipment Sensors | Menşei: CN | Durum: Active,true
HST-PB9,"Temp. immersion, 20K NTC, 300mm",Sensors and Wall Modules,Honeywell,HST-PB9,adet,USDTRY,73.43,0,0,20,,"Temp. immersion, 20K NTC, 300mm",Grup: Field Devices | Alt kategori: Equipment Sensors | Menşei: CN | Durum: Active,true
HST-PM2,"Temp. immersion, 4-20mA , 65mm",Genel,Honeywell,HST-PM2,adet,USDTRY,85.03,0,0,20,,"Temp. immersion, 4-20mA , 65mm",Grup: Field Devices | Menşei: CN | Durum: Active,true
HST-PM4,"Temp. immersion, 4-20mA, 102mm",Sensors and Wall Modules,Honeywell,HST-PM4,adet,USDTRY,93.36,0,0,20,,"Temp. immersion, 4-20mA, 102mm",Grup: Field Devices | Alt kategori: Equipment Sensors | Menşei: CN | Durum: Active,true
HST-PM6,"Temp. immersion, 4-20mA, 152mm",Sensors and Wall Modules,Honeywell,HST-PM6,adet,USDTRY,100.00,0,0,20,,"Temp. immersion, 4-20mA, 152mm",Grup: Field Devices | Alt kategori: Equipment Sensors | Menşei: CN | Durum: Active,true
HST-PM9,"Temp. immersion, 4-20mA, 300mm",Sensors and Wall Modules,Honeywell,HST-PM9,adet,USDTRY,108.05,0,0,20,,"Temp. immersion, 4-20mA, 300mm",Grup: Field Devices | Alt kategori: Equipment Sensors | Menşei: CN | Durum: Active,true
HST-PP2,"Temp. immersion, PT1000 , 65mm",Sensors and Wall Modules,Honeywell,HST-PP2,adet,USDTRY,54.55,0,0,20,,"Temp. immersion, PT1000 , 65mm",Grup: Field Devices | Alt kategori: Equipment Sensors | Menşei: CN | Durum: Active,true
HST-PP4,"Temp. immersion, PT1000, 102mm",Sensors and Wall Modules,Honeywell,HST-PP4,adet,USDTRY,63.00,0,0,20,,"Temp. immersion, PT1000, 102mm",Grup: Field Devices | Alt kategori: Equipment Sensors | Menşei: CN | Durum: Active,true
HST-PP6,"Temp. immersion, PT1000, 152mm",Sensors and Wall Modules,Honeywell,HST-PP6,adet,USDTRY,69.23,0,0,20,,"Temp. immersion, PT1000, 152mm",Grup: Field Devices | Alt kategori: Equipment Sensors | Menşei: CN | Durum: Active,true
HST-PP9,"Temp. immersion, PT1000, 300mm",Sensors and Wall Modules,Honeywell,HST-PP9,adet,USDTRY,76.58,0,0,20,,"Temp. immersion, PT1000, 300mm",Grup: Field Devices | Alt kategori: Equipment Sensors | Menşei: CN | Durum: Active,true
HST-PV2,"emp. immersion, 0-10V , 65mm",Genel,Honeywell,HST-PV2,adet,USDTRY,83.00,0,0,20,,"emp. immersion, 0-10V , 65mm",Grup: Field Devices | Menşei: CN | Durum: Active,true
HST-PV4,"Temp. immersion, 0-10V, 102mm",Sensors and Wall Modules,Honeywell,HST-PV4,adet,USDTRY,92.31,0,0,20,,"Temp. immersion, 0-10V, 102mm",Grup: Field Devices | Alt kategori: Equipment Sensors | Menşei: CN | Durum: Active,true
HST-PV6,"Temp. immersion, 0-10V, 152mm",Sensors and Wall Modules,Honeywell,HST-PV6,adet,USDTRY,99.00,0,0,20,,"Temp. immersion, 0-10V, 152mm",Grup: Field Devices | Alt kategori: Equipment Sensors | Menşei: CN | Durum: Active,true
HST-PV9,"Temp. immersion, 0-10V, 300mm",Genel,Honeywell,HST-PV9,adet,USDTRY,105.00,0,0,20,,"Temp. immersion, 0-10V, 300mm",Grup: Field Devices | Menşei: CN | Durum: Active,true
HST-RA,"10K NTC, 0.3K, NO LCD,  0-50°C, IP30, T",Sensors and Wall Modules,Honeywell,HST-RA,adet,USDTRY,28.85,0,0,20,,"10K NTC, 0.3K, NO LCD,  0-50°C, IP30, T",Grup: Field Devices | Alt kategori: Comfort Sensors | Menşei: CN | Durum: Active,true
HST-RB,"20K NTC, 0.3K , NO LCD,  0-50°C, IP30, T",Sensors and Wall Modules,Honeywell,HST-RB,adet,USDTRY,22.03,0,0,20,,"20K NTC, 0.3K , NO LCD,  0-50°C, IP30, T",Grup: Field Devices | Alt kategori: Comfort Sensors | Menşei: CN | Durum: Active,true
HST-RM-E,"Room, Digital Temp, 4-20mA,No LCD",Sensors and Wall Modules,Honeywell,HST-RM-E,adet,USDTRY,45.63,0,0,20,,"Room, Digital Temp, 4-20mA,No LCD",Grup: Field Devices | Alt kategori: Comfort Sensors | Menşei: CN | Durum: Active,true
HST-RML,"Wall, 4-20MA, LCD",Genel,Honeywell,HST-RML,adet,USDTRY,75.00,0,0,20,,"Wall, 4-20MA, LCD",Grup: Field Devices | Menşei: CN | Durum: Not for sale,false
HST-RML-E,"Room, Digital Temp, 4-20mA, LCD",Sensors and Wall Modules,Honeywell,HST-RML-E,adet,USDTRY,52.00,0,0,20,,"Room, Digital Temp, 4-20mA, LCD",Grup: Field Devices | Alt kategori: Comfort Sensors | Menşei: CN | Durum: Active,true
HST-RML-P,"Room, Temp, 4-20mA, LCD",Sensors and Wall Modules,Honeywell,HST-RML-P,adet,USDTRY,68.18,0,0,20,,"Room, Temp, 4-20mA, LCD",Grup: Field Devices | Alt kategori: Comfort Sensors | Menşei: CN | Durum: Active,true
HST-RM-P,"Room, Temp, 4-20mA,No LCD",Genel,Honeywell,HST-RM-P,adet,USDTRY,61.18,0,0,20,,"Room, Temp, 4-20mA,No LCD",Grup: Field Devices | Menşei: CN | Durum: Active,true
HST-RP,"PT1000, 0.2K , NO LCD,  0-50°C, IP30, T",Sensors and Wall Modules,Honeywell,HST-RP,adet,USDTRY,33.04,0,0,20,,"PT1000, 0.2K , NO LCD,  0-50°C, IP30, T",Grup: Field Devices | Alt kategori: Comfort Sensors | Menşei: CN | Durum: Active,true
HST-RV-E,"Room, Digital Temp, 0-10V, No LCD",Sensors and Wall Modules,Honeywell,HST-RV-E,adet,USDTRY,50.00,0,0,20,,"Room, Digital Temp, 0-10V, No LCD",Grup: Field Devices | Alt kategori: Comfort Sensors | Menşei: CN | Durum: Active,true
HST-RVL-E,"Room, Digital Temp, 0-10V, LCD",Sensors and Wall Modules,Honeywell,HST-RVL-E,adet,USDTRY,56.65,0,0,20,,"Room, Digital Temp, 0-10V, LCD",Grup: Field Devices | Alt kategori: Comfort Sensors | Menşei: CN | Durum: Active,true
HST-RVL-P,"Room, Temp, 0-10V, LCD",Sensors and Wall Modules,Honeywell,HST-RVL-P,adet,USDTRY,73.43,0,0,20,,"Room, Temp, 0-10V, LCD",Grup: Field Devices | Alt kategori: Comfort Sensors | Menşei: CN | Durum: Active,true
HST-RV-P,"Room, Temp, 0-10V, No LCD",Sensors and Wall Modules,Honeywell,HST-RV-P,adet,USDTRY,66.09,0,0,20,,"Room, Temp, 0-10V, No LCD",Grup: Field Devices | Alt kategori: Comfort Sensors | Menşei: CN | Durum: Active,true
HT-S-CC,SPACE RH + TEMP + CC,Sensors and Wall Modules,Honeywell,HT-S-CC,adet,USDTRY,376.43,0,0,20,,SPACE RH + TEMP + CC,Grup: Field Devices | Alt kategori: Comfort Sensors | Menşei: DE | Durum: Active,true
HUVF58C1000,UVGI for 1000 CFM AHU solution,CONNECTED HOMES,Honeywell,HUVF58C1000,adet,USDTRY,412.73,0,0,20,,UVGI for 1000 CFM AHU solution,Grup: Field Devices | Alt kategori: AIR PURIFIER | Menşei: IN | Durum: Active,true
HUVF58C2000,UVGI for 2000 CFM AHU solution,CONNECTED HOMES,Honeywell,HUVF58C2000,adet,USDTRY,780.00,0,0,20,,UVGI for 2000 CFM AHU solution,Grup: Field Devices | Alt kategori: AIR PURIFIER | Menşei: IN | Durum: Active,true
HUVF58S1000,UVGI 1000 CFM AHU solution shatterproof,Genel,Honeywell,HUVF58S1000,adet,USDTRY,495.69,0,0,20,,UVGI 1000 CFM AHU solution shatterproof,Grup: Field Devices | Menşei: IN | Durum: Active,true
HUVF58S2000,UVGI 2000 CFM AHU solution  shatterproof,Genel,Honeywell,HUVF58S2000,adet,USDTRY,1000.00,0,0,20,,UVGI 2000 CFM AHU solution  shatterproof,Grup: Field Devices | Menşei: IN | Durum: Active,true
HVAC402-3P0-20,Concise VFD 3kW/400V/7.6A/IP20,Genel,Honeywell,HVAC402-3P0-20,adet,USDTRY,1660.00,0,0,20,,Concise VFD 3kW/400V/7.6A/IP20,Grup: Field Devices | Menşei: CN | Durum: Active,true
HVB-SDB1.2,"Single Duct VAV Box,5 (124 mm)",Genel,Honeywell,HVB-SDB1.2,adet,USDTRY,283.10,0,0,20,,"Single Duct VAV Box,5 (124 mm)",Grup: Field Devices | Menşei: CN | Durum: Active,true
HVB-SDB1.2Y,"Single Duct VAV Box,5"",PVB",Genel,Honeywell,HVB-SDB1.2Y,adet,USDTRY,432.43,0,0,20,,"Single Duct VAV Box,5"",PVB",Grup: Field Devices | Durum: Active,true
HVB-SDB1.4,"Single Duct VAV Box,6 (149 mm)",Genel,Honeywell,HVB-SDB1.4,adet,USDTRY,290.00,0,0,20,,"Single Duct VAV Box,6 (149 mm)",Grup: Field Devices | Menşei: CN | Durum: Active,true
HVB-SDB1.4Y,"Single Duct VAV Box,6"",PVB",Airflow Control Valves,Honeywell,HVB-SDB1.4Y,adet,USDTRY,435.00,0,0,20,,"Single Duct VAV Box,6"",PVB",Grup: Field Devices | Alt kategori: Digital Airflow Control Valves | Durum: Active,true
HVB-SDB1.8,"Single Duct VAV Box,7 (175 mm)",Genel,Honeywell,HVB-SDB1.8,adet,USDTRY,305.00,0,0,20,,"Single Duct VAV Box,7 (175 mm)",Grup: Field Devices | Menşei: CN | Durum: Active,true
HVB-SDB1.8Y,"Single Duct VAV Box,7"",PVB",Genel,Honeywell,HVB-SDB1.8Y,adet,USDTRY,455.00,0,0,20,,"Single Duct VAV Box,7"",PVB",Grup: Field Devices | Durum: Active,true
HVB-SDB2.0,"Single Duct VAV Box,8 (200 mm)",Genel,Honeywell,HVB-SDB2.0,adet,USDTRY,311.10,0,0,20,,"Single Duct VAV Box,8 (200 mm)",Grup: Field Devices | Menşei: CN | Durum: Active,true
HVB-SDB2.0A,Single Duct VAVBox 8”(200 mm) Inlet SDB,Air Treatment,Honeywell,HVB-SDB2.0A,adet,USDTRY,300.00,0,0,20,,Single Duct VAVBox 8”(200 mm) Inlet SDB,Grup: Field Devices | Alt kategori: Airflow & Pressurization | Menşei: CN | Durum: Active,true
HVB-SDB2.0Y,"Single Duct VAV Box,8"",PVB",Airflow Control Valves,Honeywell,HVB-SDB2.0Y,adet,USDTRY,455.24,0,0,20,,"Single Duct VAV Box,8"",PVB",Grup: Field Devices | Alt kategori: Digital Airflow Control Valves | Durum: Active,true
HVB-SDB2.2,"Single Duct VAV Box,9 (229 mm)",Genel,Honeywell,HVB-SDB2.2,adet,USDTRY,330.00,0,0,20,,"Single Duct VAV Box,9 (229 mm)",Grup: Field Devices | Menşei: CN | Durum: Active,true
HVB-SDB2.2Y,"Single Duct VAV Box,9"",PVB",Genel,Honeywell,HVB-SDB2.2Y,adet,USDTRY,475.00,0,0,20,,"Single Duct VAV Box,9"",PVB",Grup: Field Devices | Durum: Active,true
HVB-SDB2.5,"Single Duct VAV Box,10 (251 mm)",Genel,Honeywell,HVB-SDB2.5,adet,USDTRY,340.14,0,0,20,,"Single Duct VAV Box,10 (251 mm)",Grup: Field Devices | Menşei: CN | Durum: Active,true
HVB-SDB2.5A,Single Duct VAVBox 10”(251 mm) Inlet SDB,Air Treatment,Honeywell,HVB-SDB2.5A,adet,USDTRY,295.00,0,0,20,,Single Duct VAVBox 10”(251 mm) Inlet SDB,Grup: Field Devices | Alt kategori: Airflow & Pressurization | Menşei: CN | Durum: Active,true
HVB-SDB2.5Y,"Single Duct VAV Box,10"",PVB",Genel,Honeywell,HVB-SDB2.5Y,adet,USDTRY,490.00,0,0,20,,"Single Duct VAV Box,10"",PVB",Grup: Field Devices | Menşei: CN | Durum: Active,true
HVB-SDB2.8,"Single Duct VAV Box,12 (302 mm)",Genel,Honeywell,HVB-SDB2.8,adet,USDTRY,370.00,0,0,20,,"Single Duct VAV Box,12 (302 mm)",Grup: Field Devices | Menşei: CN | Durum: Active,true
HVB-SDB2.8Y,"Single Duct VAV Box,12"",PVB",Genel,Honeywell,HVB-SDB2.8Y,adet,USDTRY,520.00,0,0,20,,"Single Duct VAV Box,12"",PVB",Grup: Field Devices | Menşei: CN | Durum: Active,true
HVB-SDB3.6,"Single Duct VAV Box,14 (352 mm)",Genel,Honeywell,HVB-SDB3.6,adet,USDTRY,410.00,0,0,20,,"Single Duct VAV Box,14 (352 mm)",Grup: Field Devices | Menşei: CN | Durum: Active,true
HVB-SDB3.6Y,"Single Duct VAV Box,14"",PVB",Genel,Honeywell,HVB-SDB3.6Y,adet,USDTRY,580.72,0,0,20,,"Single Duct VAV Box,14"",PVB",Grup: Field Devices | Durum: Active,true
HVB-SDB4.0,"Single Duct VAV Box,16 (403 mm)",Genel,Honeywell,HVB-SDB4.0,adet,USDTRY,450.06,0,0,20,,"Single Duct VAV Box,16 (403 mm)",Grup: Field Devices | Menşei: CN | Durum: Active,true
HVB-SDB4.0A,"Single Duct VAVBox 16""(403 mm) Inlet SD",Air Treatment,Honeywell,HVB-SDB4.0A,adet,USDTRY,386.12,0,0,20,,"Single Duct VAVBox 16""(403 mm) Inlet SD",Grup: Field Devices | Alt kategori: Airflow & Pressurization | Menşei: CN | Durum: Active,true
HVB-SDB4.0Y,"Single Duct VAV Box,16"",PVB",Genel,Honeywell,HVB-SDB4.0Y,adet,USDTRY,642.94,0,0,20,,"Single Duct VAV Box,16"",PVB",Grup: Field Devices | Durum: Active,true
KTF20-65-2M,"CABLE IMMERSION SENSOR NTC20K, 2M",Sensors and Wall Modules,Honeywell,KTF20-65-2M,adet,USDTRY,43.04,0,0,20,,"CABLE IMMERSION SENSOR NTC20K, 2M",Grup: Field Devices | Alt kategori: Equipment Sensors | Menşei: NL | Durum: Active,true
L8000T001,"Level Sensor, 1m Range",Sensors and Wall Modules,Honeywell,L8000T001,adet,USDTRY,820.00,0,0,20,,"Level Sensor, 1m Range",Grup: Field Devices | Alt kategori: Sensors Miscellaneous | Menşei: CN | Durum: Active,true
L8000T002,"Level Sensor, 2m Range",Sensors and Wall Modules,Honeywell,L8000T002,adet,USDTRY,790.00,0,0,20,,"Level Sensor, 2m Range",Grup: Field Devices | Alt kategori: Sensors Miscellaneous | Menşei: CN | Durum: Active,true
L8000T003,"Level Sensor, 3m Range",Sensors and Wall Modules,Honeywell,L8000T003,adet,USDTRY,800.00,0,0,20,,"Level Sensor, 3m Range",Grup: Field Devices | Alt kategori: Sensors Miscellaneous | Menşei: CN | Durum: Active,true
L8000T005,"Level Sensor, 5m Range",Sensors and Wall Modules,Honeywell,L8000T005,adet,USDTRY,760.00,0,0,20,,"Level Sensor, 5m Range",Grup: Field Devices | Alt kategori: Sensors Miscellaneous | Menşei: CN | Durum: Active,true
L8000T010,"Level Sensor, 10m Range",Sensors and Wall Modules,Honeywell,L8000T010,adet,USDTRY,790.00,0,0,20,,"Level Sensor, 10m Range",Grup: Field Devices | Alt kategori: Sensors Miscellaneous | Menşei: CN | Durum: Active,true
L8000T020,"Level Sensor, 20m Range",Sensors and Wall Modules,Honeywell,L8000T020,adet,USDTRY,830.00,0,0,20,,"Level Sensor, 20m Range",Grup: Field Devices | Alt kategori: Sensors Miscellaneous | Menşei: CN | Durum: Active,true
L8000T050,"Level Sensor, 50m Range",Sensors and Wall Modules,Honeywell,L8000T050,adet,USDTRY,1080.00,0,0,20,,"Level Sensor, 50m Range",Grup: Field Devices | Alt kategori: Sensors Miscellaneous | Menşei: CN | Durum: Active,true
LF20-1P65-5M,"DUCT SENSOR NTC20K, IP65, 150MM, 5M",Sensors and Wall Modules,Honeywell,LF20-1P65-5M,adet,USDTRY,60.15,0,0,20,,"DUCT SENSOR NTC20K, IP65, 150MM, 5M",Grup: Field Devices | Alt kategori: Comfort Sensors | Menşei: NL | Durum: Active,true
LF20-3P65-5M,"DUCT SENSOR NTC20K, IP65, 300MM, 5M",Sensors and Wall Modules,Honeywell,LF20-3P65-5M,adet,USDTRY,67.40,0,0,20,,"DUCT SENSOR NTC20K, IP65, 300MM, 5M",Grup: Field Devices | Alt kategori: Comfort Sensors | Menşei: NL | Durum: Active,true
LFH00-2B65,Air duct temperature&HR Pt1000 sensor,Sensors and Wall Modules,Honeywell,LFH00-2B65,adet,USDTRY,335.00,0,0,20,,Air duct temperature&HR Pt1000 sensor,Grup: Field Devices | Alt kategori: Comfort Sensors | Menşei: NL | Durum: Active,true
LFH10-2B65,Air duct temperature&RH NTC10k sensor,Sensors and Wall Modules,Honeywell,LFH10-2B65,adet,USDTRY,307.99,0,0,20,,Air duct temperature&RH NTC10k sensor,Grup: Field Devices | Alt kategori: Comfort Sensors | Menşei: NL | Durum: Active,true
LFH20-2B65,AIR DUCT HUMIDITY AND TEMP. TTRANSMITTER,Sensors and Wall Modules,Honeywell,LFH20-2B65,adet,USDTRY,305.00,0,0,20,,AIR DUCT HUMIDITY AND TEMP. TTRANSMITTER,Grup: Field Devices | Alt kategori: Comfort Sensors | Menşei: NL | Durum: Active,true
LFHV-2B65,AIR DUCT HUMIDITY AND TEMP. TRANSMITTER,Sensors and Wall Modules,Honeywell,LFHV-2B65,adet,USDTRY,350.00,0,0,20,,AIR DUCT HUMIDITY AND TEMP. TRANSMITTER,Grup: Field Devices | Alt kategori: Comfort Sensors | Menşei: NL | Durum: Active,true
LFI-100-1B65,"DUCT TEMP TRANSM, 4-20MA, 150MM, IP65,",Sensors and Wall Modules,Honeywell,LFI-100-1B65,adet,USDTRY,311.10,0,0,20,,"DUCT TEMP TRANSM, 4-20MA, 150MM, IP65,",Grup: Field Devices | Alt kategori: Comfort Sensors | Menşei: CZ | Durum: Active,true
LFI-100-3B65,"DUCT TEMP TRANSM, 4-20MA, 300MM, IP65",Sensors and Wall Modules,Honeywell,LFI-100-3B65,adet,USDTRY,311.10,0,0,20,,"DUCT TEMP TRANSM, 4-20MA, 300MM, IP65",Grup: Field Devices | Alt kategori: Comfort Sensors | Menşei: AT | Durum: Active,true
LF-MF,LF SENSOR MOUNTING FLANGE (X10),Sensors and Wall Modules,Honeywell,LF-MF,adet,USDTRY,43.55,0,0,20,,LF SENSOR MOUNTING FLANGE (X10),Grup: Field Devices | Alt kategori: Sensors Miscellaneous | Menşei: AT | Durum: Active,true
LP914A1045/U,TEMP SENSOR,Genel,Honeywell,LP914A1045/U,adet,USDTRY,430.00,0,0,20,,TEMP SENSOR,Grup: Field Devices | Menşei: US | Durum: Active,true
M400-AG,"THERMAL ACTUATOR, 4MM, 24V, NC",Actuators,Honeywell,M400-AG,adet,USDTRY,43.55,0,0,20,,"THERMAL ACTUATOR, 4MM, 24V, NC",Grup: Field Devices | Alt kategori: Linear Actuators | Menşei: CN | Durum: Active,true
M400-BG,"THERMAL ACTUATOR, 4MM, 230V, NC",Actuators,Honeywell,M400-BG,adet,USDTRY,42.52,0,0,20,,"THERMAL ACTUATOR, 4MM, 230V, NC",Grup: Field Devices | Alt kategori: Linear Actuators | Menşei: CN | Durum: Active,true
M400-BG-T,"thermoelectric ACT., 4mm, 230V, NC",Actuators,Honeywell,M400-BG-T,adet,USDTRY,18.35,0,0,20,,"thermoelectric ACT., 4mm, 230V, NC",Grup: Field Devices | Alt kategori: Linear Actuators | Menşei: CN | Durum: Active,true
M4100E1510,THERMALACT. 24 V AC NC MOD.WITHOUT CABLE,Actuators,Honeywell,M4100E1510,adet,USDTRY,93.00,0,0,20,,THERMALACT. 24 V AC NC MOD.WITHOUT CABLE,Grup: Field Devices | Alt kategori: Linear Actuators | Menşei: DE | Durum: Active,true
M4410E1510,THERMALACT. 24 V AC NC MOD.WITHOUT CABLE,Genel,Honeywell,M4410E1510,adet,USDTRY,211.60,0,0,20,,THERMALACT. 24 V AC NC MOD.WITHOUT CABLE,Grup: Field Devices | Menşei: DE | Durum: Phase Out Inprogress,false
M44-MOD-1M,10 CABLES FOR M4410 MODULATING 1 METER5P,Genel,Honeywell,M44-MOD-1M,adet,USDTRY,185.15,0,0,20,,10 CABLES FOR M4410 MODULATING 1 METER5P,Grup: Field Devices | Menşei: DE | Durum: Phase Out Inprogress,false
M44-MOD-1M/U,1 CABLE FOR M4410 MODULATING 1 METER,Genel,Honeywell,M44-MOD-1M/U,adet,USDTRY,27.02,0,0,20,,1 CABLE FOR M4410 MODULATING 1 METER,Grup: Field Devices | Menşei: DE | Durum: Phase Out Inprogress,false
M5410L1001,SMALL LIN. ACTUATOR 230V 6.5MM,Actuators,Honeywell,M5410L1001,adet,USDTRY,116.14,0,0,20,,SMALL LIN. ACTUATOR 230V 6.5MM,Grup: Field Devices | Alt kategori: Linear Actuators | Menşei: CN | Durum: Active,true
M6061A1013,ROT.ACTUATOR 10NM 24V AC FLOAT,Genel,Honeywell,M6061A1013,adet,USDTRY,570.35,0,0,20,,ROT.ACTUATOR 10NM 24V AC FLOAT,Grup: Field Devices | Menşei: HU | Durum: Active,true
M6061A1021,ROT.ACTUATOR 20NM 24V AC FLOAT,Actuators,Honeywell,M6061A1021,adet,USDTRY,385.00,0,0,20,,ROT.ACTUATOR 20NM 24V AC FLOAT,Grup: Field Devices | Alt kategori: Rotary Actuators | Menşei: HU | Durum: Active,true
M6061A1039,ROT.ACTUATOR 30NM 24V AC FLOA,Actuators,Honeywell,M6061A1039,adet,USDTRY,790.00,0,0,20,,ROT.ACTUATOR 30NM 24V AC FLOA,Grup: Field Devices | Alt kategori: Rotary Actuators | Menşei: HU | Durum: Active,true
M6061A1047,ROT.ACTUATOR 40NM 24V AC FLOAT,Actuators,Honeywell,M6061A1047,adet,USDTRY,860.71,0,0,20,,ROT.ACTUATOR 40NM 24V AC FLOAT,Grup: Field Devices | Alt kategori: Rotary Actuators | Menşei: HU | Durum: Active,true
M6061L1019,ROT.ACTUATOR 10NM 230V AC FLOA,Actuators,Honeywell,M6061L1019,adet,USDTRY,530.00,0,0,20,,ROT.ACTUATOR 10NM 230V AC FLOA,Grup: Field Devices | Alt kategori: Rotary Actuators | Menşei: HU | Durum: Active,true
M6061L1027,ROT.ACTUATOR 20NM 230V AC FLOA,Actuators,Honeywell,M6061L1027,adet,USDTRY,632.57,0,0,20,,ROT.ACTUATOR 20NM 230V AC FLOA,Grup: Field Devices | Alt kategori: Rotary Actuators | Menşei: HU | Durum: Active,true
M6061L1035,ROT.ACTUATOR 30NM 230V AC FLOA,Actuators,Honeywell,M6061L1035,adet,USDTRY,622.20,0,0,20,,ROT.ACTUATOR 30NM 230V AC FLOA,Grup: Field Devices | Alt kategori: Rotary Actuators | Menşei: HU | Durum: Active,true
M6061L1043,ROT.ACT. 40NM/230V AC.FLOAT.,Actuators,Honeywell,M6061L1043,adet,USDTRY,632.57,0,0,20,,ROT.ACT. 40NM/230V AC.FLOAT.,Grup: Field Devices | Alt kategori: Rotary Actuators | Menşei: HU | Durum: Active,true
M6284F1078-F/U,"ModIV 150lb-in 120Vac Floating, 30-53s",Actuators,Honeywell,M6284F1078-F/U,adet,USDTRY,684.42,0,0,20,,"ModIV 150lb-in 120Vac Floating, 30-53s",Grup: Field Devices | Alt kategori: Rotary Actuators | Menşei: US | Durum: Active,true
M6294F1009-F/U,MODUTROL MOTOR,Genel,Honeywell,M6294F1009-F/U,adet,USDTRY,1550.00,0,0,20,,MODUTROL MOTOR,Grup: Field Devices | Menşei: DE | Durum: Active,true
M6410A3017,"LINEAR ACTUATOR 24V,UL,300N",Actuators,Honeywell,M6410A3017,adet,USDTRY,155.00,0,0,20,,"LINEAR ACTUATOR 24V,UL,300N",Grup: Field Devices | Alt kategori: Linear Actuators | Menşei: HU | Durum: Active,true
M6410C2023,ACTUAT. 24V FLOAT 180N MAN OP,Actuators,Honeywell,M6410C2023,adet,USDTRY,187.70,0,0,20,,ACTUAT. 24V FLOAT 180N MAN OP,Grup: Field Devices | Alt kategori: Linear Actuators | Menşei: HU | Durum: Active,true
M6410C2031,ACTUAT. 24V FLOAT 280N MAN OP,Actuators,Honeywell,M6410C2031,adet,USDTRY,202.21,0,0,20,,ACTUAT. 24V FLOAT 280N MAN OP,Grup: Field Devices | Alt kategori: Linear Actuators | Menşei: HU | Durum: Active,true
M6410C4029,ACTUAT.24V FLOAT 180N MAN 2AUX,Genel,Honeywell,M6410C4029,adet,USDTRY,275.00,0,0,20,,ACTUAT.24V FLOAT 180N MAN 2AUX,Grup: Field Devices | Menşei: HU | Durum: Active,true
M6410C4037,ACTUAT. 24V FLOAT 280N MAN2AUX,Genel,Honeywell,M6410C4037,adet,USDTRY,290.36,0,0,20,,ACTUAT. 24V FLOAT 280N MAN2AUX,Grup: Field Devices | Menşei: HU | Durum: Active,true
M6410L2023,ACTUATOR 230V FLOAT 180N MANOP,Actuators,Honeywell,M6410L2023,adet,USDTRY,163.85,0,0,20,,ACTUATOR 230V FLOAT 180N MANOP,Grup: Field Devices | Alt kategori: Linear Actuators | Menşei: HU | Durum: Active,true
M6410L2031,ACTUAT. 230V FLOAT 280N MAN OP,Actuators,Honeywell,M6410L2031,adet,USDTRY,226.07,0,0,20,,ACTUAT. 230V FLOAT 280N MAN OP,Grup: Field Devices | Alt kategori: Linear Actuators | Menşei: HU | Durum: Active,true
M6410L4029,ACTUAT. 230V 180N MAN 2AUX,Genel,Honeywell,M6410L4029,adet,USDTRY,300.00,0,0,20,,ACTUAT. 230V 180N MAN 2AUX,Grup: Field Devices | Menşei: HU | Durum: Active,true
M6410L4037,ACTUAT.230V FLOAT 280N MAN2AUX,Genel,Honeywell,M6410L4037,adet,USDTRY,350.00,0,0,20,,ACTUAT.230V FLOAT 280N MAN2AUX,Grup: Field Devices | Menşei: HU | Durum: Active,true
M6422L1003,ACTUATOR FOR V5421B1090 (DN200),Actuators,Honeywell,M6422L1003,adet,USDTRY,1920.00,0,0,20,,ACTUATOR FOR V5421B1090 (DN200),Grup: Field Devices | Alt kategori: Rotary Actuators | Menşei: CH | Durum: Active,true
M7061E1012,ROT.ACTUATOR 10NM 0..10VDC MOD,Actuators,Honeywell,M7061E1012,adet,USDTRY,725.90,0,0,20,,ROT.ACTUATOR 10NM 0..10VDC MOD,Grup: Field Devices | Alt kategori: Rotary Actuators | Menşei: HU | Durum: Active,true
M7061E1020,ROT.ACTUATOR 20NM 0..10VDC MOD,Actuators,Honeywell,M7061E1020,adet,USDTRY,820.00,0,0,20,,ROT.ACTUATOR 20NM 0..10VDC MOD,Grup: Field Devices | Alt kategori: Rotary Actuators | Menşei: HU | Durum: Active,true
M7284C1000/U,ModIV 150lb-in 120Vac Modulating 30-60s,Actuators,Honeywell,M7284C1000/U,adet,USDTRY,933.30,0,0,20,,ModIV 150lb-in 120Vac Modulating 30-60s,Grup: Field Devices | Alt kategori: Rotary Actuators | Menşei: DE | Durum: Active,true
M7284Q1082/U,ModIV 150lb-in 120Vac Modulating 30s,Actuators,Honeywell,M7284Q1082/U,adet,USDTRY,1040.00,0,0,20,,ModIV 150lb-in 120Vac Modulating 30s,Grup: Field Devices | Alt kategori: Rotary Actuators | Menşei: US | Durum: Active,true
M7284Q1106/U,MODUTROL IV MOTOR,Actuators,Honeywell,M7284Q1106/U,adet,USDTRY,750.00,0,0,20,,MODUTROL IV MOTOR,Grup: Field Devices | Alt kategori: Rotary Actuators | Menşei: US | Durum: Phase Out Inprogress,false
M7294Q1015/U,ModIV 300lb-in 120Vac Modulating 60-107s,Actuators,Honeywell,M7294Q1015/U,adet,USDTRY,1700.00,0,0,20,,ModIV 300lb-in 120Vac Modulating 60-107s,Grup: Field Devices | Alt kategori: Rotary Actuators | Menşei: DE | Durum: Active,true
M7410A1001,"ACTUATOR 3-POS 90N 0,8M CABLE",Actuators,Honeywell,M7410A1001,adet,USDTRY,152.44,0,0,20,,"ACTUATOR 3-POS 90N 0,8M CABLE",Grup: Field Devices | Alt kategori: Linear Actuators | Menşei: HU | Durum: Active,true
M7410A1001-3M,ACTUATOR 243POS 90N 3M,Actuators,Honeywell,M7410A1001-3M,adet,USDTRY,165.00,0,0,20,,ACTUATOR 243POS 90N 3M,Grup: Field Devices | Alt kategori: Linear Actuators | Menşei: HU | Durum: Active,true
M7410C1007,"ACTUATOR 3-POS 180N 1,5M CABLE",Actuators,Honeywell,M7410C1007,adet,USDTRY,126.51,0,0,20,,"ACTUATOR 3-POS 180N 1,5M CABLE",Grup: Field Devices | Alt kategori: Linear Actuators | Menşei: HU | Durum: Active,true
M7410C1007-10M,ACTUATOR 24V 3POS 180N 10M,Genel,Honeywell,M7410C1007-10M,adet,USDTRY,198.07,0,0,20,,ACTUATOR 24V 3POS 180N 10M,Grup: Field Devices | Menşei: HU | Durum: Active,true
M7410C1007-3M,ACTUATOR 24V 3POS 180N 3M,Actuators,Honeywell,M7410C1007-3M,adet,USDTRY,165.00,0,0,20,,ACTUATOR 24V 3POS 180N 3M,Grup: Field Devices | Alt kategori: Linear Actuators | Menşei: HU | Durum: Active,true
M7410C1015,"ACTUATOR 3-POS 280N 1,5M CABLE",Actuators,Honeywell,M7410C1015,adet,USDTRY,144.14,0,0,20,,"ACTUATOR 3-POS 280N 1,5M CABLE",Grup: Field Devices | Alt kategori: Linear Actuators | Menşei: HU | Durum: Active,true
M7410E1002,"ACTUATOR 0-10V 180N 1,5M CABLE",Actuators,Honeywell,M7410E1002,adet,USDTRY,305.91,0,0,20,,"ACTUATOR 0-10V 180N 1,5M CABLE",Grup: Field Devices | Alt kategori: Linear Actuators | Menşei: HU | Durum: Active,true
M7410E1028,"ACTUATOR 0-10V 280N 1,5M CABLE",Actuators,Honeywell,M7410E1028,adet,USDTRY,305.00,0,0,20,,"ACTUATOR 0-10V 280N 1,5M CABLE",Grup: Field Devices | Alt kategori: Linear Actuators | Menşei: HU | Durum: Active,true
M7410E2026,ACTUAT. 0-10V MOD. 180N MAN.OP,Actuators,Honeywell,M7410E2026,adet,USDTRY,377.47,0,0,20,,ACTUAT. 0-10V MOD. 180N MAN.OP,Grup: Field Devices | Alt kategori: Linear Actuators | Menşei: HU | Durum: Active,true
M7410E2034,ACTUAT. 0-10V MOD. 280N MAN.OP,Actuators,Honeywell,M7410E2034,adet,USDTRY,330.00,0,0,20,,ACTUAT. 0-10V MOD. 280N MAN.OP,Grup: Field Devices | Alt kategori: Linear Actuators | Menşei: HU | Durum: Active,true
M7410E4022,ACTUAT.0-10V MOD 180N MAN 2AUX,Actuators,Honeywell,M7410E4022,adet,USDTRY,470.00,0,0,20,,ACTUAT.0-10V MOD 180N MAN 2AUX,Grup: Field Devices | Alt kategori: Linear Actuators | Menşei: HU | Durum: Active,true
M7410E4030,ACTUAT.0-10V MOD 280N MAN 2AUX,Actuators,Honeywell,M7410E4030,adet,USDTRY,487.39,0,0,20,,ACTUAT.0-10V MOD 280N MAN 2AUX,Grup: Field Devices | Alt kategori: Linear Actuators | Menşei: HU | Durum: Active,true
M7410E5001,"ACTUATOR 0-10V 90N, 2.9MM VALVE STROKE",Actuators,Honeywell,M7410E5001,adet,USDTRY,147.25,0,0,20,,"ACTUATOR 0-10V 90N, 2.9MM VALVE STROKE",Grup: Field Devices | Alt kategori: Linear Actuators | Menşei: HU | Durum: Active,true
M7410F1000,"ACTUATOR 0/2..10V,UL,CONDUIT C",Actuators,Honeywell,M7410F1000,adet,USDTRY,355.00,0,0,20,,"ACTUATOR 0/2..10V,UL,CONDUIT C",Grup: Field Devices | Alt kategori: Linear Actuators | Menşei: HU | Durum: Active,true
M7410F3006,"LINEAR ACTUATOR 0/2V,UL,300N",Actuators,Honeywell,M7410F3006,adet,USDTRY,321.47,0,0,20,,"LINEAR ACTUATOR 0/2V,UL,300N",Grup: Field Devices | Alt kategori: Linear Actuators | Menşei: HU | Durum: Active,true
M7435F1001,"ACTUATOR 0/2.10V,UL,180N,SR",Actuators,Honeywell,M7435F1001,adet,USDTRY,386.80,0,0,20,,"ACTUATOR 0/2.10V,UL,180N,SR",Grup: Field Devices | Alt kategori: Linear Actuators | Menşei: HU | Durum: Active,true
M7435F3007,"ACTUATOR 0/2..10V,UL,400N,SR",Actuators,Honeywell,M7435F3007,adet,USDTRY,391.99,0,0,20,,"ACTUATOR 0/2..10V,UL,400N,SR",Grup: Field Devices | Alt kategori: Linear Actuators | Menşei: HU | Durum: Active,true
M800-BG,"THERMAL ACTUATOR, 8MM, 230V, NC",Genel,Honeywell,M800-BG,adet,USDTRY,25.00,0,0,20,,"THERMAL ACTUATOR, 8MM, 230V, NC",Grup: Field Devices | Menşei: CN | Durum: Active,true
M9174C1025/U,ModIV 75lb-in 120Vac Modulating 30-60s,Actuators,Honeywell,M9174C1025/U,adet,USDTRY,800.00,0,0,20,,ModIV 75lb-in 120Vac Modulating 30-60s,Grup: Field Devices | Alt kategori: Rotary Actuators | Menşei: US | Durum: Active,true
M9174F1001/U,MODUTROL MOTOR,Genel,Honeywell,M9174F1001/U,adet,USDTRY,1530.00,0,0,20,,MODUTROL MOTOR,Grup: Field Devices | Menşei: US | Durum: Phase Out Inprogress,false
M9184A1019/U,MOD MOTOR - M9184A1019/U,Actuators,Honeywell,M9184A1019/U,adet,USDTRY,580.72,0,0,20,,MOD MOTOR - M9184A1019/U,Grup: Field Devices | Alt kategori: Rotary Actuators | Menşei: US | Durum: Active,true
M9184F1034/U,ModIV 150lb-in 24Vac Modulating 30-60s,Actuators,Honeywell,M9184F1034/U,adet,USDTRY,750.00,0,0,20,,ModIV 150lb-in 24Vac Modulating 30-60s,Grup: Field Devices | Alt kategori: Rotary Actuators | Menşei: US | Durum: Active,true
MAU8/MS,EXTERNAL THREAD WITH NBR O-RING,Genel,Honeywell,MAU8/MS,adet,USDTRY,145.18,0,0,20,,EXTERNAL THREAD WITH NBR O-RING,Grup: Field Devices | Menşei: DE | Durum: Active,true
ML2524,"Linear act. modulating, 2500N, 40mm",Genel,Honeywell,ML2524,adet,USDTRY,1130.33,0,0,20,,"Linear act. modulating, 2500N, 40mm",Grup: Field Devices | Menşei: CN | Durum: Active,true
ML3524,"Linear act. modulating, 3500N, 40mm",Actuators,Honeywell,ML3524,adet,USDTRY,1161.44,0,0,20,,"Linear act. modulating, 3500N, 40mm",Grup: Field Devices | Alt kategori: Linear Actuators | Menşei: CN | Durum: Active,true
ML6161A2009/U,DAMPER ACTUATOR,Actuators,Honeywell,ML6161A2009/U,adet,USDTRY,162.81,0,0,20,,DAMPER ACTUATOR,Grup: Field Devices | Alt kategori: Rotary Actuators | Menşei: DE | Durum: Active,true
ML6161B2024/U,ACTUATOR DIRECT COUPLED,Actuators,Honeywell,ML6161B2024/U,adet,USDTRY,150.36,0,0,20,,ACTUATOR DIRECT COUPLED,Grup: Field Devices | Alt kategori: Rotary Actuators | Menşei: MX | Durum: Active,true
ML6161B2032/U,DIRECT COUPLED SPDT ACTUATOR,Actuators,Honeywell,ML6161B2032/U,adet,USDTRY,180.44,0,0,20,,DIRECT COUPLED SPDT ACTUATOR,Grup: Field Devices | Alt kategori: Rotary Actuators | Menşei: DE | Durum: Active,true
ML6174A2002/U,DAMPER ACTUATOR,Actuators,Honeywell,ML6174A2002/U,adet,USDTRY,216.73,0,0,20,,DAMPER ACTUATOR,Grup: Field Devices | Alt kategori: Rotary Actuators | Menşei: MX | Durum: Active,true
ML6174B2019/U,DAMPER ACTUATOR,Genel,Honeywell,ML6174B2019/U,adet,USDTRY,207.40,0,0,20,,DAMPER ACTUATOR,Grup: Field Devices | Menşei: MX | Durum: Active,true
ML6420A3007,ACTUATOR 600N 24V 50/60HZ,Actuators,Honeywell,ML6420A3007,adet,USDTRY,760.00,0,0,20,,ACTUATOR 600N 24V 50/60HZ,Grup: Field Devices | Alt kategori: Linear Actuators | Menşei: HU | Durum: Active,true
ML6420A3007-E,"Linear act. On off, 600N, 20mm",Actuators,Honeywell,ML6420A3007-E,adet,USDTRY,283.10,0,0,20,,"Linear act. On off, 600N, 20mm",Grup: Field Devices | Alt kategori: Linear Actuators | Menşei: CN | Durum: Active,true
ML6420A3015,ACTUATOR 600N 230V 50/60HZ,Actuators,Honeywell,ML6420A3015,adet,USDTRY,611.83,0,0,20,,ACTUATOR 600N 230V 50/60HZ,Grup: Field Devices | Alt kategori: Linear Actuators | Menşei: HU | Durum: Active,true
ML6420A3031,ACTUATOR 600N 230VAC 30SEC,Actuators,Honeywell,ML6420A3031,adet,USDTRY,750.00,0,0,20,,ACTUATOR 600N 230VAC 30SEC,Grup: Field Devices | Alt kategori: Linear Actuators | Menşei: HU | Durum: Active,true
ML6420A3072,ELECTRIC LINEAR VALVE ACTUATOR,Actuators,Honeywell,ML6420A3072,adet,USDTRY,570.35,0,0,20,,ELECTRIC LINEAR VALVE ACTUATOR,Grup: Field Devices | Alt kategori: Linear Actuators | Menşei: HU | Durum: Active,true
ML6421A3005,VALVE ACT.2POS./FLOAT.24V VAC,Actuators,Honeywell,ML6421A3005,adet,USDTRY,1151.07,0,0,20,,VALVE ACT.2POS./FLOAT.24V VAC,Grup: Field Devices | Alt kategori: Linear Actuators | Menşei: HU | Durum: Active,true
ML6421A3013,1800N CORELLA 230V,Actuators,Honeywell,ML6421A3013,adet,USDTRY,1250.00,0,0,20,,1800N CORELLA 230V,Grup: Field Devices | Alt kategori: Linear Actuators | Menşei: HU | Durum: Active,true
ML6421B3004,VALVE ACT.2POS./FLOAT.24VAC,Actuators,Honeywell,ML6421B3004,adet,USDTRY,1120.00,0,0,20,,VALVE ACT.2POS./FLOAT.24VAC,Grup: Field Devices | Alt kategori: Linear Actuators | Menşei: HU | Durum: Active,true
ML6421B3012,EL.ACT.230V.1800N 38MM FL.,Actuators,Honeywell,ML6421B3012,adet,USDTRY,1240.00,0,0,20,,EL.ACT.230V.1800N 38MM FL.,Grup: Field Devices | Alt kategori: Linear Actuators | Menşei: HU | Durum: Active,true
ML6425A3006,ACT.W.DIRECT ACTING SPRING R,Actuators,Honeywell,ML6425A3006,adet,USDTRY,1260.00,0,0,20,,ACT.W.DIRECT ACTING SPRING R,Grup: Field Devices | Alt kategori: Linear Actuators | Menşei: HU | Durum: Active,true
ML6425A3014,ACT.DIRECT SPR.RET.230V,Actuators,Honeywell,ML6425A3014,adet,USDTRY,1280.00,0,0,20,,ACT.DIRECT SPR.RET.230V,Grup: Field Devices | Alt kategori: Linear Actuators | Menşei: HU | Durum: Active,true
ML6425A3048,actuator 24V WITHOUT TUEV approval,Actuators,Honeywell,ML6425A3048,adet,USDTRY,1010.00,0,0,20,,actuator 24V WITHOUT TUEV approval,Grup: Field Devices | Alt kategori: Linear Actuators | Menşei: HU | Durum: Active,true
ML6425A3055,actuator 230VAC without TUEV approval,Actuators,Honeywell,ML6425A3055,adet,USDTRY,912.56,0,0,20,,actuator 230VAC without TUEV approval,Grup: Field Devices | Alt kategori: Linear Actuators | Menşei: HU | Durum: Active,true
ML6425B3005,ACTUATOR WITH REVERSE 24V,Genel,Honeywell,ML6425B3005,adet,USDTRY,1280.00,0,0,20,,ACTUATOR WITH REVERSE 24V,Grup: Field Devices | Menşei: HU | Durum: Active,true
ML6425B3021,CREVAL 230V SPRING RET.REV.ACT,Genel,Honeywell,ML6425B3021,adet,USDTRY,1280.00,0,0,20,,CREVAL 230V SPRING RET.REV.ACT,Grup: Field Devices | Menşei: HU | Durum: Active,true
ML6435B1008,EL.ACTUATOR 400N,Actuators,Honeywell,ML6435B1008,adet,USDTRY,435.00,0,0,20,,EL.ACTUATOR 400N,Grup: Field Devices | Alt kategori: Linear Actuators | Menşei: HU | Durum: Active,true
ML6435B1016,VALVE ACTUATOR 400N,Genel,Honeywell,ML6435B1016,adet,USDTRY,431.39,0,0,20,,VALVE ACTUATOR 400N,Grup: Field Devices | Menşei: HU | Durum: Active,true
ML6984A4000/U,VALVE ACTUATOR DIGITAL INTERFACE,Actuators,Honeywell,ML6984A4000/U,adet,USDTRY,386.80,0,0,20,,VALVE ACTUATOR DIGITAL INTERFACE,Grup: Field Devices | Alt kategori: Linear Actuators | Menşei: MX | Durum: Active,true
ML711CPA,"Small linear actuator, Salina G2, analog",Genel,Honeywell,ML711CPA,adet,USDTRY,107.13,0,0,20,,"Small linear actuator, Salina G2, analog",Grup: Field Devices | Menşei: DE | Durum: Active,true
ML711CPA-N,"Small linear actuator, Salina G2, analog",Genel,Honeywell,ML711CPA-N,adet,USDTRY,96.40,0,0,20,,"Small linear actuator, Salina G2, analog",Grup: Field Devices | Menşei: DE | Durum: Active,true
ML712CPA,"Small linear actuator, Salina G2, analog",Genel,Honeywell,ML712CPA,adet,USDTRY,107.13,0,0,20,,"Small linear actuator, Salina G2, analog",Grup: Field Devices | Menşei: DE | Durum: Active,true
ML712CPA-N,"Small linear actuator, Salina G2, analog",Genel,Honeywell,ML712CPA-N,adet,USDTRY,96.40,0,0,20,,"Small linear actuator, Salina G2, analog",Grup: Field Devices | Menşei: DE | Durum: Active,true
ML713CPA,"Small linear actuator, Salina G2, analog",Genel,Honeywell,ML713CPA,adet,USDTRY,107.13,0,0,20,,"Small linear actuator, Salina G2, analog",Grup: Field Devices | Menşei: DE | Durum: Active,true
ML713CPA-N,"Small linear actuator, Salina G2, analog",Genel,Honeywell,ML713CPA-N,adet,USDTRY,96.40,0,0,20,,"Small linear actuator, Salina G2, analog",Grup: Field Devices | Menşei: DE | Durum: Active,true
ML7420A3055,VALVE ACTUATOR,Actuators,Honeywell,ML7420A3055,adet,USDTRY,964.41,0,0,20,,VALVE ACTUATOR,Grup: Field Devices | Alt kategori: Linear Actuators | Menşei: HU | Durum: Active,true
ML7420A3063,"DCVA,NSR,30 SEC.TIMING, 3/4",Actuators,Honeywell,ML7420A3063,adet,USDTRY,1050.00,0,0,20,,"DCVA,NSR,30 SEC.TIMING, 3/4",Grup: Field Devices | Alt kategori: Linear Actuators | Menşei: HU | Durum: Active,true
ML7420A6009,"ACT,0-10V,20MM,60S,600N,24VAC,F-POS,HAND",Actuators,Honeywell,ML7420A6009,adet,USDTRY,674.05,0,0,20,,"ACT,0-10V,20MM,60S,600N,24VAC,F-POS,HAND",Grup: Field Devices | Alt kategori: Linear Actuators | Menşei: HU | Durum: Active,true
ML7420A6009T,TR LLA 600N 24VAC 0-10V NSR 60S 20MM MAN,Actuators,Honeywell,ML7420A6009T,adet,USDTRY,427.24,0,0,20,,TR LLA 600N 24VAC 0-10V NSR 60S 20MM MAN,Grup: Field Devices | Alt kategori: Linear Actuators | Menşei: HU | Durum: Active,true
ML7420A6017,ACTUATOR 600N 24VAC 30SEC PNSR,Actuators,Honeywell,ML7420A6017,adet,USDTRY,1000.00,0,0,20,,ACTUATOR 600N 24VAC 30SEC PNSR,Grup: Field Devices | Alt kategori: Linear Actuators | Menşei: HU | Durum: Active,true
ML7420A6025,"CREVAL MOD, 60S, 600N, 24V AC, IP54",Actuators,Honeywell,ML7420A6025,adet,USDTRY,580.72,0,0,20,,"CREVAL MOD, 60S, 600N, 24V AC, IP54",Grup: Field Devices | Alt kategori: Linear Actuators | Menşei: HU | Durum: Active,true
ML7420A6025T,TR LLA 600N 24VAC 0-10V NSR 60S  20MM,Genel,Honeywell,ML7420A6025T,adet,USDTRY,790.00,0,0,20,,TR LLA 600N 24VAC 0-10V NSR 60S  20MM,Grup: Field Devices | Menşei: HU | Durum: Active,true
ML7420A8088-E,"Linear act. modulating, 600N, 20mm",Actuators,Honeywell,ML7420A8088-E,adet,USDTRY,312.14,0,0,20,,"Linear act. modulating, 600N, 20mm",Grup: Field Devices | Alt kategori: Linear Actuators | Menşei: CN | Durum: Active,true
ML7420A8088-SBU,"Kombi-9 multi-function actuator,600N",Actuators,Honeywell,ML7420A8088-SBU,adet,USDTRY,684.42,0,0,20,,"Kombi-9 multi-function actuator,600N",Grup: Field Devices | Alt kategori: Linear Actuators | Menşei: CN | Durum: Active,true
ML7421A1032,ELECTRIC LINEAR VALVE ACTUATOR,Genel,Honeywell,ML7421A1032,adet,USDTRY,1420.69,0,0,20,,ELECTRIC LINEAR VALVE ACTUATOR,Grup: Field Devices | Menşei: HU | Durum: Active,true
ML7421A3004,VALVE ACTUATOR PROP.24 VAC,Actuators,Honeywell,ML7421A3004,adet,USDTRY,1110.00,0,0,20,,VALVE ACTUATOR PROP.24 VAC,Grup: Field Devices | Alt kategori: Linear Actuators | Menşei: HU | Durum: Active,true
ML7421A8035-E,"Linear act. modulating, 1800N, 20mm",Actuators,Honeywell,ML7421A8035-E,adet,USDTRY,570.35,0,0,20,,"Linear act. modulating, 1800N, 20mm",Grup: Field Devices | Alt kategori: Linear Actuators | Menşei: CN | Durum: Active,true
ML7421B1023,180N CORELLA USA/ACTUATOR,Actuators,Honeywell,ML7421B1023,adet,USDTRY,1420.69,0,0,20,,180N CORELLA USA/ACTUATOR,Grup: Field Devices | Alt kategori: Linear Actuators | Menşei: HU | Durum: Active,true
ML7421B3003,VALVE ACTUATOR PROP.24 VAC,Actuators,Honeywell,ML7421B3003,adet,USDTRY,1130.33,0,0,20,,VALVE ACTUATOR PROP.24 VAC,Grup: Field Devices | Alt kategori: Linear Actuators | Menşei: HU | Durum: Active,true
ML7421B8012-E,"Linear act. modulating, 1800N, 40mm",Actuators,Honeywell,ML7421B8012-E,adet,USDTRY,550.00,0,0,20,,"Linear act. modulating, 1800N, 40mm",Grup: Field Devices | Alt kategori: Linear Actuators | Menşei: CN | Durum: Active,true
ML7421B8012-SBU,"Kombi-9 Actuator, 1800N, 38mm Stroke",Actuators,Honeywell,ML7421B8012-SBU,adet,USDTRY,891.82,0,0,20,,"Kombi-9 Actuator, 1800N, 38mm Stroke",Grup: Field Devices | Alt kategori: Linear Actuators | Menşei: CN | Durum: Active,true
ML7425A6008,"CREVAL MOD, 108S, SR-EXT.  ( DRAWING 500",Actuators,Honeywell,ML7425A6008,adet,USDTRY,1161.44,0,0,20,,"CREVAL MOD, 108S, SR-EXT.  ( DRAWING 500",Grup: Field Devices | Alt kategori: Linear Actuators | Menşei: HU | Durum: Active,true
ML7425A6024,actuator 24 VAC without TUEV approval,Actuators,Honeywell,ML7425A6024,adet,USDTRY,1250.00,0,0,20,,actuator 24 VAC without TUEV approval,Grup: Field Devices | Alt kategori: Linear Actuators | Menşei: HU | Durum: Active,true
ML7425A6024T,TREND LARGE LINEAR ACTUATOR 600N 24VAC M,Actuators,Honeywell,ML7425A6024T,adet,USDTRY,1300.76,0,0,20,,TREND LARGE LINEAR ACTUATOR 600N 24VAC M,Grup: Field Devices | Alt kategori: Linear Actuators | Menşei: HU | Durum: Active,true
ML7425A8018-E,"Linear act. modulating, 600N, 20mm, SR",Actuators,Honeywell,ML7425A8018-E,adet,USDTRY,580.72,0,0,20,,"Linear act. modulating, 600N, 20mm, SR",Grup: Field Devices | Alt kategori: Linear Actuators | Menşei: CN | Durum: Active,true
ML7425B3012,EDC ACTUATOR USA REV.,Actuators,Honeywell,ML7425B3012,adet,USDTRY,1520.00,0,0,20,,EDC ACTUATOR USA REV.,Grup: Field Devices | Alt kategori: Linear Actuators | Menşei: HU | Durum: Active,true
ML7425B6007,"CREVAL MOD, 108S, SR-RET.  ( DRAWING 500",Actuators,Honeywell,ML7425B6007,adet,USDTRY,1462.17,0,0,20,,"CREVAL MOD, 108S, SR-RET.  ( DRAWING 500",Grup: Field Devices | Alt kategori: Linear Actuators | Menşei: HU | Durum: Active,true
ML7425B6007T,TR LLA 600N 24VAC 0-10V SR-RET 108S 20MM,Genel,Honeywell,ML7425B6007T,adet,USDTRY,1050.00,0,0,20,,TR LLA 600N 24VAC 0-10V SR-RET 108S 20MM,Grup: Field Devices | Menşei: HU | Durum: Active,true
ML7430E1005,EL.ACTUATOR 400 N,Actuators,Honeywell,ML7430E1005,adet,USDTRY,441.76,0,0,20,,EL.ACTUATOR 400 N,Grup: Field Devices | Alt kategori: Linear Actuators | Menşei: HU | Durum: Active,true
ML7435E1004,EL.ACTUATOR 400N,Actuators,Honeywell,ML7435E1004,adet,USDTRY,550.00,0,0,20,,EL.ACTUATOR 400N,Grup: Field Devices | Alt kategori: Linear Actuators | Menşei: HU | Durum: Active,true
ML8824A0620,"Linear act. 600N, 20mm",Actuators,Honeywell,ML8824A0620,adet,USDTRY,355.00,0,0,20,,"Linear act. 600N, 20mm",Grup: Field Devices | Alt kategori: Linear Actuators | Menşei: CN | Durum: Active,true
ML8824A0620-BV,"VPIC Actuator, 600N, 20mm",Actuators,Honeywell,ML8824A0620-BV,adet,USDTRY,361.91,0,0,20,,"VPIC Actuator, 600N, 20mm",Grup: Field Devices | Alt kategori: Linear Actuators | Menşei: CN | Durum: Active,true
ML8824A1820,"Linear act. 1800N, 20mm",Actuators,Honeywell,ML8824A1820,adet,USDTRY,740.00,0,0,20,,"Linear act. 1800N, 20mm",Grup: Field Devices | Alt kategori: Linear Actuators | Menşei: CN | Durum: Active,true
ML8824A1840,"Linear act. 1800N, 40mm",Actuators,Honeywell,ML8824A1840,adet,USDTRY,770.00,0,0,20,,"Linear act. 1800N, 40mm",Grup: Field Devices | Alt kategori: Linear Actuators | Menşei: CN | Durum: Active,true
MLE71MAA,VPI PICV ACT 2-10VDC DN15-32 FAILSAFE,Actuators,Honeywell,MLE71MAA,adet,USDTRY,300.00,0,0,20,,VPI PICV ACT 2-10VDC DN15-32 FAILSAFE,Grup: Field Devices | Alt kategori: PICV Actuators | Menşei: DE | Durum: Active,true
MLE75MAB,VPI PICV ACT 2-10VDC DN40-50 FAILSAFE,Actuators,Honeywell,MLE75MAB,adet,USDTRY,405.00,0,0,20,,VPI PICV ACT 2-10VDC DN40-50 FAILSAFE,Grup: Field Devices | Alt kategori: PICV Actuators | Menşei: DE | Durum: Active,true
MLP41MNA,VPI PICV ACT 3WIRE 2POS DN15-32,Actuators,Honeywell,MLP41MNA,adet,USDTRY,216.73,0,0,20,,VPI PICV ACT 3WIRE 2POS DN15-32,Grup: Field Devices | Alt kategori: PICV Actuators | Menşei: DE | Durum: Active,true
MLP41MNA-NU,"VPI PICV ACT  2POS DN15-32, NON-UL",Actuators,Honeywell,MLP41MNA-NU,adet,USDTRY,127.55,0,0,20,,"VPI PICV ACT  2POS DN15-32, NON-UL",Grup: Field Devices | Alt kategori: PICV Actuators | Menşei: TW | Durum: Active,true
MLP41TNA,VPI PICV ACT 2WIRE 2POS DN15-32 THERMAL,Actuators,Honeywell,MLP41TNA,adet,USDTRY,46.67,0,0,20,,VPI PICV ACT 2WIRE 2POS DN15-32 THERMAL,Grup: Field Devices | Alt kategori: PICV Actuators | Menşei: DE | Durum: Active,true
MLP71MAA,VPI PICV ACT 2-10VDC DN15-32 FEEDBACK,Actuators,Honeywell,MLP71MAA,adet,USDTRY,153.48,0,0,20,,VPI PICV ACT 2-10VDC DN15-32 FEEDBACK,Grup: Field Devices | Alt kategori: PICV Actuators | Menşei: DE | Durum: Active,true
MLP71MNA,VPI PICV ACT 2-10VDC DN15-32,Actuators,Honeywell,MLP71MNA,adet,USDTRY,138.96,0,0,20,,VPI PICV ACT 2-10VDC DN15-32,Grup: Field Devices | Alt kategori: PICV Actuators | Menşei: DE | Durum: Active,true
MLP71MNA-NU,ML Act Fail In Place Mod. Elect DN15-32,Actuators,Honeywell,MLP71MNA-NU,adet,USDTRY,113.03,0,0,20,,ML Act Fail In Place Mod. Elect DN15-32,Grup: Field Devices | Alt kategori: PICV Actuators | Menşei: TW | Durum: Active,true
MLP71TNA,VPI PICV ACT 2-10VDC DN15-32 THERMAL,Actuators,Honeywell,MLP71TNA,adet,USDTRY,122.37,0,0,20,,VPI PICV ACT 2-10VDC DN15-32 THERMAL,Grup: Field Devices | Alt kategori: PICV Actuators | Menşei: DE | Durum: Active,true
MLP75MAB,VPI PICV ACT 2-10VDC DN40-50 FEEDBACK,Actuators,Honeywell,MLP75MAB,adet,USDTRY,315.00,0,0,20,,VPI PICV ACT 2-10VDC DN40-50 FEEDBACK,Grup: Field Devices | Alt kategori: PICV Actuators | Menşei: DE | Durum: Active,true
MLSUC1250,MLS UNIVERSAL CONTROL ASSEMBLY MLSUC1250,Lighting Control,Honeywell,MLSUC1250,adet,USDTRY,11510.70,0,0,20,,MLS UNIVERSAL CONTROL ASSEMBLY MLSUC1250,Grup: Field Devices | Alt kategori: Wired Lighting Systems | Menşei: GB | Durum: Active,true
MN7220A2007,DAMPER ACTUATOR 20NM 24V 0-10V,Genel,Honeywell,MN7220A2007,adet,USDTRY,486.35,0,0,20,,DAMPER ACTUATOR 20NM 24V 0-10V,Grup: Field Devices | Menşei: DE | Durum: Active,true
MN7505A2001/U,(N05010) DIRECT COUPLED ACTUATOR,Actuators,Honeywell,MN7505A2001/U,adet,USDTRY,242.66,0,0,20,,(N05010) DIRECT COUPLED ACTUATOR,Grup: Field Devices | Alt kategori: Rotary Actuators | Menşei: MX | Durum: Active,true
MODS -010000,SRMV,Controller Accessories,Honeywell,MODS -010000,adet,USDTRY,25.00,0,0,20,,SRMV,Grup: Field Devices | Alt kategori: Controller Accessories | Menşei: NL | Durum: Active,true
MP904A5047,PNEUMATIC MOTOR,Actuators,Honeywell,MP904A5047,adet,USDTRY,2255.48,0,0,20,,PNEUMATIC MOTOR,Grup: Field Devices | Alt kategori: Pneumatic actuators | Menşei: DE | Durum: Active,true
MP904B5052,PNEUM.PISTON OPERATOR,Genel,Honeywell,MP904B5052,adet,USDTRY,1120.00,0,0,20,,PNEUM.PISTON OPERATOR,Grup: Field Devices | Menşei: DE | Durum: Active,true
MP904D1057,PNEUM.PISTON OPERATOR,Actuators,Honeywell,MP904D1057,adet,USDTRY,780.00,0,0,20,,PNEUM.PISTON OPERATOR,Grup: Field Devices | Alt kategori: Pneumatic actuators | Menşei: DE | Durum: Active,true
MP913B1068,PNEUM.PISTON OPERATOR,Actuators,Honeywell,MP913B1068,adet,USDTRY,477.02,0,0,20,,PNEUM.PISTON OPERATOR,Grup: Field Devices | Alt kategori: Pneumatic actuators | Menşei: DE | Durum: Active,true
MP953C5076,PNEUM.VALVE OPERATOR,Actuators,Honeywell,MP953C5076,adet,USDTRY,840.00,0,0,20,,PNEUM.VALVE OPERATOR,Grup: Field Devices | Alt kategori: Pneumatic actuators | Menşei: DE | Durum: Phase Out Inprogress,false
MP953C5084,PNEUM.VALVE OPERATOR,Actuators,Honeywell,MP953C5084,adet,USDTRY,705.16,0,0,20,,PNEUM.VALVE OPERATOR,Grup: Field Devices | Alt kategori: Pneumatic actuators | Menşei: DE | Durum: Active,true
MP953C5159,PNEUM.VALVE OPERATOR,Actuators,Honeywell,MP953C5159,adet,USDTRY,2203.63,0,0,20,,PNEUM.VALVE OPERATOR,Grup: Field Devices | Alt kategori: Pneumatic actuators | Menşei: DE | Durum: Active,true
MP953D5009,PNEUM.VALVE OPERATOR,Actuators,Honeywell,MP953D5009,adet,USDTRY,715.53,0,0,20,,PNEUM.VALVE OPERATOR,Grup: Field Devices | Alt kategori: Pneumatic actuators | Menşei: DE | Durum: Active,true
MRE75MAC,VPI PICV ACT 2-10VDC DN50-250 FAILSAFE,Actuators,Honeywell,MRE75MAC,adet,USDTRY,974.78,0,0,20,,VPI PICV ACT 2-10VDC DN50-250 FAILSAFE,Grup: Field Devices | Alt kategori: PICV Actuators | Menşei: CA | Durum: Active,true
MRP75MAC,VPI PICV ACT 2-10VDC DN50-250 FEEDBACK,Actuators,Honeywell,MRP75MAC,adet,USDTRY,760.00,0,0,20,,VPI PICV ACT 2-10VDC DN50-250 FEEDBACK,Grup: Field Devices | Alt kategori: PICV Actuators | Menşei: CA | Durum: Active,true
MS4103F1023/B,"F&S 250F actuator 110-230V, no feedback,",Actuators,Honeywell,MS4103F1023/B,adet,USDTRY,172.14,0,0,20,,"F&S 250F actuator 110-230V, no feedback,",Grup: Field Devices | Alt kategori: Rotary Actuators | Menşei: MX | Durum: Active,true
MS4103F1023/U,"F&S 250F actuator 110-230V, no feedback,",Genel,Honeywell,MS4103F1023/U,adet,USDTRY,195.00,0,0,20,,"F&S 250F actuator 110-230V, no feedback,",Grup: Field Devices | Menşei: US | Durum: Active,true
MS4103F1221/B,"F&S 250F actuator 110-230V, no feedback,",Actuators,Honeywell,MS4103F1221/B,adet,USDTRY,205.33,0,0,20,,"F&S 250F actuator 110-230V, no feedback,",Grup: Field Devices | Alt kategori: Rotary Actuators | Menşei: US | Durum: Active,true
MS4103F1221/U,"F&S 250F actuator 110-230V, no feedback,",Actuators,Honeywell,MS4103F1221/U,adet,USDTRY,228.14,0,0,20,,"F&S 250F actuator 110-230V, no feedback,",Grup: Field Devices | Alt kategori: Rotary Actuators | Menşei: US | Durum: Active,true
MS4104F1010/B,3.4Nm 120V 2-position Actuator wo Aux sw,Actuators,Honeywell,MS4104F1010/B,adet,USDTRY,270.00,0,0,20,,3.4Nm 120V 2-position Actuator wo Aux sw,Grup: Field Devices | Alt kategori: Rotary Actuators | Menşei: MX | Durum: Active,true
MS4104F1210/B,3.4Nm 120V 2-position Actuator 2 Aux sw,Genel,Honeywell,MS4104F1210/B,adet,USDTRY,301.77,0,0,20,,3.4Nm 120V 2-position Actuator 2 Aux sw,Grup: Field Devices | Menşei: MX | Durum: Active,true
MS4110A1002/U,"S10120-2POS DAMPER ACTUATOR, SPRING",Actuators,Honeywell,MS4110A1002/U,adet,USDTRY,415.84,0,0,20,,"S10120-2POS DAMPER ACTUATOR, SPRING",Grup: Field Devices | Alt kategori: Rotary Actuators | Menşei: MX | Durum: Active,true
MS4120A1001/U,"S20120-2POS DAMPER ACTUATOR, SPRING",Genel,Honeywell,MS4120A1001/U,adet,USDTRY,475.00,0,0,20,,"S20120-2POS DAMPER ACTUATOR, SPRING",Grup: Field Devices | Menşei: MX | Durum: Active,true
MS4120A1209/U,FATPA HIGH TORQUE SPR RTN ACTUATOR,Actuators,Honeywell,MS4120A1209/U,adet,USDTRY,632.57,0,0,20,,FATPA HIGH TORQUE SPR RTN ACTUATOR,Grup: Field Devices | Alt kategori: Rotary Actuators | Menşei: MX | Durum: Active,true
MS4604F1010/B,4Nm 230V 2-position Actuator wo Aux sw,Actuators,Honeywell,MS4604F1010/B,adet,USDTRY,191.97,0,0,20,,4Nm 230V 2-position Actuator wo Aux sw,Grup: Field Devices | Alt kategori: Rotary Actuators | Menşei: MX | Durum: Active,true
MS4604F1010/B.,3.4Nm 230V 2-position Actuator wo Aux sw,Genel,Honeywell,MS4604F1010/B.,adet,USDTRY,225.00,0,0,20,,3.4Nm 230V 2-position Actuator wo Aux sw,Grup: Field Devices | Menşei: IN | Durum: Active,true
MS4604F1010/B..,3.4Nm 230V 2-position Actuator wo Aux sw,Genel,Honeywell,MS4604F1010/B..,adet,USDTRY,183.00,0,0,20,,3.4Nm 230V 2-position Actuator wo Aux sw,Grup: Field Devices | Menşei: SA | Durum: Active,true
MS4604F1210/B,3.4Nm 230V 2-position Actuator 2 Aux sw,Actuators,Honeywell,MS4604F1210/B,adet,USDTRY,201.41,0,0,20,,3.4Nm 230V 2-position Actuator 2 Aux sw,Grup: Field Devices | Alt kategori: Rotary Actuators | Menşei: MX | Durum: Active,true
MS4604F1210/B.,3.4Nm 230V 2-position Actuator 2 Aux sw.,Actuators,Honeywell,MS4604F1210/B.,adet,USDTRY,220.80,0,0,20,,3.4Nm 230V 2-position Actuator 2 Aux sw.,Grup: Field Devices | Alt kategori: Rotary Actuators | Menşei: IN | Durum: Active,true
MS4604F1210/B..,3.4Nm 230V 2-position Actuator 2 Aux sw,Actuators,Honeywell,MS4604F1210/B..,adet,USDTRY,192.00,0,0,20,,3.4Nm 230V 2-position Actuator 2 Aux sw,Grup: Field Devices | Alt kategori: Rotary Actuators | Menşei: SA | Durum: Active,true
MS4604F1210/U,FIRE AND SMOKE DIRECT COUPLED ACTUATOR,Actuators,Honeywell,MS4604F1210/U,adet,USDTRY,257.00,0,0,20,,FIRE AND SMOKE DIRECT COUPLED ACTUATOR,Grup: Field Devices | Alt kategori: Rotary Actuators | Menşei: MX | Durum: Active,true
MS4609F1010/B,9 Nm 230V 2-position Actuator wo Aux sw,Actuators,Honeywell,MS4609F1010/B,adet,USDTRY,218.19,0,0,20,,9 Nm 230V 2-position Actuator wo Aux sw,Grup: Field Devices | Alt kategori: Rotary Actuators | Menşei: MX | Durum: Active,true
MS4609F1010/B.,9 Nm 230V 2-position Actuator wo Aux sw.,Genel,Honeywell,MS4609F1010/B.,adet,USDTRY,300.00,0,0,20,,9 Nm 230V 2-position Actuator wo Aux sw.,Grup: Field Devices | Menşei: IN | Durum: Active,true
MS4609F1010/B..,9 Nm 230V 2-position Actuator wo Aux sw,Genel,Honeywell,MS4609F1010/B..,adet,USDTRY,208.00,0,0,20,,9 Nm 230V 2-position Actuator wo Aux sw,Grup: Field Devices | Menşei: SA | Durum: Active,true
MS4609F1210/B,9 Nm 230V 2-position Actuator 2 Aux sw,Actuators,Honeywell,MS4609F1210/B,adet,USDTRY,255.96,0,0,20,,9 Nm 230V 2-position Actuator 2 Aux sw,Grup: Field Devices | Alt kategori: Rotary Actuators | Menşei: MX | Durum: Active,true
MS4609F1210/B.,9 Nm 230V 2-position Actuator 2 Aux sw.,Sensors and Wall Modules,Honeywell,MS4609F1210/B.,adet,USDTRY,282.90,0,0,20,,9 Nm 230V 2-position Actuator 2 Aux sw.,Grup: Field Devices | Alt kategori: Economizer Sensor | Menşei: IN | Durum: Active,true
MS4609F1210/B..,9 Nm 230V 2-position Actuator 2 Aux sw,Actuators,Honeywell,MS4609F1210/B..,adet,USDTRY,244.00,0,0,20,,9 Nm 230V 2-position Actuator 2 Aux sw,Grup: Field Devices | Alt kategori: Rotary Actuators | Menşei: SA | Durum: Active,true
MS4620F1005/B,20 Nm 230V 2-position Actuator wo Aux sw,Actuators,Honeywell,MS4620F1005/B,adet,USDTRY,331.48,0,0,20,,20 Nm 230V 2-position Actuator wo Aux sw,Grup: Field Devices | Alt kategori: Rotary Actuators | Menşei: US | Durum: Active,true
MS4620F1005/B.,20 Nm 230V 2-position Actuator wo Aux sw,Actuators,Honeywell,MS4620F1005/B.,adet,USDTRY,345.00,0,0,20,,20 Nm 230V 2-position Actuator wo Aux sw,Grup: Field Devices | Alt kategori: Rotary Actuators | Menşei: IN | Durum: Active,true
MS4620F1005/B..,20 Nm 230V 2-position Actuator wo Aux sw,Genel,Honeywell,MS4620F1005/B..,adet,USDTRY,316.00,0,0,20,,20 Nm 230V 2-position Actuator wo Aux sw,Grup: Field Devices | Menşei: SA | Durum: Active,true
MS4620F1005/U,SPRING RETURN DAMPER ACTUATOR 230V 20NM,Actuators,Honeywell,MS4620F1005/U,adet,USDTRY,511.91,0,0,20,,SPRING RETURN DAMPER ACTUATOR 230V 20NM,Grup: Field Devices | Alt kategori: Rotary Actuators | Menşei: MX | Durum: Active,true
MS4620F1203/B,20 Nm 230V 2-position Actuator 2 Aux sw,Actuators,Honeywell,MS4620F1203/B,adet,USDTRY,395.47,0,0,20,,20 Nm 230V 2-position Actuator 2 Aux sw,Grup: Field Devices | Alt kategori: Rotary Actuators | Menşei: MX | Durum: Active,true
MS4620F1203/B.,20 Nm 230V 2-position Actuator 2 Aux sw.,Actuators,Honeywell,MS4620F1203/B.,adet,USDTRY,447.35,0,0,20,,20 Nm 230V 2-position Actuator 2 Aux sw.,Grup: Field Devices | Alt kategori: Rotary Actuators | Menşei: IN | Durum: Active,true
MS4620F1203/B..,20 Nm 230V 2-position Actuator 2 Aux sw,Genel,Honeywell,MS4620F1203/B..,adet,USDTRY,377.00,0,0,20,,20 Nm 230V 2-position Actuator 2 Aux sw,Grup: Field Devices | Menşei: SA | Durum: Active,true
MS4620F1203/U,230V FATPA ACTUATOR,Actuators,Honeywell,MS4620F1203/U,adet,USDTRY,534.99,0,0,20,,230V FATPA ACTUATOR,Grup: Field Devices | Alt kategori: Rotary Actuators | Menşei: MX | Durum: Active,true
MS7103A2021/U,"LOW VOLT, 2-10V MOD ONLY, FB, NO SW, SCS",Actuators,Honeywell,MS7103A2021/U,adet,USDTRY,265.00,0,0,20,,"LOW VOLT, 2-10V MOD ONLY, FB, NO SW, SCS",Grup: Field Devices | Alt kategori: Rotary Actuators | Menşei: MX | Durum: Active,true
MS7103A2024/U,"DCA SR 27LB-IN 3NM, LOW VOLT, FB, NO SW",Genel,Honeywell,MS7103A2024/U,adet,USDTRY,233.33,0,0,20,,"DCA SR 27LB-IN 3NM, LOW VOLT, FB, NO SW",Grup: Field Devices | Menşei: MX | Durum: Active,true
MS7103A2024/X,"LOW VOLT, MOD, FB, NO SW, NON SCSA,NO 1/",Genel,Honeywell,MS7103A2024/X,adet,USDTRY,233.32,0,0,20,,"LOW VOLT, MOD, FB, NO SW, NON SCSA,NO 1/",Grup: Field Devices | Menşei: MX | Durum: Active,true
MS7103A2221/U,"LOW VOLT, 2-10VMOD ONLY, FB, SW, SCSA, 1",Genel,Honeywell,MS7103A2221/U,adet,USDTRY,300.73,0,0,20,,"LOW VOLT, 2-10VMOD ONLY, FB, SW, SCSA, 1",Grup: Field Devices | Menşei: MX | Durum: Active,true
MS7103A2224/U,"DCA SR 27LB-IN 3NM, LOW VOLT, FB, SW",Genel,Honeywell,MS7103A2224/U,adet,USDTRY,261.32,0,0,20,,"DCA SR 27LB-IN 3NM, LOW VOLT, FB, SW",Grup: Field Devices | Menşei: MX | Durum: Active,true
MS7103A2224/X,"LOW VOLT, MOD, FB, SW, NON SCSA,NO 1/2""",Genel,Honeywell,MS7103A2224/X,adet,USDTRY,261.32,0,0,20,,"LOW VOLT, MOD, FB, SW, NON SCSA,NO 1/2""",Grup: Field Devices | Menşei: MX | Durum: Active,true
MS7505A2030/U,DAMPER ACTUATOR,Actuators,Honeywell,MS7505A2030/U,adet,USDTRY,297.62,0,0,20,,DAMPER ACTUATOR,Grup: Field Devices | Alt kategori: Rotary Actuators | Menşei: MX | Durum: Active,true
MS7505A2130/U,"DAMPER ACTUATOR, SPRING RETURN, 44 LB-IN",Genel,Honeywell,MS7505A2130/U,adet,USDTRY,390.00,0,0,20,,"DAMPER ACTUATOR, SPRING RETURN, 44 LB-IN",Grup: Field Devices | Menşei: MX | Durum: Active,true
MS7510A2008/U,S10010  DC MOTOR DIRECT DAMPER,Actuators,Honeywell,MS7510A2008/U,adet,USDTRY,461.47,0,0,20,,S10010  DC MOTOR DIRECT DAMPER,Grup: Field Devices | Alt kategori: Rotary Actuators | Menşei: MX | Durum: Active,true
MS7510A2206/U,S10010-SW2 DC MOTOR DIRECT DAMPER,Actuators,Honeywell,MS7510A2206/U,adet,USDTRY,560.00,0,0,20,,S10010-SW2 DC MOTOR DIRECT DAMPER,Grup: Field Devices | Alt kategori: Rotary Actuators | Menşei: MX | Durum: Active,true
MS7520A2007/U,S20010 DC MOTOR DIRECT DAMPER,Actuators,Honeywell,MS7520A2007/U,adet,USDTRY,491.54,0,0,20,,S20010 DC MOTOR DIRECT DAMPER,Grup: Field Devices | Alt kategori: Rotary Actuators | Menşei: MX | Durum: Active,true
MS7520A2015/B,S20010-60 DC MOTOR DIRECT DAMPER ACTUATO,Actuators,Honeywell,MS7520A2015/B,adet,USDTRY,430.00,0,0,20,,S20010-60 DC MOTOR DIRECT DAMPER ACTUATO,Grup: Field Devices | Alt kategori: Rotary Actuators | Menşei: MX | Durum: Active,true
MS7520A2205/U,(S20010-SW2) DAMPER ACTUATOR SPRING,Actuators,Honeywell,MS7520A2205/U,adet,USDTRY,560.00,0,0,20,,(S20010-SW2) DAMPER ACTUATOR SPRING,Grup: Field Devices | Alt kategori: Rotary Actuators | Menşei: MX | Durum: Active,true
MS8103F1023/B,"F&S 250F actuator 24V, no feedback, no s",Actuators,Honeywell,MS8103F1023/B,adet,USDTRY,165.74,0,0,20,,"F&S 250F actuator 24V, no feedback, no s",Grup: Field Devices | Alt kategori: Rotary Actuators | Menşei: US | Durum: Active,true
MS8103F1023/U,"F&S 250F actuator 24V, no feedback, no s",Actuators,Honeywell,MS8103F1023/U,adet,USDTRY,185.00,0,0,20,,"F&S 250F actuator 24V, no feedback, no s",Grup: Field Devices | Alt kategori: Rotary Actuators | Menşei: US | Durum: Active,true
MS8103F1221/B,"F&S 250F actuator 24V, no feedback, swit",Actuators,Honeywell,MS8103F1221/B,adet,USDTRY,186.72,0,0,20,,"F&S 250F actuator 24V, no feedback, swit",Grup: Field Devices | Alt kategori: Rotary Actuators | Menşei: US | Durum: Active,true
MS8103F1221/U,"F&S 250F actuator 24V, no feedback, swit",Actuators,Honeywell,MS8103F1221/U,adet,USDTRY,220.00,0,0,20,,"F&S 250F actuator 24V, no feedback, swit",Grup: Field Devices | Alt kategori: Rotary Actuators | Menşei: US | Durum: Active,true
MS8103F1223/B,"F&S 250F actuator 24V, no feedback, swit",Actuators,Honeywell,MS8103F1223/B,adet,USDTRY,147.91,0,0,20,,"F&S 250F actuator 24V, no feedback, swit",Grup: Field Devices | Alt kategori: Rotary Actuators | Menşei: US | Durum: Active,true
MS8104F1010/B,3.4Nm 24V 2-position Actuator wo Aux sw,Actuators,Honeywell,MS8104F1010/B,adet,USDTRY,216.09,0,0,20,,3.4Nm 24V 2-position Actuator wo Aux sw,Grup: Field Devices | Alt kategori: Rotary Actuators | Menşei: MX | Durum: Active,true
MS8104F1010/B.,3.4Nm 24V 2-position Actuator wo Aux sw.,Genel,Honeywell,MS8104F1010/B.,adet,USDTRY,241.50,0,0,20,,3.4Nm 24V 2-position Actuator wo Aux sw.,Grup: Field Devices | Menşei: IN | Durum: Active,true
MS8104F1010/B..,3.4Nm 24V 2-position Actuator wo Aux sw,Genel,Honeywell,MS8104F1010/B..,adet,USDTRY,206.00,0,0,20,,3.4Nm 24V 2-position Actuator wo Aux sw,Grup: Field Devices | Menşei: SA | Durum: Active,true
MS8104F1210/B,3.4Nm 24V 2-position Actuator 2 Aux sw,Actuators,Honeywell,MS8104F1210/B,adet,USDTRY,210.85,0,0,20,,3.4Nm 24V 2-position Actuator 2 Aux sw,Grup: Field Devices | Alt kategori: Rotary Actuators | Menşei: MX | Durum: Active,true
MS8104F1210/B.,3.4Nm 24V 2-position Actuator 2 Aux sw.,Actuators,Honeywell,MS8104F1210/B.,adet,USDTRY,258.75,0,0,20,,3.4Nm 24V 2-position Actuator 2 Aux sw.,Grup: Field Devices | Alt kategori: Rotary Actuators | Menşei: IN | Durum: Active,true
MS8104F1210/B..,3.4Nm 24V 2-position Actuator 2 Aux sw,Genel,Honeywell,MS8104F1210/B..,adet,USDTRY,201.00,0,0,20,,3.4Nm 24V 2-position Actuator 2 Aux sw,Grup: Field Devices | Menşei: SA | Durum: Active,true
MS8105A1030/U,"DAMPER ACTUATOR, SPRING RETURN, 44 LB-IN",Actuators,Honeywell,MS8105A1030/U,adet,USDTRY,310.00,0,0,20,,"DAMPER ACTUATOR, SPRING RETURN, 44 LB-IN",Grup: Field Devices | Alt kategori: Rotary Actuators | Menşei: MX | Durum: Active,true
MS8109F1010/B,9 Nm 24V 2-position Actuator wo Aux sw,Actuators,Honeywell,MS8109F1010/B,adet,USDTRY,235.00,0,0,20,,9 Nm 24V 2-position Actuator wo Aux sw,Grup: Field Devices | Alt kategori: Rotary Actuators | Menşei: MX | Durum: Active,true
MS8109F1010/B.,9 Nm 24V 2-position Actuator wo Aux sw.,Actuators,Honeywell,MS8109F1010/B.,adet,USDTRY,276.00,0,0,20,,9 Nm 24V 2-position Actuator wo Aux sw.,Grup: Field Devices | Alt kategori: Rotary Actuators | Menşei: IN | Durum: Active,true
MS8109F1010/B..,9 Nm 24V 2-position Actuator wo Aux sw,Genel,Honeywell,MS8109F1010/B..,adet,USDTRY,223.00,0,0,20,,9 Nm 24V 2-position Actuator wo Aux sw,Grup: Field Devices | Menşei: SA | Durum: Active,true
MS8109F1210/B,9 Nm 24V 2-position Actuator 2 Aux sw,Actuators,Honeywell,MS8109F1210/B,adet,USDTRY,245.47,0,0,20,,9 Nm 24V 2-position Actuator 2 Aux sw,Grup: Field Devices | Alt kategori: Rotary Actuators | Menşei: MX | Durum: Active,true
MS8109F1210/B.,9 Nm 24V 2-position Actuator 2 Aux sw.,Actuators,Honeywell,MS8109F1210/B.,adet,USDTRY,301.30,0,0,20,,9 Nm 24V 2-position Actuator 2 Aux sw.,Grup: Field Devices | Alt kategori: Rotary Actuators | Menşei: IN | Durum: Active,true
MS8109F1210/B..,9 Nm 24V 2-position Actuator 2 Aux sw,Actuators,Honeywell,MS8109F1210/B..,adet,USDTRY,234.00,0,0,20,,9 Nm 24V 2-position Actuator 2 Aux sw,Grup: Field Devices | Alt kategori: Rotary Actuators | Menşei: SA | Durum: Active,true
MS8110A1206/U,"S1024-2POS-SW2 DAMPER ACTUATOR,",Actuators,Honeywell,MS8110A1206/U,adet,USDTRY,460.51,0,0,20,,"S1024-2POS-SW2 DAMPER ACTUATOR,",Grup: Field Devices | Alt kategori: Rotary Actuators | Menşei: MX | Durum: Active,true
MS8120A1007/U,"S2024-2POS DAMPER ACTUATOR, SPRING",Actuators,Honeywell,MS8120A1007/U,adet,USDTRY,410.16,0,0,20,,"S2024-2POS DAMPER ACTUATOR, SPRING",Grup: Field Devices | Alt kategori: Rotary Actuators | Menşei: MX | Durum: Active,true
MS8120A1205/U,"S2024-2POS-SW2) DAMPER ACTUATOR,",Actuators,Honeywell,MS8120A1205/U,adet,USDTRY,465.00,0,0,20,,"S2024-2POS-SW2) DAMPER ACTUATOR,",Grup: Field Devices | Alt kategori: Rotary Actuators | Menşei: MX | Durum: Active,true
MS8120F1002/B,20 Nm 24V 2-position Actuator wo Aux sw,Actuators,Honeywell,MS8120F1002/B,adet,USDTRY,395.00,0,0,20,,20 Nm 24V 2-position Actuator wo Aux sw,Grup: Field Devices | Alt kategori: Rotary Actuators | Menşei: MX | Durum: Active,true
MS8120F1002/B.,20 Nm 24V 2-position Actuator wo Aux sw.,Genel,Honeywell,MS8120F1002/B.,adet,USDTRY,481.85,0,0,20,,20 Nm 24V 2-position Actuator wo Aux sw.,Grup: Field Devices | Menşei: IN | Durum: Active,true
MS8120F1002/B..,20 Nm 24V 2-position Actuator wo Aux sw,Genel,Honeywell,MS8120F1002/B..,adet,USDTRY,376.00,0,0,20,,20 Nm 24V 2-position Actuator wo Aux sw,Grup: Field Devices | Menşei: SA | Durum: Active,true
MS8120F1002/U,24V ACTUATOR W/OUT INTEGRAL,Actuators,Honeywell,MS8120F1002/U,adet,USDTRY,470.00,0,0,20,,24V ACTUATOR W/OUT INTEGRAL,Grup: Field Devices | Alt kategori: Rotary Actuators | Menşei: MX | Durum: Active,true
MS8120F1200/B,20 Nm 24V 2-position Actuator 2 Aux sw,Actuators,Honeywell,MS8120F1200/B,adet,USDTRY,380.00,0,0,20,,20 Nm 24V 2-position Actuator 2 Aux sw,Grup: Field Devices | Alt kategori: Rotary Actuators | Menşei: MX | Durum: Active,true
MS8120F1200/B.,20 Nm 24V 2-position Actuator 2 Aux sw.,Actuators,Honeywell,MS8120F1200/B.,adet,USDTRY,506.00,0,0,20,,20 Nm 24V 2-position Actuator 2 Aux sw.,Grup: Field Devices | Alt kategori: Rotary Actuators | Menşei: IN | Durum: Active,true
MS8120F1200/B..,20 Nm 24V 2-position Actuator 2 Aux sw,Genel,Honeywell,MS8120F1200/B..,adet,USDTRY,362.00,0,0,20,,20 Nm 24V 2-position Actuator 2 Aux sw,Grup: Field Devices | Menşei: SA | Durum: Active,true
MS8120F1200/U,FAST ACTING 2 POS. ACT 24V,Actuators,Honeywell,MS8120F1200/U,adet,USDTRY,620.00,0,0,20,,FAST ACTING 2 POS. ACT 24V,Grup: Field Devices | Alt kategori: Rotary Actuators | Menşei: MX | Durum: Active,true
MT4-024-NC,THERMAL ACTUATOR   4MM   24V   NC,Actuators,Honeywell,MT4-024-NC,adet,USDTRY,59.11,0,0,20,,THERMAL ACTUATOR   4MM   24V   NC,Grup: Field Devices | Alt kategori: Linear Actuators | Menşei: DE | Durum: Active,true
MT4-024-NC-2.5M,"THERMAL ACTUATOR, 4MM, 24V, NC, 2.5M",Actuators,Honeywell,MT4-024-NC-2.5M,adet,USDTRY,64.29,0,0,20,,"THERMAL ACTUATOR, 4MM, 24V, NC, 2.5M",Grup: Field Devices | Alt kategori: Linear Actuators | Menşei: DE | Durum: Active,true
MT4-024-NO,THERMAL ACTUATOR   4MM   24V   NO,Actuators,Honeywell,MT4-024-NO,adet,USDTRY,59.11,0,0,20,,THERMAL ACTUATOR   4MM   24V   NO,Grup: Field Devices | Alt kategori: Linear Actuators | Menşei: DE | Durum: Active,true
MT4-230-NC,THERMAL ACTUATOR   4MM   230V   NC,Actuators,Honeywell,MT4-230-NC,adet,USDTRY,58.07,0,0,20,,THERMAL ACTUATOR   4MM   230V   NC,Grup: Field Devices | Alt kategori: Linear Actuators | Menşei: DE | Durum: Active,true
MT4-230-NO,THERMAL ACTUATOR   4MM   230V   NO,Actuators,Honeywell,MT4-230-NO,adet,USDTRY,56.00,0,0,20,,THERMAL ACTUATOR   4MM   230V   NO,Grup: Field Devices | Alt kategori: Linear Actuators | Menşei: DE | Durum: Active,true
MT4-230S-NC,THERMAL ACTUATOR   4MM   230V   AUX. SWI,Actuators,Honeywell,MT4-230S-NC,adet,USDTRY,75.00,0,0,20,,THERMAL ACTUATOR   4MM   230V   AUX. SWI,Grup: Field Devices | Alt kategori: Linear Actuators | Menşei: DE | Durum: Active,true
MT8-024-NC,"THERMAL ACTUATOR , 8MM , 24V , NC",Genel,Honeywell,MT8-024-NC,adet,USDTRY,71.55,0,0,20,,"THERMAL ACTUATOR , 8MM , 24V , NC",Grup: Field Devices | Menşei: DE | Durum: Active,true
MT8-024-NO,"THERMAL ACTUATOR , 8MM , 24V , NO",Genel,Honeywell,MT8-024-NO,adet,USDTRY,74.00,0,0,20,,"THERMAL ACTUATOR , 8MM , 24V , NO",Grup: Field Devices | Menşei: DE | Durum: Active,true
MT8-230-NC,THERMAL ACTUATOR   8MM   230V   NC2,Actuators,Honeywell,MT8-230-NC,adet,USDTRY,75.00,0,0,20,,THERMAL ACTUATOR   8MM   230V   NC2,Grup: Field Devices | Alt kategori: Linear Actuators | Menşei: DE | Durum: Active,true
MT8-230-NC-2.5M,"THERM. ANTRIEB, 230V, 8MM, NC, 2.5M",Actuators,Honeywell,MT8-230-NC-2.5M,adet,USDTRY,78.00,0,0,20,,"THERM. ANTRIEB, 230V, 8MM, NC, 2.5M",Grup: Field Devices | Alt kategori: Linear Actuators | Menşei: DE | Durum: Active,true
MT8-230-NO,THERMAL ACTUATOR   8MM   230V   NO,Actuators,Honeywell,MT8-230-NO,adet,USDTRY,74.00,0,0,20,,THERMAL ACTUATOR   8MM   230V   NO,Grup: Field Devices | Alt kategori: Linear Actuators | Menşei: DE | Durum: Active,true
MVN4605,"Ball valve actuator, 5Nm, 230V, Floating",Valves,Honeywell,MVN4605,adet,USDTRY,128.59,0,0,20,,"Ball valve actuator, 5Nm, 230V, Floating",Grup: Field Devices | Alt kategori: Rotary Valves | Menşei: CN | Durum: Active,true
MVN4610,"Ball valve actuator, 10Nm, 230V, Floatin",Valves,Honeywell,MVN4610,adet,USDTRY,132.74,0,0,20,,"Ball valve actuator, 10Nm, 230V, Floatin",Grup: Field Devices | Alt kategori: Rotary Valves | Menşei: CN | Durum: Active,true
MVN4620,"Ball valve actuator, 20Nm, 230V, Floatin",Valves,Honeywell,MVN4620,adet,USDTRY,281.03,0,0,20,,"Ball valve actuator, 20Nm, 230V, Floatin",Grup: Field Devices | Alt kategori: Rotary Valves | Menşei: CN | Durum: Active,true
MVN4634,"Ball valve actuator, 34Nm, 230V, Floatin",Valves,Honeywell,MVN4634,adet,USDTRY,302.80,0,0,20,,"Ball valve actuator, 34Nm, 230V, Floatin",Grup: Field Devices | Alt kategori: Rotary Valves | Menşei: CN | Durum: Active,true
MVN6110-A,"Ball valve actuator, 10Nm, 24Vac/Vdc, Fl",Valves,Honeywell,MVN6110-A,adet,USDTRY,213.62,0,0,20,,"Ball valve actuator, 10Nm, 24Vac/Vdc, Fl",Grup: Field Devices | Alt kategori: Rotary Valves | Menşei: CN | Durum: Active,true
MVN713A1500,"24V MODULATING, 1.5M CABLE, STD ADAPTER",Valve & Actuator Assemblies,Honeywell,MVN713A1500,adet,USDTRY,169.03,0,0,20,,"24V MODULATING, 1.5M CABLE, STD ADAPTER",Grup: Field Devices | Alt kategori: valve actuator assembly | Menşei: MX | Durum: Active,true
MVN7220,"Ball valve actuator, 20Nm, 24Vac/Vdc, Mo",Valves,Honeywell,MVN7220,adet,USDTRY,287.25,0,0,20,,"Ball valve actuator, 20Nm, 24Vac/Vdc, Mo",Grup: Field Devices | Alt kategori: Rotary Valves | Menşei: CN | Durum: Active,true
MVN7234,"Ball valve actuator, 34Nm, 24Vac/Vdc, Mo",Valves,Honeywell,MVN7234,adet,USDTRY,307.99,0,0,20,,"Ball valve actuator, 34Nm, 24Vac/Vdc, Mo",Grup: Field Devices | Alt kategori: Rotary Valves | Menşei: CN | Durum: Active,true
MVN7505,"Ball valve actuator, 5Nm, 24Vac/Vdc, Mod",Valves,Honeywell,MVN7505,adet,USDTRY,152.44,0,0,20,,"Ball valve actuator, 5Nm, 24Vac/Vdc, Mod",Grup: Field Devices | Alt kategori: Rotary Valves | Menşei: CN | Durum: Active,true
MVN7510,"all valve actuator, 10Nm, 24Vac/Vdc, Mo",Valves,Honeywell,MVN7510,adet,USDTRY,151.40,0,0,20,,"all valve actuator, 10Nm, 24Vac/Vdc, Mo",Grup: Field Devices | Alt kategori: Rotary Valves | Menşei: CN | Durum: Active,true
N05010,DAMPER ACTUATOR 5NM 24V 0-10V,Actuators,Honeywell,N05010,adet,USDTRY,208.44,0,0,20,,DAMPER ACTUATOR 5NM 24V 0-10V,Grup: Field Devices | Alt kategori: Rotary Actuators | Menşei: HU | Durum: Active,true
N05010-SW2,DAMPER ACTUATOR 5NM 24V 0-10V SWITCHES,Actuators,Honeywell,N05010-SW2,adet,USDTRY,320.43,0,0,20,,DAMPER ACTUATOR 5NM 24V 0-10V SWITCHES,Grup: Field Devices | Alt kategori: Rotary Actuators | Menşei: HU | Durum: Active,true
N05230-2POS,DAMPER ACTUATOR 5NM 230V 2-POS,Actuators,Honeywell,N05230-2POS,adet,USDTRY,158.66,0,0,20,,DAMPER ACTUATOR 5NM 230V 2-POS,Grup: Field Devices | Alt kategori: Rotary Actuators | Menşei: HU | Durum: Active,true
N0524,DAMPER ACTUATOR 5NM 24V FLOATING,Actuators,Honeywell,N0524,adet,USDTRY,183.55,0,0,20,,DAMPER ACTUATOR 5NM 24V FLOATING,Grup: Field Devices | Alt kategori: Rotary Actuators | Menşei: HU | Durum: Active,true
N0524-SW2,DAMPER ACTUATOR 5NM 24V 3-PKT SCHALTER,Actuators,Honeywell,N0524-SW2,adet,USDTRY,228.14,0,0,20,,DAMPER ACTUATOR 5NM 24V 3-PKT SCHALTER,Grup: Field Devices | Alt kategori: Rotary Actuators | Menşei: HU | Durum: Active,true
N10010,DAMPER ACTUATOR 10NM 24V 0 TO 10V,Actuators,Honeywell,N10010,adet,USDTRY,241.62,0,0,20,,DAMPER ACTUATOR 10NM 24V 0 TO 10V,Grup: Field Devices | Alt kategori: Rotary Actuators | Menşei: HU | Durum: Active,true
N10010-SW2,DAMPER ACTUATOR 10NM 24V 0-10V SWITCHES,Actuators,Honeywell,N10010-SW2,adet,USDTRY,317.32,0,0,20,,DAMPER ACTUATOR 10NM 24V 0-10V SWITCHES,Grup: Field Devices | Alt kategori: Rotary Actuators | Menşei: HU | Durum: Active,true
N10230-2POS,DAMPER ACTUATOR 10NM 230V 2-POS,Actuators,Honeywell,N10230-2POS,adet,USDTRY,167.99,0,0,20,,DAMPER ACTUATOR 10NM 230V 2-POS,Grup: Field Devices | Alt kategori: Rotary Actuators | Menşei: HU | Durum: Active,true
N1024,DAMPER ACTUATOR 10NM 24V FLOATING,Actuators,Honeywell,N1024,adet,USDTRY,211.55,0,0,20,,DAMPER ACTUATOR 10NM 24V FLOATING,Grup: Field Devices | Alt kategori: Rotary Actuators | Menşei: HU | Durum: Active,true
N1024-SW2,DAMPER ACTUATOR 10NM 24V FLT SWITCHES,Actuators,Honeywell,N1024-SW2,adet,USDTRY,221.92,0,0,20,,DAMPER ACTUATOR 10NM 24V FLT SWITCHES,Grup: Field Devices | Alt kategori: Rotary Actuators | Menşei: HU | Durum: Active,true
N20010,DAMPER ACTUATOR 20NM 24V 0-10V,Actuators,Honeywell,N20010,adet,USDTRY,430.00,0,0,20,,DAMPER ACTUATOR 20NM 24V 0-10V,Grup: Field Devices | Alt kategori: Rotary Actuators | Menşei: HU | Durum: Active,true
N20010-SW2,DAMPER ACTUATOR 20NM 24V 0-10V SWITCHES,Actuators,Honeywell,N20010-SW2,adet,USDTRY,486.35,0,0,20,,DAMPER ACTUATOR 20NM 24V 0-10V SWITCHES,Grup: Field Devices | Alt kategori: Rotary Actuators | Menşei: HU | Durum: Active,true
N20230,DAMPER ACTUATOR 20NM 230V FLOATING,Actuators,Honeywell,N20230,adet,USDTRY,330.80,0,0,20,,DAMPER ACTUATOR 20NM 230V FLOATING,Grup: Field Devices | Alt kategori: Rotary Actuators | Menşei: HU | Durum: Active,true
N20230-SW2,DAMPER ACTUATOR 20NM 230V FLT SWITCHES,Actuators,Honeywell,N20230-SW2,adet,USDTRY,427.24,0,0,20,,DAMPER ACTUATOR 20NM 230V FLT SWITCHES,Grup: Field Devices | Alt kategori: Rotary Actuators | Menşei: HU | Durum: Active,true
N2024,DAMPER ACTUATOR 20NM 24V FLOATING,Actuators,Honeywell,N2024,adet,USDTRY,367.10,0,0,20,,DAMPER ACTUATOR 20NM 24V FLOATING,Grup: Field Devices | Alt kategori: Rotary Actuators | Menşei: HU | Durum: Active,true
N2024-SW2,DAMPER ACTUATOR 20NM 24V FLT SWITCHES,Actuators,Honeywell,N2024-SW2,adet,USDTRY,370.00,0,0,20,,DAMPER ACTUATOR 20NM 24V FLT SWITCHES,Grup: Field Devices | Alt kategori: Rotary Actuators | Menşei: HU | Durum: Active,true
N34010,DAMPER ACTUATOR 34NM 24V 0-10V,Actuators,Honeywell,N34010,adet,USDTRY,601.46,0,0,20,,DAMPER ACTUATOR 34NM 24V 0-10V,Grup: Field Devices | Alt kategori: Rotary Actuators | Menşei: HU | Durum: Active,true
N34230,DAMPER ACTUATOR 34NM 230V FLOATING,Actuators,Honeywell,N34230,adet,USDTRY,550.00,0,0,20,,DAMPER ACTUATOR 34NM 230V FLOATING,Grup: Field Devices | Alt kategori: Rotary Actuators | Menşei: HU | Durum: Active,true
NRV-IMP-PN16-050.,"Manual Check Valve,RING - BRONZE,DN50",Genel,Honeywell,NRV-IMP-PN16-050.,adet,USDTRY,97.41,0,0,20,,"Manual Check Valve,RING - BRONZE,DN50",Grup: Field Devices | Menşei: IN | Durum: Active,true
NRV-IMP-PN16-065.,"Manual Check Valve,RING - BRONZE,DN65",Valves,Honeywell,NRV-IMP-PN16-065.,adet,USDTRY,129.00,0,0,20,,"Manual Check Valve,RING - BRONZE,DN65",Grup: Field Devices | Alt kategori: Manual valves | Menşei: IN | Durum: Active,true
NRV-IMP-PN16-080.,"Manual Check Valve,RING - BRONZE,DN80",Valves,Honeywell,NRV-IMP-PN16-080.,adet,USDTRY,155.00,0,0,20,,"Manual Check Valve,RING - BRONZE,DN80",Grup: Field Devices | Alt kategori: Manual valves | Menşei: IN | Durum: Active,true
NRV-IMP-PN16-100.,"Manual Check Valve,RING - BRONZE,DN100",Valves,Honeywell,NRV-IMP-PN16-100.,adet,USDTRY,203.17,0,0,20,,"Manual Check Valve,RING - BRONZE,DN100",Grup: Field Devices | Alt kategori: Manual valves | Menşei: IN | Durum: Active,true
NRV-IMP-PN16-125.,"Manual Check Valve,RING - BRONZE,DN125",Valves,Honeywell,NRV-IMP-PN16-125.,adet,USDTRY,286.10,0,0,20,,"Manual Check Valve,RING - BRONZE,DN125",Grup: Field Devices | Alt kategori: Manual valves | Menşei: IN | Durum: Active,true
NRV-IMP-PN16-150.,"Manual Check Valve,RING - BRONZE,DN150",Valves,Honeywell,NRV-IMP-PN16-150.,adet,USDTRY,355.00,0,0,20,,"Manual Check Valve,RING - BRONZE,DN150",Grup: Field Devices | Alt kategori: Manual valves | Menşei: IN | Durum: Active,true
NRV-IMP-PN16-200.,"Manual Check Valve,RING - BRONZE,DN200",Valves,Honeywell,NRV-IMP-PN16-200.,adet,USDTRY,576.12,0,0,20,,"Manual Check Valve,RING - BRONZE,DN200",Grup: Field Devices | Alt kategori: Manual valves | Menşei: IN | Durum: Active,true
NRV-IMP-PN16-250.,"Manual Check Valve,RING - BRONZE,DN250",Valves,Honeywell,NRV-IMP-PN16-250.,adet,USDTRY,961.69,0,0,20,,"Manual Check Valve,RING - BRONZE,DN250",Grup: Field Devices | Alt kategori: Manual valves | Menşei: IN | Durum: Active,true
NRV-IMP-PN16-300.,"Manual Check Valve,RING - BRONZE,DN300",Valves,Honeywell,NRV-IMP-PN16-300.,adet,USDTRY,1142.31,0,0,20,,"Manual Check Valve,RING - BRONZE,DN300",Grup: Field Devices | Alt kategori: Manual valves | Menşei: IN | Durum: Active,true
OM-1,QTR TURN ACTUATOR FOR BUTTERFLY VALVES,Actuators,Honeywell,OM-1,adet,USDTRY,705.16,0,0,20,,QTR TURN ACTUATOR FOR BUTTERFLY VALVES,Grup: Field Devices | Alt kategori: Rotary Actuators | Menşei: TW | Durum: Active,true
OM-12,"ACTUATOR ON-OFF, 3500NM, 220VAC 50HZ",Genel,Honeywell,OM-12,adet,USDTRY,11407.00,0,0,20,,"ACTUATOR ON-OFF, 3500NM, 220VAC 50HZ",Grup: Field Devices | Menşei: TW | Durum: Active,true
OM-12-E,"On-Off, 3500Nm, 220V 50/60Hz, Hand-Wheel",Genel,Honeywell,OM-12-E,adet,USDTRY,13225.00,0,0,20,,"On-Off, 3500Nm, 220V 50/60Hz, Hand-Wheel",Grup: Field Devices | Menşei: CN | Durum: Phase Out Inprogress,false
OM-2,ACTUATOR ON-OFF- 90NM- 230VAC 50HZ,Actuators,Honeywell,OM-2,adet,USDTRY,1580.00,0,0,20,,ACTUATOR ON-OFF- 90NM- 230VAC 50HZ,Grup: Field Devices | Alt kategori: Rotary Actuators | Menşei: TW | Durum: Active,true
OM-3,ACTUATOR ON-OFF- 150NM- 230VAC 50HZ,Actuators,Honeywell,OM-3,adet,USDTRY,1850.00,0,0,20,,ACTUATOR ON-OFF- 150NM- 230VAC 50HZ,Grup: Field Devices | Alt kategori: Rotary Actuators | Menşei: TW | Durum: Active,true
OM-3-E,"On-Off, 150Nm, 220V 50/60Hz, Hand-Wheel",Genel,Honeywell,OM-3-E,adet,USDTRY,2357.50,0,0,20,,"On-Off, 150Nm, 220V 50/60Hz, Hand-Wheel",Grup: Field Devices | Menşei: CN | Durum: Phase Out Inprogress,false
OM-4,DIRECT COUPLED ACTUATOR- 400NM- 220V-,Actuators,Honeywell,OM-4,adet,USDTRY,2229.55,0,0,20,,DIRECT COUPLED ACTUATOR- 400NM- 220V-,Grup: Field Devices | Alt kategori: Rotary Actuators | Menşei: TW | Durum: Active,true
OM-7,DIRECT COUPLED ACTUATOR- 1000NM- 220V-,Actuators,Honeywell,OM-7,adet,USDTRY,4400.00,0,0,20,,DIRECT COUPLED ACTUATOR- 1000NM- 220V-,Grup: Field Devices | Alt kategori: Rotary Actuators | Menşei: TW | Durum: Active,true
OM-P1,ACTUATOR- MODULATING- 35NM- LEVER,Actuators,Honeywell,OM-P1,adet,USDTRY,2125.85,0,0,20,,ACTUATOR- MODULATING- 35NM- LEVER,Grup: Field Devices | Alt kategori: Actuator accessories | Menşei: TW | Durum: Active,true
OM-P12,"MODULATING ACT, 3500Nm, 220V 50/60Hz",Genel,Honeywell,OM-P12,adet,USDTRY,11821.80,0,0,20,,"MODULATING ACT, 3500Nm, 220V 50/60Hz",Grup: Field Devices | Menşei: CN | Durum: Active,true
OM-P2,ACTUATOR- MODULATING- 90NM- HAND-WHEEL,Actuators,Honeywell,OM-P2,adet,USDTRY,2981.38,0,0,20,,ACTUATOR- MODULATING- 90NM- HAND-WHEEL,Grup: Field Devices | Alt kategori: Rotary Actuators | Menşei: CN | Durum: Active,true
OM-P2-E,"Modulating, 90Nm, 220V 50/60Hz, Hand-Whe",Genel,Honeywell,OM-P2-E,adet,USDTRY,3007.30,0,0,20,,"Modulating, 90Nm, 220V 50/60Hz, Hand-Whe",Grup: Field Devices | Durum: Active,true
OM-P3,BUTTERFLY VALVE ACTUATOR- MODULATING-,Actuators,Honeywell,OM-P3,adet,USDTRY,3100.00,0,0,20,,BUTTERFLY VALVE ACTUATOR- MODULATING-,Grup: Field Devices | Alt kategori: Rotary Actuators | Menşei: TW | Durum: Active,true
OM-P3-E,"Modulating, 150Nm, 220V 50/60Hz, Hand-W",Genel,Honeywell,OM-P3-E,adet,USDTRY,3250.00,0,0,20,,"Modulating, 150Nm, 220V 50/60Hz, Hand-W",Grup: Field Devices | Durum: Active,true
OM-P4,ACTUATOR- MODULATING- 400NM- HAND-WHEEL,Actuators,Honeywell,OM-P4,adet,USDTRY,3725.00,0,0,20,,ACTUATOR- MODULATING- 400NM- HAND-WHEEL,Grup: Field Devices | Alt kategori: Rotary Actuators | Menşei: TW | Durum: Active,true
OM-P7,ACTUATOR- MODULATING- 1000NM- HAND-WHEEL,Genel,Honeywell,OM-P7,adet,USDTRY,6550.00,0,0,20,,ACTUATOR- MODULATING- 1000NM- HAND-WHEEL,Grup: Field Devices | Menşei: CN | Durum: Active,true
OM-P8,ACTUATOR- MODULATING- 1500NM- HAND-WHEEL,Actuators,Honeywell,OM-P8,adet,USDTRY,7450.00,0,0,20,,ACTUATOR- MODULATING- 1500NM- HAND-WHEEL,Grup: Field Devices | Alt kategori: Rotary Actuators | Menşei: TW | Durum: Active,true
P7620A1001A,"PRESSURE TRANSMITTER 0-1 BAR, CONNECTION",Sensors and Wall Modules,Honeywell,P7620A1001A,adet,USDTRY,395.00,0,0,20,,"PRESSURE TRANSMITTER 0-1 BAR, CONNECTION",Grup: Field Devices | Alt kategori: Pressure Sensor | Menşei: TW | Durum: Active,true
P7620A1012A-1,"TRANSMITTER 0-10 BAR, CONNECTION PORT ¼”",Genel,Honeywell,P7620A1012A-1,adet,USDTRY,340.00,0,0,20,,"TRANSMITTER 0-10 BAR, CONNECTION PORT ¼”",Grup: Field Devices | Menşei: TW | Durum: Active,true
P7620A1016A,"PRESSURE TRANSMITTER 0-16 BAR, CONNECTIO",Genel,Honeywell,P7620A1016A,adet,USDTRY,340.00,0,0,20,,"PRESSURE TRANSMITTER 0-16 BAR, CONNECTIO",Grup: Field Devices | Menşei: TW | Durum: Active,true
P7620C0010B,DIFFERENTIAL PRESSURE TRANSMITTERS FOR M,HAIL,Honeywell,P7620C0010B,adet,USDTRY,800.00,0,0,20,,DIFFERENTIAL PRESSURE TRANSMITTERS FOR M,Grup: Field Devices | Alt kategori: Thrid Party | Menşei: TW | Durum: Active,true
P7620C0012B,"0.1 BAR, H-PORT<4 BAR, L-PORT<4 BAR, TC-",Sensors and Wall Modules,Honeywell,P7620C0012B,adet,USDTRY,860.71,0,0,20,,"0.1 BAR, H-PORT<4 BAR, L-PORT<4 BAR, TC-",Grup: Field Devices | Alt kategori: Sensors Miscellaneous | Menşei: TW | Durum: Active,true
P7620C0016A,DIFFERENTIAL PRESSURE TRANMSITTER,Sensors and Wall Modules,Honeywell,P7620C0016A,adet,USDTRY,840.00,0,0,20,,DIFFERENTIAL PRESSURE TRANMSITTER,Grup: Field Devices | Alt kategori: Pressure Sensor | Menşei: TW | Durum: Active,true
P7620C0027A,"""0...2.5 Bar, H-Port<10 Bar, L-Port<10 B",Raw Materials and Shared Components,Honeywell,P7620C0027A,adet,USDTRY,805.00,0,0,20,,"""0...2.5 Bar, H-Port<10 Bar, L-Port<10 B",Grup: Field Devices | Alt kategori: Raw Materials and Shared Components | Menşei: TW | Durum: Phase Out Inprogress,false
P7620C0042A,WATER DP TRANSMITTER- PRESSURE RANGE 0,Sensors and Wall Modules,Honeywell,P7620C0042A,adet,USDTRY,760.00,0,0,20,,WATER DP TRANSMITTER- PRESSURE RANGE 0,Grup: Field Devices | Alt kategori: Occupancy Sensor | Menşei: TW | Durum: Phase Out Inprogress,false
P7620C0060A,PRESSURE TRANSMITTER,Sensors and Wall Modules,Honeywell,P7620C0060A,adet,USDTRY,724.50,0,0,20,,PRESSURE TRANSMITTER,Grup: Field Devices | Alt kategori: Pressure Sensor | Menşei: TW | Durum: Phase Out Inprogress,false
P7660D1000D,"PRESSURE 10.0"" ADJ UNIVER DISPLAY/PROBE",Sensors and Wall Modules,Honeywell,P7660D1000D,adet,USDTRY,426.21,0,0,20,,"PRESSURE 10.0"" ADJ UNIVER DISPLAY/PROBE",Grup: Field Devices | Alt kategori: Pressure Sensor | Menşei: US | Durum: Active,true
P7660P1000X,"PRESS 10.0"" ADJ UNIVER NO DISPL/NO PROBE",Sensors and Wall Modules,Honeywell,P7660P1000X,adet,USDTRY,380.58,0,0,20,,"PRESS 10.0"" ADJ UNIVER NO DISPL/NO PROBE",Grup: Field Devices | Alt kategori: Pressure Sensor | Menşei: US | Durum: Active,true
P8000A0007G,"PRESSURE TRANSMITTER, G ¼ CONNECTION",Sensors and Wall Modules,Honeywell,P8000A0007G,adet,USDTRY,340.00,0,0,20,,"PRESSURE TRANSMITTER, G ¼ CONNECTION",Grup: Field Devices | Alt kategori: Pressure Sensor | Menşei: CN | Durum: Active,true
P8000A0010G,"PRESSURE TRANSMITTER, G ¼ CONNECTION",Sensors and Wall Modules,Honeywell,P8000A0010G,adet,USDTRY,345.00,0,0,20,,"PRESSURE TRANSMITTER, G ¼ CONNECTION",Grup: Field Devices | Alt kategori: Pressure Sensor | Menşei: CN | Durum: Active,true
P8000A0016G,"PRESSURE TRANSMITTER, G ¼ CONNECTION",Sensors and Wall Modules,Honeywell,P8000A0016G,adet,USDTRY,282.06,0,0,20,,"PRESSURE TRANSMITTER, G ¼ CONNECTION",Grup: Field Devices | Alt kategori: Pressure Sensor | Menşei: CN | Durum: Active,true
P8000A0020T,"PRESSURE TRANSMITTER,1/4-18 NPT CONNECTN",Genel,Honeywell,P8000A0020T,adet,USDTRY,382.65,0,0,20,,"PRESSURE TRANSMITTER,1/4-18 NPT CONNECTN",Grup: Field Devices | Menşei: CN | Durum: Active,true
P8000A0025G,"PRESSURE TRANSMITTER, G ¼ CONNECTION",Sensors and Wall Modules,Honeywell,P8000A0025G,adet,USDTRY,340.00,0,0,20,,"PRESSURE TRANSMITTER, G ¼ CONNECTION",Grup: Field Devices | Alt kategori: Pressure Sensor | Menşei: CN | Durum: Active,true
P8000B0007G,"PRESSURE TRANSMITTER, G CONNECTION",Sensors and Wall Modules,Honeywell,P8000B0007G,adet,USDTRY,350.00,0,0,20,,"PRESSURE TRANSMITTER, G CONNECTION",Grup: Field Devices | Alt kategori: Pressure Sensor | Menşei: CN | Durum: Active,true
P8000B0016G,"PRESSURE TRANSMITTER, G CONNECTION",Sensors and Wall Modules,Honeywell,P8000B0016G,adet,USDTRY,338.06,0,0,20,,"PRESSURE TRANSMITTER, G CONNECTION",Grup: Field Devices | Alt kategori: Pressure Sensor | Menşei: CN | Durum: Active,true
P8000B0016T,"PRESSURE TRANSMITTER,1/4-18 NPT CONNECTN",Sensors and Wall Modules,Honeywell,P8000B0016T,adet,USDTRY,360.00,0,0,20,,"PRESSURE TRANSMITTER,1/4-18 NPT CONNECTN",Grup: Field Devices | Alt kategori: Pressure Sensor | Menşei: CN | Durum: Active,true
P8000B0020T,"PRESSURE TRANSMITTER,1/4-18 NPT CONNECTN",Genel,Honeywell,P8000B0020T,adet,USDTRY,372.28,0,0,20,,"PRESSURE TRANSMITTER,1/4-18 NPT CONNECTN",Grup: Field Devices | Menşei: CN | Durum: Active,true
P8000B0025G,"PRESSURE TRANSMITTER, G CONNECTION",Sensors and Wall Modules,Honeywell,P8000B0025G,adet,USDTRY,340.00,0,0,20,,"PRESSURE TRANSMITTER, G CONNECTION",Grup: Field Devices | Alt kategori: Pressure Sensor | Menşei: CN | Durum: Active,true
PF20-65-2M,"DUCT PROBE, BRACKET, NTC20K, IP65, 2M",Sensors and Wall Modules,Honeywell,PF20-65-2M,adet,USDTRY,41.00,0,0,20,,"DUCT PROBE, BRACKET, NTC20K, IP65, 2M",Grup: Field Devices | Alt kategori: Comfort Sensors | Menşei: CZ | Durum: Active,true
PF20-65-5M,"DUCT PROBE, BRACKET, NTC20K, IP65, 5M",Sensors and Wall Modules,Honeywell,PF20-65-5M,adet,USDTRY,57.04,0,0,20,,"DUCT PROBE, BRACKET, NTC20K, IP65, 5M",Grup: Field Devices | Alt kategori: Comfort Sensors | Menşei: NL | Durum: Active,true
PTHDB0062A2,2-WIRE DIFF.PRESSURE TRANSMITTER W. HMI,Sensors and Wall Modules,Honeywell,PTHDB0062A2,adet,USDTRY,2229.55,0,0,20,,2-WIRE DIFF.PRESSURE TRANSMITTER W. HMI,Grup: Field Devices | Alt kategori: Pressure Sensor | Menşei: DE | Durum: Active,true
PTHDB0062V3,3-WIRE DIFF. PRESSURE TRANSMITTER W. HMI,Genel,Honeywell,PTHDB0062V3,adet,USDTRY,2359.18,0,0,20,,3-WIRE DIFF. PRESSURE TRANSMITTER W. HMI,Grup: Field Devices | Menşei: DE | Durum: Active,true
PTHDB0202A2,2-WIRE DIFF.PRESSURE TRANSMITTER W. HMI,Genel,Honeywell,PTHDB0202A2,adet,USDTRY,2281.40,0,0,20,,2-WIRE DIFF.PRESSURE TRANSMITTER W. HMI,Grup: Field Devices | Menşei: DE | Durum: Active,true
PTHDB0202V3,"DIFF. PRESSURE TRANSMIT. 3-WIRE,WITH HMI",Sensors and Wall Modules,Honeywell,PTHDB0202V3,adet,USDTRY,2359.18,0,0,20,,"DIFF. PRESSURE TRANSMIT. 3-WIRE,WITH HMI",Grup: Field Devices | Alt kategori: Pressure Sensor | Menşei: DE | Durum: Active,true
PTHDM1002A2,2-WIRE DIFF.PRESSURE TRANSMITTER W. HMI,Genel,Honeywell,PTHDM1002A2,adet,USDTRY,2436.95,0,0,20,,2-WIRE DIFF.PRESSURE TRANSMITTER W. HMI,Grup: Field Devices | Menşei: HU | Durum: Active,true
PTHRB0101A2,ELECTRONICAL PRESSURE TRANSMITTER,Genel,Honeywell,PTHRB0101A2,adet,USDTRY,1340.00,0,0,20,,ELECTRONICAL PRESSURE TRANSMITTER,Grup: Field Devices | Menşei: DE | Durum: Active,true
PTHRB0161A2,ELECTRONICAL PRESSURE TRANSMITTER,Genel,Honeywell,PTHRB0161A2,adet,USDTRY,1340.00,0,0,20,,ELECTRONICAL PRESSURE TRANSMITTER,Grup: Field Devices | Menşei: DE | Durum: Active,true
PTHRB0161V3,ELECTRONICAL PRESSURE TRANSMITTER,Sensors and Wall Modules,Honeywell,PTHRB0161V3,adet,USDTRY,1310.00,0,0,20,,ELECTRONICAL PRESSURE TRANSMITTER,Grup: Field Devices | Alt kategori: Pressure Sensor | Menşei: DE | Durum: Active,true
PTI10,PTI10 P SENSOR 0-10BAR 10-30VDC 4-20MA,Sensors and Wall Modules,Honeywell,PTI10,adet,USDTRY,445.00,0,0,20,,PTI10 P SENSOR 0-10BAR 10-30VDC 4-20MA,Grup: Field Devices | Alt kategori: Pressure Sensor | Menşei: DE | Durum: Active,true
PTI16,PTI16 P SENSOR 0-16BAR 10-30VDC 4-20MA,Sensors and Wall Modules,Honeywell,PTI16,adet,USDTRY,455.00,0,0,20,,PTI16 P SENSOR 0-16BAR 10-30VDC 4-20MA,Grup: Field Devices | Alt kategori: Pressure Sensor | Menşei: DE | Durum: Active,true
PTI25,PTI25 P SENSOR 0-25BAR 10-30VDC 4-20MA,Sensors and Wall Modules,Honeywell,PTI25,adet,USDTRY,480.13,0,0,20,,PTI25 P SENSOR 0-25BAR 10-30VDC 4-20MA,Grup: Field Devices | Alt kategori: Pressure Sensor | Menşei: DE | Durum: Active,true
PTI4,PTI4 P SENSOR 0-4BAR 10-30VDC 4-20MA,Sensors and Wall Modules,Honeywell,PTI4,adet,USDTRY,465.00,0,0,20,,PTI4 P SENSOR 0-4BAR 10-30VDC 4-20MA,Grup: Field Devices | Alt kategori: Pressure Sensor | Menşei: DE | Durum: Active,true
PTI40,PTI40 P SENSOR 0-40BAR 10-30VDC 4-20MA,Sensors and Wall Modules,Honeywell,PTI40,adet,USDTRY,480.13,0,0,20,,PTI40 P SENSOR 0-40BAR 10-30VDC 4-20MA,Grup: Field Devices | Alt kategori: Pressure Sensor | Menşei: DE | Durum: Active,true
PTI6,PTI6 P SENSOR 0-6BAR 10-30VDC 4-20MA,Sensors and Wall Modules,Honeywell,PTI6,adet,USDTRY,480.13,0,0,20,,PTI6 P SENSOR 0-6BAR 10-30VDC 4-20MA,Grup: Field Devices | Alt kategori: Pressure Sensor | Menşei: DE | Durum: Active,true
PTSDB0012V3,DIFF. PRESSURE TRANSMITTER 3-WIRE,Sensors and Wall Modules,Honeywell,PTSDB0012V3,adet,USDTRY,1650.00,0,0,20,,DIFF. PRESSURE TRANSMITTER 3-WIRE,Grup: Field Devices | Alt kategori: Pressure Sensor | Menşei: DE | Durum: Active,true
PTSDB0032V3,DIFF. PRESSURE TRANSMITTER 3-WIRE,Sensors and Wall Modules,Honeywell,PTSDB0032V3,adet,USDTRY,1880.00,0,0,20,,DIFF. PRESSURE TRANSMITTER 3-WIRE,Grup: Field Devices | Alt kategori: Pressure Sensor | Menşei: DE | Durum: Active,true
PTSDB0062V3,DIFF. PRESSURE TRANSMITTER 3-WIRE,Sensors and Wall Modules,Honeywell,PTSDB0062V3,adet,USDTRY,1610.00,0,0,20,,DIFF. PRESSURE TRANSMITTER 3-WIRE,Grup: Field Devices | Alt kategori: Pressure Sensor | Menşei: DE | Durum: Active,true
PTSDB0202V3,DIFF. PRESSURE TRANSMITER 3-WIRE,Industrial Switches,Honeywell,PTSDB0202V3,adet,USDTRY,1830.00,0,0,20,,DIFF. PRESSURE TRANSMITER 3-WIRE,Grup: Field Devices | Alt kategori: Limit Switches | Menşei: DE | Durum: Active,true
PTSRB0011V3,ELECTRONICAL PRESSURE TRANSMITTER,Sensors and Wall Modules,Honeywell,PTSRB0011V3,adet,USDTRY,1110.00,0,0,20,,ELECTRONICAL PRESSURE TRANSMITTER,Grup: Field Devices | Alt kategori: Pressure Sensor | Menşei: DE | Durum: Active,true
PTSRB0041A2,ELECTRONICAL PRESSURE TRANSMITTER,Genel,Honeywell,PTSRB0041A2,adet,USDTRY,1140.70,0,0,20,,ELECTRONICAL PRESSURE TRANSMITTER,Grup: Field Devices | Menşei: DE | Durum: Active,true
PTSRB0041V3,ELECTRONICAL PRESSURE TRANSMITTER,Sensors and Wall Modules,Honeywell,PTSRB0041V3,adet,USDTRY,1100.00,0,0,20,,ELECTRONICAL PRESSURE TRANSMITTER,Grup: Field Devices | Alt kategori: Pressure Sensor | Menşei: DE | Durum: Active,true
PTSRB0101A2,ELECTRONICAL PRESSURE TRANSMITTER,Sensors and Wall Modules,Honeywell,PTSRB0101A2,adet,USDTRY,1110.00,0,0,20,,ELECTRONICAL PRESSURE TRANSMITTER,Grup: Field Devices | Alt kategori: Pressure Sensor | Menşei: DE | Durum: Active,true
PTSRB0101V3,ELECTRONICAL PRESSURE TRANSMITTER,Sensors and Wall Modules,Honeywell,PTSRB0101V3,adet,USDTRY,1090.00,0,0,20,,ELECTRONICAL PRESSURE TRANSMITTER,Grup: Field Devices | Alt kategori: Pressure Sensor | Menşei: DE | Durum: Active,true
PTSRB0161A2,ELECTRONICAL PRESSURE TRANSMITTER,Genel,Honeywell,PTSRB0161A2,adet,USDTRY,1110.00,0,0,20,,ELECTRONICAL PRESSURE TRANSMITTER,Grup: Field Devices | Menşei: DE | Durum: Active,true
PTSRB0161V3,ELECTRONICAL PRESSURE TRANSMITTER,Sensors and Wall Modules,Honeywell,PTSRB0161V3,adet,USDTRY,1060.00,0,0,20,,ELECTRONICAL PRESSURE TRANSMITTER,Grup: Field Devices | Alt kategori: Pressure Sensor | Menşei: DE | Durum: Active,true
PTSRB0251A2,ELECTRONICAL PRESSURE TRANSMITTER,Genel,Honeywell,PTSRB0251A2,adet,USDTRY,1110.00,0,0,20,,ELECTRONICAL PRESSURE TRANSMITTER,Grup: Field Devices | Menşei: DE | Durum: Active,true
PTSRB0251V3,ELECTRONICAL PRESSURE TRANSMITTER,Pressure,Honeywell,PTSRB0251V3,adet,USDTRY,1110.00,0,0,20,,ELECTRONICAL PRESSURE TRANSMITTER,Grup: Field Devices | Alt kategori: Packaged Pressure | Menşei: DE | Durum: Active,true
PTSRB0401A2,ELECTRONICAL PRESSURE TRANSMITTER,Sensors and Wall Modules,Honeywell,PTSRB0401A2,adet,USDTRY,1110.00,0,0,20,,ELECTRONICAL PRESSURE TRANSMITTER,Grup: Field Devices | Alt kategori: Pressure Sensor | Menşei: DE | Durum: Active,true
PTU10,PTU10 P SENSOR 0-10BAR 24VAC/DC 0-10V,Sensors and Wall Modules,Honeywell,PTU10,adet,USDTRY,1550.00,0,0,20,,PTU10 P SENSOR 0-10BAR 24VAC/DC 0-10V,Grup: Field Devices | Alt kategori: Pressure Sensor | Menşei: DE | Durum: Active,true
PTU16,PTU16 P SENSOR 0-16BAR 24VAC/DC 0-10V,Sensors and Wall Modules,Honeywell,PTU16,adet,USDTRY,520.00,0,0,20,,PTU16 P SENSOR 0-16BAR 24VAC/DC 0-10V,Grup: Field Devices | Alt kategori: Pressure Sensor | Menşei: DE | Durum: Active,true
PTU4,PTU4 P SENSOR 0-4BAR 24VAC/DC 0-10V,Genel,Honeywell,PTU4,adet,USDTRY,520.00,0,0,20,,PTU4 P SENSOR 0-4BAR 24VAC/DC 0-10V,Grup: Field Devices | Menşei: DE | Durum: Active,true
PTU6,PTU6 P SENSOR 0-6BAR 24VAC/DC 0-10V,Sensors and Wall Modules,Honeywell,PTU6,adet,USDTRY,520.00,0,0,20,,PTU6 P SENSOR 0-6BAR 24VAC/DC 0-10V,Grup: Field Devices | Alt kategori: Pressure Sensor | Menşei: DE | Durum: Active,true
PW3,METER BUS ADAPTER PW3,Controller Accessories,Honeywell,PW3,adet,USDTRY,653.31,0,0,20,,METER BUS ADAPTER PW3,Grup: Field Devices | Alt kategori: Controller Accessories | Menşei: DE | Durum: Active,true
PW60,ADATTATORE PER MEETER BUS,Controller Accessories,Honeywell,PW60,adet,USDTRY,1850.00,0,0,20,,ADATTATORE PER MEETER BUS,Grup: Field Devices | Alt kategori: Controller Accessories | Menşei: DE | Durum: Active,true
Q5020A1003/U,VALVE LINKAGE,Valves,Honeywell,Q5020A1003/U,adet,USDTRY,270.00,0,0,20,,VALVE LINKAGE,Grup: Field Devices | Alt kategori: Valve accessories | Menşei: MX | Durum: Active,true
Q7230A1005/U,INTERFACE MODULE FOR MOD IV,Actuators,Honeywell,Q7230A1005/U,adet,USDTRY,176.29,0,0,20,,INTERFACE MODULE FOR MOD IV,Grup: Field Devices | Alt kategori: Rotary Actuators | Menşei: US | Durum: Active,true
R43176754001,"PACKING, COMPL.",Valves,Honeywell,R43176754001,adet,USDTRY,102.66,0,0,20,,"PACKING, COMPL.",Grup: Field Devices | Alt kategori: Valve accessories | Menşei: DE | Durum: Active,true
R43176754002,"PACKING, COMPL.",Valves,Honeywell,R43176754002,adet,USDTRY,128.59,0,0,20,,"PACKING, COMPL.",Grup: Field Devices | Alt kategori: Valve accessories | Menşei: DE | Durum: Active,true
R7428A1006,THERMOSTAT,Genel,Honeywell,R7428A1006,adet,USDTRY,560.00,0,0,20,,THERMOSTAT,Grup: Field Devices | Durum: Active,true
RF20,ROOM SENSOR (WIRED),Sensors and Wall Modules,Honeywell,RF20,adet,USDTRY,125.00,0,0,20,,ROOM SENSOR (WIRED),Grup: Field Devices | Alt kategori: Sensors Miscellaneous | Menşei: DE | Durum: Not for sale,false
RP670A1001/U,SWITCHING RELAY. 3-7 PSI,Genel,Honeywell,RP670A1001/U,adet,USDTRY,103.70,0,0,20,,SWITCHING RELAY. 3-7 PSI,Grup: Field Devices | Menşei: US | Durum: Active,true
RP7517A1009,EP TRANSDUCER,Actuators,Honeywell,RP7517A1009,adet,USDTRY,550.00,0,0,20,,EP TRANSDUCER,Grup: Field Devices | Alt kategori: Pneumatic actuators | Menşei: HU | Durum: Active,true
S03010,DAMPER ACTUATOR,Genel,Honeywell,S03010,adet,USDTRY,330.00,0,0,20,,DAMPER ACTUATOR,Grup: Field Devices | Menşei: MX | Durum: Phase Out,false
S03230-2POS,4DAMPER ACTUATOR,Actuators,Honeywell,S03230-2POS,adet,USDTRY,330.80,0,0,20,,4DAMPER ACTUATOR,Grup: Field Devices | Alt kategori: Rotary Actuators | Menşei: DE | Durum: Active,true
S05010,DAMPER ACTUATOR,Actuators,Honeywell,S05010,adet,USDTRY,410.65,0,0,20,,DAMPER ACTUATOR,Grup: Field Devices | Alt kategori: Rotary Actuators | Menşei: MX | Durum: Active,true
S05010-SW1,DAMPER ACTUATOR,Actuators,Honeywell,S05010-SW1,adet,USDTRY,362.95,0,0,20,,DAMPER ACTUATOR,Grup: Field Devices | Alt kategori: Rotary Actuators | Menşei: MX | Durum: Active,true
S05230-2POS,DAMPER ACTUATOR,Actuators,Honeywell,S05230-2POS,adet,USDTRY,367.10,0,0,20,,DAMPER ACTUATOR,Grup: Field Devices | Alt kategori: Rotary Actuators | Menşei: MX | Durum: Active,true
S05230-2POS-SW1,DAMPER ACTUATOR,Actuators,Honeywell,S05230-2POS-SW1,adet,USDTRY,360.00,0,0,20,,DAMPER ACTUATOR,Grup: Field Devices | Alt kategori: Rotary Actuators | Menşei: MX | Durum: Active,true
S0524-2POS,DAMPER ACTUATOR,Actuators,Honeywell,S0524-2POS,adet,USDTRY,322.51,0,0,20,,DAMPER ACTUATOR,Grup: Field Devices | Alt kategori: Rotary Actuators | Menşei: DE | Durum: Active,true
S0524-2POS-SW1,DAMPER ACTUATOR,Actuators,Honeywell,S0524-2POS-SW1,adet,USDTRY,338.06,0,0,20,,DAMPER ACTUATOR,Grup: Field Devices | Alt kategori: Rotary Actuators | Menşei: MX | Durum: Active,true
S10010,10NM  24V MODULATING SR DCA,Actuators,Honeywell,S10010,adet,USDTRY,325.62,0,0,20,,10NM  24V MODULATING SR DCA,Grup: Field Devices | Alt kategori: Rotary Actuators | Menşei: MX | Durum: Active,true
S10010-SW2,"10NM 24V MODULATING SR DCA, 2 SWITCHES",Actuators,Honeywell,S10010-SW2,adet,USDTRY,481.17,0,0,20,,"10NM 24V MODULATING SR DCA, 2 SWITCHES",Grup: Field Devices | Alt kategori: Rotary Actuators | Menşei: MX | Durum: Active,true
S10230-2POS,"10NM 230V SR DCA, 2 POSITIONS",Actuators,Honeywell,S10230-2POS,adet,USDTRY,415.84,0,0,20,,"10NM 230V SR DCA, 2 POSITIONS",Grup: Field Devices | Alt kategori: Rotary Actuators | Menşei: MX | Durum: Active,true
S10230-2POS-SW2,"10NM 230V SR DCA, 2 POSITIONS, 2 SWITCHE",Actuators,Honeywell,S10230-2POS-SW2,adet,USDTRY,601.46,0,0,20,,"10NM 230V SR DCA, 2 POSITIONS, 2 SWITCHE",Grup: Field Devices | Alt kategori: Rotary Actuators | Menşei: MX | Durum: Active,true
S1024-2POS,"10NM 24V SR DCA, 2 POSITIONS",Actuators,Honeywell,S1024-2POS,adet,USDTRY,285.00,0,0,20,,"10NM 24V SR DCA, 2 POSITIONS",Grup: Field Devices | Alt kategori: Rotary Actuators | Menşei: MX | Durum: Active,true
S1024-2POS-SW2,"10NM 24V SR DCA, 2 POSITIONS, 2 SWITCHES",Actuators,Honeywell,S1024-2POS-SW2,adet,USDTRY,381.62,0,0,20,,"10NM 24V SR DCA, 2 POSITIONS, 2 SWITCHES",Grup: Field Devices | Alt kategori: Rotary Actuators | Menşei: MX | Durum: Active,true
S20010,20NM 24V MODULATING SR DCA,Actuators,Honeywell,S20010,adet,USDTRY,330.00,0,0,20,,20NM 24V MODULATING SR DCA,Grup: Field Devices | Alt kategori: Rotary Actuators | Menşei: MX | Durum: Active,true
S20010-SW2,"20NM MODULATING SR DCA, 2 SWITCHES",Actuators,Honeywell,S20010-SW2,adet,USDTRY,422.06,0,0,20,,"20NM MODULATING SR DCA, 2 SWITCHES",Grup: Field Devices | Alt kategori: Rotary Actuators | Menşei: MX | Durum: Active,true
S20230-2POS,"20NM 230V SR DCA, 2 POSITIONS",Actuators,Honeywell,S20230-2POS,adet,USDTRY,437.61,0,0,20,,"20NM 230V SR DCA, 2 POSITIONS",Grup: Field Devices | Alt kategori: Rotary Actuators | Menşei: MX | Durum: Active,true
S20230-2POS-SW2,"20NM 230V SR DCA, 2 POSITIONS, 2 SWITCHE",Actuators,Honeywell,S20230-2POS-SW2,adet,USDTRY,540.00,0,0,20,,"20NM 230V SR DCA, 2 POSITIONS, 2 SWITCHE",Grup: Field Devices | Alt kategori: Rotary Actuators | Menşei: MX | Durum: Active,true
S20230-F-SW2,DAMPER ACTUATOR 230VAC 20NM,Actuators,Honeywell,S20230-F-SW2,adet,USDTRY,580.72,0,0,20,,DAMPER ACTUATOR 230VAC 20NM,Grup: Field Devices | Alt kategori: Rotary Actuators | Menşei: MX | Durum: Active,true
S2024-2POS,"20NM 24V SR DCA, 2 POSITIONS",Sensors and Wall Modules,Honeywell,S2024-2POS,adet,USDTRY,335.00,0,0,20,,"20NM 24V SR DCA, 2 POSITIONS",Grup: Field Devices | Alt kategori: Economizer Sensor | Menşei: MX | Durum: Active,true
S2024-2POS-SW2,"20NM 24V SR DCA, 2 POSITIONS, 2 SWITCHES",Actuators,Honeywell,S2024-2POS-SW2,adet,USDTRY,360.88,0,0,20,,"20NM 24V SR DCA, 2 POSITIONS, 2 SWITCHES",Grup: Field Devices | Alt kategori: Rotary Actuators | Menşei: MX | Durum: Active,true
S2024-F-SW2,DAMPER ACTUATOR 24VAC 20NM,Actuators,Honeywell,S2024-F-SW2,adet,USDTRY,570.35,0,0,20,,DAMPER ACTUATOR 24VAC 20NM,Grup: Field Devices | Alt kategori: Rotary Actuators | Menşei: MX | Durum: Active,true
S6040A1003,FLOW MONITOR,Sensors and Wall Modules,Honeywell,S6040A1003,adet,USDTRY,169.03,0,0,20,,FLOW MONITOR,Grup: Field Devices | Alt kategori: Water Sensor | Menşei: IT | Durum: Active,true
S6065A1003,FLOW MONITOR,Sensors and Wall Modules,Honeywell,S6065A1003,adet,USDTRY,225.03,0,0,20,,FLOW MONITOR,Grup: Field Devices | Alt kategori: Water Sensor | Menşei: IT | Durum: Active,true
S6065A2001,FLOW MONITOR,Sensors and Wall Modules,Honeywell,S6065A2001,adet,USDTRY,653.31,0,0,20,,FLOW MONITOR,Grup: Field Devices | Alt kategori: Water Sensor | Menşei: IT | Durum: Active,true
SDBAM32,MAXIMUM PRESSURE LIMITER,Genel,Honeywell,SDBAM32,adet,USDTRY,902.19,0,0,20,,MAXIMUM PRESSURE LIMITER,Grup: Field Devices | Menşei: DE | Durum: Active,true
SDBAM6,MAXIMUM PRESSURE LIMITER,Genel,Honeywell,SDBAM6,adet,USDTRY,800.00,0,0,20,,MAXIMUM PRESSURE LIMITER,Grup: Field Devices | Menşei: DE | Durum: Active,true
SF10-B65,"Strap-on sensor, NTC10k, IP65",Sensors and Wall Modules,Honeywell,SF10-B65,adet,USDTRY,76.00,0,0,20,,"Strap-on sensor, NTC10k, IP65",Grup: Field Devices | Alt kategori: Equipment Sensors | Menşei: NL | Durum: Active,true
SF20-B65,"STRAP-ON SENSOR NTC20K, IP65",Sensors and Wall Modules,Honeywell,SF20-B65,adet,USDTRY,76.00,0,0,20,,"STRAP-ON SENSOR NTC20K, IP65",Grup: Field Devices | Alt kategori: Equipment Sensors | Menşei: NL | Durum: Active,true
SFI-100-B65,"STRAP-ON T TRANSM, 4-20MA, IP65, 0-100C",Sensors and Wall Modules,Honeywell,SFI-100-B65,adet,USDTRY,222.96,0,0,20,,"STRAP-ON T TRANSM, 4-20MA, IP65, 0-100C",Grup: Field Devices | Alt kategori: Equipment Sensors | Menşei: DE | Durum: Active,true
SLF3,FLOW MONITOR,Sensors and Wall Modules,Honeywell,SLF3,adet,USDTRY,360.00,0,0,20,,FLOW MONITOR,Grup: Field Devices | Alt kategori: Sensors Miscellaneous | Menşei: DE | Durum: Active,true
SLV-IMP-PN16-050.,"Manual Gate Valve,DI,DN50",Genel,Honeywell,SLV-IMP-PN16-050.,adet,USDTRY,167.34,0,0,20,,"Manual Gate Valve,DI,DN50",Grup: Field Devices | Menşei: IN | Durum: Active,true
SLV-IMP-PN16-065.,"Manual Gate Valve.DI,DN65",Genel,Honeywell,SLV-IMP-PN16-065.,adet,USDTRY,175.49,0,0,20,,"Manual Gate Valve.DI,DN65",Grup: Field Devices | Menşei: IN | Durum: Active,true
SLV-IMP-PN16-080.,"Manual Gate Valve,DI,DN80",Genel,Honeywell,SLV-IMP-PN16-080.,adet,USDTRY,205.00,0,0,20,,"Manual Gate Valve,DI,DN80",Grup: Field Devices | Menşei: IN | Durum: Active,true
SLV-IMP-PN16-100.,"Manual Gate Valve,DI,DN100",Genel,Honeywell,SLV-IMP-PN16-100.,adet,USDTRY,280.00,0,0,20,,"Manual Gate Valve,DI,DN100",Grup: Field Devices | Menşei: IN | Durum: Active,true
SLV-IMP-PN16-125.,"Manual Gate Valve,DI,DN125",Genel,Honeywell,SLV-IMP-PN16-125.,adet,USDTRY,370.54,0,0,20,,"Manual Gate Valve,DI,DN125",Grup: Field Devices | Menşei: IN | Durum: Active,true
SLV-IMP-PN16-150.,"Manual Gate Valve,DI,DN150",Genel,Honeywell,SLV-IMP-PN16-150.,adet,USDTRY,446.94,0,0,20,,"Manual Gate Valve,DI,DN150",Grup: Field Devices | Menşei: IN | Durum: Active,true
SLV-IMP-PN16-200.,"Manual Gate Valve,DI,DN200",Genel,Honeywell,SLV-IMP-PN16-200.,adet,USDTRY,770.00,0,0,20,,"Manual Gate Valve,DI,DN200",Grup: Field Devices | Menşei: IN | Durum: Active,true
SLV-IMP-PN16-250.,"Manual Gate Valve,DI,DN250",Genel,Honeywell,SLV-IMP-PN16-250.,adet,USDTRY,1192.09,0,0,20,,"Manual Gate Valve,DI,DN250",Grup: Field Devices | Menşei: IN | Durum: Active,true
SLV-IMP-PN16-300.,"Manual Gate Valve,DI,DN300",Genel,Honeywell,SLV-IMP-PN16-300.,adet,USDTRY,1560.00,0,0,20,,"Manual Gate Valve,DI,DN300",Grup: Field Devices | Menşei: IN | Durum: Active,true
SLV-IMP-PN16-350.,"Manual Gate Valve,DI,DN350",Genel,Honeywell,SLV-IMP-PN16-350.,adet,USDTRY,3075.00,0,0,20,,"Manual Gate Valve,DI,DN350",Grup: Field Devices | Menşei: IN | Durum: Active,true
SLV-IMP-PN16-400.,"Manual Gate Valve,DI,DN400",Genel,Honeywell,SLV-IMP-PN16-400.,adet,USDTRY,4376.00,0,0,20,,"Manual Gate Valve,DI,DN400",Grup: Field Devices | Menşei: IN | Durum: Active,true
SRMV,HONEYWELLTRENDMAKEMODULES,Sensors and Wall Modules,Honeywell,SRMV,adet,USDTRY,23.59,0,0,20,,HONEYWELLTRENDMAKEMODULES,Grup: Field Devices | Alt kategori: Sensors Miscellaneous | Menşei: IN | Durum: Phase In,true
SSW2-CN,2adjustableexternalswitch package 5/10NM,Legacy Products,Honeywell,SSW2-CN,adet,USDTRY,116.14,0,0,20,,2adjustableexternalswitch package 5/10NM,Grup: Field Devices | Alt kategori: Legacy Products | Menşei: CN | Durum: Active,true
STB1,TEMP. LIMITER 60-130C 250V 10A,Thermostats,Honeywell,STB1,adet,USDTRY,420.00,0,0,20,,TEMP. LIMITER 60-130C 250V 10A,Grup: Field Devices | Alt kategori: Thermostat Other | Menşei: DE | Durum: Active,true
STB2080,SAFETY TEMPERATURE LIMITER 20-80°C,Thermostats,Honeywell,STB2080,adet,USDTRY,197.03,0,0,20,,SAFETY TEMPERATURE LIMITER 20-80°C,Grup: Field Devices | Alt kategori: Thermostat Other | Menşei: DE | Durum: Active,true
STW1,TEMPERATURE LIMITER,Thermostats,Honeywell,STW1,adet,USDTRY,296.58,0,0,20,,TEMPERATURE LIMITER,Grup: Field Devices | Alt kategori: Thermostat Other | Menşei: DE | Durum: Active,true
SUP-UNL,UNLIMITED NIAGARA NETWORK CONNECTION  (I,Tridium Niagara,Honeywell,SUP-UNL,adet,USDTRY,17500.00,0,0,20,,UNLIMITED NIAGARA NETWORK CONNECTION  (I,Grup: Field Devices | Alt kategori: Software | Menşei: US | Durum: Active,true
SW2,AUXILLIARY SWITCHES FOR N20 N34 S10 S20,Actuators,Honeywell,SW2,adet,USDTRY,105.77,0,0,20,,AUXILLIARY SWITCHES FOR N20 N34 S10 S20,Grup: Field Devices | Alt kategori: Actuator accessories | Menşei: DE | Durum: Active,true
SW2-CN,2 Ext. Aux Switches Package for N20/ N34,Raw Materials and Shared Components,Honeywell,SW2-CN,adet,USDTRY,94.37,0,0,20,,2 Ext. Aux Switches Package for N20/ N34,Grup: Field Devices | Alt kategori: Raw Materials and Shared Components | Menşei: CN | Durum: Active,true
SW2-CS,2 adjustable external switch package for,Genel,Honeywell,SW2-CS,adet,USDTRY,133.77,0,0,20,,2 adjustable external switch package for,Grup: Field Devices | Menşei: CN | Durum: Active,true
SW2-US,AUXILLIARY SWITCHES US N20 N34 S10 S20,Actuators,Honeywell,SW2-US,adet,USDTRY,96.44,0,0,20,,AUXILLIARY SWITCHES US N20 N34 S10 S20,Grup: Field Devices | Alt kategori: Actuator accessories | Menşei: DE | Durum: Active,true
SWF62,FLOW MONITOR,Genel,Honeywell,SWF62,adet,USDTRY,482.21,0,0,20,,FLOW MONITOR,Grup: Field Devices | Menşei: DE | Durum: Active,true
T6120A1005,ROOM THERMOSTAT,Thermostats,Honeywell,T6120A1005,adet,USDTRY,157.62,0,0,20,,ROOM THERMOSTAT,Grup: Field Devices | Alt kategori: Thermostat Other | Menşei: IT | Durum: Active,true
T6120B1003,ROOM THERMOSTAT,Thermostats,Honeywell,T6120B1003,adet,USDTRY,355.69,0,0,20,,ROOM THERMOSTAT,Grup: Field Devices | Alt kategori: Thermostat Other | Menşei: IT | Durum: Active,true
T631A1022/U,FARM-O-STAT 70-140F SPDT,Remote Temperature Controllers,Honeywell,T631A1022/U,adet,USDTRY,200.00,0,0,20,,FARM-O-STAT 70-140F SPDT,Grup: Field Devices | Alt kategori: Mechanical Temperature Controllers | Menşei: MX | Durum: Active,true
T675A1003/U,TEMP CONTROLLER,Remote Temperature Controllers,Honeywell,T675A1003/U,adet,USDTRY,123.40,0,0,20,,TEMP CONTROLLER,Grup: Field Devices | Alt kategori: Mechanical Temperature Controllers | Menşei: MX | Durum: Active,true
T675A1102/U,TEMP CONTROL 160-260F 20,Remote Temperature Controllers,Honeywell,T675A1102/U,adet,USDTRY,233.33,0,0,20,,TEMP CONTROL 160-260F 20,Grup: Field Devices | Alt kategori: Mechanical Temperature Controllers | Menşei: MX | Durum: Active,true
T675A1425/U,TSTAT 55/175F 20,Remote Temperature Controllers,Honeywell,T675A1425/U,adet,USDTRY,140.00,0,0,20,,TSTAT 55/175F 20,Grup: Field Devices | Alt kategori: Mechanical Temperature Controllers | Menşei: US | Durum: Active,true
T675A1466/U,TERMOSTATO AD IMMERSIONE,Genel,Honeywell,T675A1466/U,adet,USDTRY,118.22,0,0,20,,TERMOSTATO AD IMMERSIONE,Grup: Field Devices | Menşei: MX | Durum: Active,true
T678A1015/U,TW0 STAGE REMOTE BULB,Remote Temperature Controllers,Honeywell,T678A1015/U,adet,USDTRY,178.36,0,0,20,,TW0 STAGE REMOTE BULB,Grup: Field Devices | Alt kategori: Mechanical Temperature Controllers | Menşei: MX | Durum: Active,true
T678A1155/U,TEMP CONTROLLER,Remote Temperature Controllers,Honeywell,T678A1155/U,adet,USDTRY,265.47,0,0,20,,TEMP CONTROLLER,Grup: Field Devices | Alt kategori: Mechanical Temperature Controllers | Menşei: MX | Durum: Active,true
T678F1002/U,TVAASTEGSTERMOSTAT 55-85F FOER MONTAGE I,Genel,Honeywell,T678F1002/U,adet,USDTRY,290.36,0,0,20,,TVAASTEGSTERMOSTAT 55-85F FOER MONTAGE I,Grup: Field Devices | Menşei: MX | Durum: Active,true
T7350D1008/U,CONFIGURABLE FOR 3 HEAT / 3 COOL CONVEN,Thermostats,Honeywell,T7350D1008/U,adet,USDTRY,466.65,0,0,20,,CONFIGURABLE FOR 3 HEAT / 3 COOL CONVEN,Grup: Field Devices | Alt kategori: Electronic Thermostats | Menşei: MX | Durum: Active,true
T7470A1009,SPACE TEMPERATURE SENSOR(BP 5),Sensors and Wall Modules,Honeywell,T7470A1009,adet,USDTRY,198.07,0,0,20,,SPACE TEMPERATURE SENSOR(BP 5),Grup: Field Devices | Alt kategori: Comfort Sensors | Menşei: CN | Durum: Active,true
T7560A1026,"DIGITAL WALL MODULE, WHITE/WHITE, C",Sensors and Wall Modules,Honeywell,T7560A1026,adet,USDTRY,360.00,0,0,20,,"DIGITAL WALL MODULE, WHITE/WHITE, C",Grup: Field Devices | Alt kategori: Module with Setpoint | Menşei: DE | Durum: Active,true
T7560B1008,20 K  DIGITAL WALL MODULE,Sensors and Wall Modules,Honeywell,T7560B1008,adet,USDTRY,445.91,0,0,20,,20 K  DIGITAL WALL MODULE,Grup: Field Devices | Alt kategori: Comfort Sensors | Menşei: DE | Durum: Active,true
T775A2009/U,ELECTRONIC REMOTE TEMPERATURE,Remote Temperature Controllers,Honeywell,T775A2009/U,adet,USDTRY,375.39,0,0,20,,ELECTRONIC REMOTE TEMPERATURE,Grup: Field Devices | Alt kategori: Electronic Temperature Controllers | Menşei: MX | Durum: Active,true
T775B2024/U,ELECTRONIC REMOTE TEMPERATURE,Genel,Honeywell,T775B2024/U,adet,USDTRY,622.20,0,0,20,,ELECTRONIC REMOTE TEMPERATURE,Grup: Field Devices | Menşei: MX | Durum: Active,true
T775B2032/U,HW US:TEMP.CONTROLLER WITH 2 TEMP.INPUTS,Remote Temperature Controllers,Honeywell,T775B2032/U,adet,USDTRY,390.00,0,0,20,,HW US:TEMP.CONTROLLER WITH 2 TEMP.INPUTS,Grup: Field Devices | Alt kategori: Electronic Temperature Controllers | Menşei: MX | Durum: Active,true
T775B2040/U,HW US:TEMP.CONTROLLER WITH 2 TEMP.INPUTS,Remote Temperature Controllers,Honeywell,T775B2040/U,adet,USDTRY,412.73,0,0,20,,HW US:TEMP.CONTROLLER WITH 2 TEMP.INPUTS,Grup: Field Devices | Alt kategori: Electronic Temperature Controllers | Menşei: MX | Durum: Active,true
T775L2007/U,ELECTRONIC REMOTE TEMPERATURE,Remote Temperature Controllers,Honeywell,T775L2007/U,adet,USDTRY,570.35,0,0,20,,ELECTRONIC REMOTE TEMPERATURE,Grup: Field Devices | Alt kategori: Electronic Temperature Controllers | Menşei: MX | Durum: Active,true
T775M2006/U,ELECTRONIC TEMP CONTROLLER,Remote Temperature Controllers,Honeywell,T775M2006/U,adet,USDTRY,395.00,0,0,20,,ELECTRONIC TEMP CONTROLLER,Grup: Field Devices | Alt kategori: Electronic Temperature Controllers | Menşei: MX | Durum: Active,true
T775M2030/U,ELECTRONIC REMOTE TEMPERATURE,Remote Temperature Controllers,Honeywell,T775M2030/U,adet,USDTRY,591.09,0,0,20,,ELECTRONIC REMOTE TEMPERATURE,Grup: Field Devices | Alt kategori: Electronic Temperature Controllers | Menşei: MX | Durum: Active,true
T775M2048/U,HW US:TEMP.CONTROLLER WITH 2 TEMP.INPUTS,Remote Temperature Controllers,Honeywell,T775M2048/U,adet,USDTRY,632.57,0,0,20,,HW US:TEMP.CONTROLLER WITH 2 TEMP.INPUTS,Grup: Field Devices | Alt kategori: Electronic Temperature Controllers | Menşei: MX | Durum: Active,true
T775R2001/U,ELECTRONIC REMOTE TEMPERATURE,Genel,Honeywell,T775R2001/U,adet,USDTRY,427.24,0,0,20,,ELECTRONIC REMOTE TEMPERATURE,Grup: Field Devices | Menşei: MX | Durum: Active,true
T775R2027/U,ELECTRONIC REMOTE TEMPERATURE,Genel,Honeywell,T775R2027/U,adet,USDTRY,560.00,0,0,20,,ELECTRONIC REMOTE TEMPERATURE,Grup: Field Devices | Menşei: MX | Durum: Active,true
T775S2008/U,ELECTRONIC REMOTE TEMPERATURE,Remote Temperature Controllers,Honeywell,T775S2008/U,adet,USDTRY,198.07,0,0,20,,ELECTRONIC REMOTE TEMPERATURE,Grup: Field Devices | Alt kategori: Electronic Temperature Controllers | Menşei: MX | Durum: Active,true
T775U2006/U,ELECTRONIC REMOTE UNIVERSAL,Remote Temperature Controllers,Honeywell,T775U2006/U,adet,USDTRY,501.91,0,0,20,,ELECTRONIC REMOTE UNIVERSAL,Grup: Field Devices | Alt kategori: Electronic Temperature Controllers | Menşei: MX | Durum: Active,true
T775U2016/U,Electronic Remote Universal Controller,Genel,Honeywell,T775U2016/U,adet,USDTRY,350.51,0,0,20,,Electronic Remote Universal Controller,Grup: Field Devices | Menşei: MX | Durum: Active,true
T9275A1002,THERMOSTAT-T9275A1002,Remote Temperature Controllers,Honeywell,T9275A1002,adet,USDTRY,305.00,0,0,20,,THERMOSTAT-T9275A1002,Grup: Field Devices | Alt kategori: Electronic Temperature Controllers | Menşei: TW | Durum: Active,true
T9275B1001,UNIVERSAL TEMPERATURE CONTROLLER WITH,Genel,Honeywell,T9275B1001,adet,USDTRY,337.03,0,0,20,,UNIVERSAL TEMPERATURE CONTROLLER WITH,Grup: Field Devices | Durum: Active,true
T991A1012/U,TEMP CONTROLL 0-100F 20,Genel,Honeywell,T991A1012/U,adet,USDTRY,580.72,0,0,20,,TEMP CONTROLL 0-100F 20,Grup: Field Devices | Menşei: MX | Durum: Active,true
T991A1061/U,TEMP CONTROLLER,Genel,Honeywell,T991A1061/U,adet,USDTRY,180.00,0,0,20,,TEMP CONTROLLER,Grup: Field Devices | Menşei: MX | Durum: Active,true
T991A1764/U,TEMP CONTROLLER,Genel,Honeywell,T991A1764/U,adet,USDTRY,195.99,0,0,20,,TEMP CONTROLLER,Grup: Field Devices | Menşei: MX | Durum: Active,true
TB6575B1000/U,SUITEPRO FAN COIL THERMOSTAT -,Genel,Honeywell,TB6575B1000/U,adet,USDTRY,220.00,0,0,20,,SUITEPRO FAN COIL THERMOSTAT -,Grup: Field Devices | Menşei: MX | Durum: Active,true
TB6980A1007/U,"24V FLOATING VAV STAT, SINGLE",Thermostats,Honeywell,TB6980A1007/U,adet,USDTRY,198.07,0,0,20,,"24V FLOATING VAV STAT, SINGLE",Grup: Field Devices | Alt kategori: Electronic Thermostats | Menşei: CN | Durum: Active,true
TB6980B1006/U,"24V FLOATING VAV STAT, MULTI OUTPUT",Thermostats,Honeywell,TB6980B1006/U,adet,USDTRY,230.21,0,0,20,,"24V FLOATING VAV STAT, MULTI OUTPUT",Grup: Field Devices | Alt kategori: Electronic Thermostats | Menşei: CN | Durum: Active,true
TB7980A1006/U,VAV STAT,Thermostats,Honeywell,TB7980A1006/U,adet,USDTRY,250.95,0,0,20,,VAV STAT,Grup: Field Devices | Alt kategori: Electronic Thermostats | Menşei: CN | Durum: Active,true
TB7980B1005/U,VAV STAT,Thermostats,Honeywell,TB7980B1005/U,adet,USDTRY,253.03,0,0,20,,VAV STAT,Grup: Field Devices | Alt kategori: Electronic Thermostats | Menşei: CN | Durum: Active,true
TB8575A1000/U,SUITEPRO FAN COIL THERMOSTAT - 24,Thermostats,Honeywell,TB8575A1000/U,adet,USDTRY,180.44,0,0,20,,SUITEPRO FAN COIL THERMOSTAT - 24,Grup: Field Devices | Alt kategori: Electronic Thermostats | Menşei: MX | Durum: Active,true
TB-WALL-1014/U,10K TYPE II WALL TEMP SENSOR,Sensors and Wall Modules,Honeywell,TB-WALL-1014/U,adet,USDTRY,190.81,0,0,20,,10K TYPE II WALL TEMP SENSOR,Grup: Field Devices | Alt kategori: Comfort Sensors | Menşei: CA | Durum: Active,true
TP970B2010/U,15-30C DISPLAY,Actuators,Honeywell,TP970B2010/U,adet,USDTRY,187.70,0,0,20,,15-30C DISPLAY,Grup: Field Devices | Alt kategori: Pneumatic actuators | Menşei: US | Durum: Active,true
T-PI-160,T-PI-160 4-20MA IMMERSION HIGH TEMP SENS,Genel,Honeywell,T-PI-160,adet,USDTRY,591.09,0,0,20,,T-PI-160 4-20MA IMMERSION HIGH TEMP SENS,Grup: Field Devices | Menşei: GB | Durum: Active,true
T-PI-L,T-PI-L 4-20MA DUCT TEMP SENS 300MM,Genel,Honeywell,T-PI-L,adet,USDTRY,265.00,0,0,20,,T-PI-L 4-20MA DUCT TEMP SENS 300MM,Grup: Field Devices | Menşei: AT | Durum: Not for sale,false
TR21/U,20K TEMP WALL MODULE,Sensors and Wall Modules,Honeywell,TR21/U,adet,USDTRY,52.00,0,0,20,,20K TEMP WALL MODULE,Grup: Field Devices | Alt kategori: Comfort Sensors | Menşei: MX | Durum: Active,true
TR21-H/U,\0K TEMP/HUMIDITY WALL MODULE W/ LONJACK,Sensors and Wall Modules,Honeywell,TR21-H/U,adet,USDTRY,341.17,0,0,20,,\0K TEMP/HUMIDITY WALL MODULE W/ LONJACK,Grup: Field Devices | Alt kategori: Comfort Sensors | Menşei: MX | Durum: Active,true
TR22/U,"20K TEMP WALL MODULE, SETPOINT, LONJACK",Genel,Honeywell,TR22/U,adet,USDTRY,95.40,0,0,20,,"20K TEMP WALL MODULE, SETPOINT, LONJACK",Grup: Field Devices | Menşei: MX | Durum: Active,true
TR23-F5/U,"20KTEMPWALL,SETPT/LONJACK/OVERRIDE/5 FAN",Genel,Honeywell,TR23-F5/U,adet,USDTRY,192.88,0,0,20,,"20KTEMPWALL,SETPT/LONJACK/OVERRIDE/5 FAN",Grup: Field Devices | Menşei: MX | Durum: Active,true
TR50-3D,"CO2,Temp,Hum-BACnet,Modbus,Sylk Display",Sensors and Wall Modules,Honeywell,TR50-3D,adet,USDTRY,360.00,0,0,20,,"CO2,Temp,Hum-BACnet,Modbus,Sylk Display",Grup: Field Devices | Alt kategori: Air Quality Sensors | Menşei: US | Durum: Active,true
TR50-3N,"CO2,Temp,Hum-BACnet,Modbus,Sylk no Disp",Sensors and Wall Modules,Honeywell,TR50-3N,adet,USDTRY,390.00,0,0,20,,"CO2,Temp,Hum-BACnet,Modbus,Sylk no Disp",Grup: Field Devices | Alt kategori: Air Quality Sensors | Menşei: US | Durum: Active,true
TR50-5D,"CO2,T,H,PM,TVOC-BACnet,Modbus,Sylk Displ",Sensors and Wall Modules,Honeywell,TR50-5D,adet,USDTRY,520.00,0,0,20,,"CO2,T,H,PM,TVOC-BACnet,Modbus,Sylk Displ",Grup: Field Devices | Alt kategori: Air Quality Sensors | Menşei: US | Durum: Active,true
TR50-5N,"CO2,T,H,PM,TVOC-BACnet,Modbus,Sylk no Di",Sensors and Wall Modules,Honeywell,TR50-5N,adet,USDTRY,475.00,0,0,20,,"CO2,T,H,PM,TVOC-BACnet,Modbus,Sylk no Di",Grup: Field Devices | Alt kategori: Air Quality Sensors | Menşei: US | Durum: Active,true
TR80BBA,Modbus Wall Module 230VAC Black Honeywel,Sensors and Wall Modules,Honeywell,TR80BBA,adet,USDTRY,501.91,0,0,20,,Modbus Wall Module 230VAC Black Honeywel,Grup: Field Devices | Alt kategori: Module with Setpoint | Menşei: TR | Durum: Active,true
TR80BBD,Modbus Wall Module 24VDC Black  Honeywel,Sensors and Wall Modules,Honeywell,TR80BBD,adet,USDTRY,475.00,0,0,20,,Modbus Wall Module 24VDC Black  Honeywel,Grup: Field Devices | Alt kategori: Module with Setpoint | Menşei: TR | Durum: Active,true
TR80BWA,Modbus Wall Module 230VAC White Honeywel,Sensors and Wall Modules,Honeywell,TR80BWA,adet,USDTRY,490.00,0,0,20,,Modbus Wall Module 230VAC White Honeywel,Grup: Field Devices | Alt kategori: Module with Setpoint | Menşei: TR | Durum: Active,true
TR80BWD,Modbus Wall Module 24VDC White Honeywell,Sensors and Wall Modules,Honeywell,TR80BWD,adet,USDTRY,475.00,0,0,20,,Modbus Wall Module 24VDC White Honeywell,Grup: Field Devices | Alt kategori: Module with Setpoint | Menşei: TR | Durum: Active,true
TR80UBD,Modbus Wall Module 24VDC Black,Genel,Honeywell,TR80UBD,adet,USDTRY,511.24,0,0,20,,Modbus Wall Module 24VDC Black,Grup: Field Devices | Menşei: TK | Durum: Active,true
UB2221EN,"Stand alone AHU controller. 2*UI, 2*DI,",Legacy Products,Honeywell,UB2221EN,adet,USDTRY,317.32,0,0,20,,"Stand alone AHU controller. 2*UI, 2*DI,",Grup: Field Devices | Alt kategori: Legacy Products | Menşei: CN | Durum: Active,true
UB4334SEN,"Stand alone AHU controller. 4*UI, 3*DI,",Legacy Products,Honeywell,UB4334SEN,adet,USDTRY,530.00,0,0,20,,"Stand alone AHU controller. 4*UI, 3*DI,",Grup: Field Devices | Alt kategori: Legacy Products | Menşei: CN | Durum: Active,true
UEC24014M262/U,H20 DIFF PRES SW,Sensors and Wall Modules,Honeywell,UEC24014M262/U,adet,USDTRY,290.00,0,0,20,,H20 DIFF PRES SW,Grup: Field Devices | Alt kategori: Pressure Sensor | Menşei: US | Durum: Active,true
UEC24014M262M900/U,H20 DIFF PRES SW,Sensors and Wall Modules,Honeywell,UEC24014M262M900/U,adet,USDTRY,445.00,0,0,20,,H20 DIFF PRES SW,Grup: Field Devices | Alt kategori: Pressure Sensor | Menşei: US | Durum: Active,true
V3BAVB150B015NF.,"Manual Ball Valve,Brass Body,PN20,DN15",Valves,Honeywell,V3BAVB150B015NF.,adet,USDTRY,6.11,0,0,20,,"Manual Ball Valve,Brass Body,PN20,DN15",Grup: Field Devices | Alt kategori: Manual valves | Menşei: CN | Durum: Active,true
V3BAVB150B020NF.,"Manual Ball Valve,Brass Body,PN20,DN20",Valves,Honeywell,V3BAVB150B020NF.,adet,USDTRY,8.33,0,0,20,,"Manual Ball Valve,Brass Body,PN20,DN20",Grup: Field Devices | Alt kategori: Manual valves | Menşei: CN | Durum: Active,true
V3BAVB150B025NF.,"Manual Ball Valve,Brass Body,PN20,DN25",Valves,Honeywell,V3BAVB150B025NF.,adet,USDTRY,13.00,0,0,20,,"Manual Ball Valve,Brass Body,PN20,DN25",Grup: Field Devices | Alt kategori: Manual valves | Menşei: CN | Durum: Active,true
V3BAVB150B032NF.,"Manual Ball Valve,Brass Body,PN20,DN32",Valves,Honeywell,V3BAVB150B032NF.,adet,USDTRY,19.08,0,0,20,,"Manual Ball Valve,Brass Body,PN20,DN32",Grup: Field Devices | Alt kategori: Manual valves | Menşei: CN | Durum: Active,true
V3BAVB150B040NF.,"Manual Ball Valve,Brass Body,PN20,DN40",Valves,Honeywell,V3BAVB150B040NF.,adet,USDTRY,24.35,0,0,20,,"Manual Ball Valve,Brass Body,PN20,DN40",Grup: Field Devices | Alt kategori: Manual valves | Menşei: CN | Durum: Active,true
V3BAVB150B050NF.,"Manual Ball Valve,Brass Body,PN20,DN50",Valves,Honeywell,V3BAVB150B050NF.,adet,USDTRY,43.61,0,0,20,,"Manual Ball Valve,Brass Body,PN20,DN50",Grup: Field Devices | Alt kategori: Manual valves | Menşei: CN | Durum: Active,true
V3-BLV-A150-B015N.,"Balancing valve,DZR Body,PN25,DN15",Genel,Honeywell,V3-BLV-A150-B015N.,adet,USDTRY,39.55,0,0,20,,"Balancing valve,DZR Body,PN25,DN15",Grup: Field Devices | Menşei: IN | Durum: Active,true
V3-BLV-A150-B020N.,"Balancing valve,DZR Body,PN25,DN20",Valves,Honeywell,V3-BLV-A150-B020N.,adet,USDTRY,42.00,0,0,20,,"Balancing valve,DZR Body,PN25,DN20",Grup: Field Devices | Alt kategori: Valves Miscellaneous | Menşei: IN | Durum: Active,true
V3-BLV-A150-B025N.,"Balancing valve,DZR Body,PN25,DN25",Valves,Honeywell,V3-BLV-A150-B025N.,adet,USDTRY,54.23,0,0,20,,"Balancing valve,DZR Body,PN25,DN25",Grup: Field Devices | Alt kategori: Valves Miscellaneous | Menşei: IN | Durum: Active,true
V3-BLV-A150-B032N.,"Balancing valve,DZR Body,PN25,DN32",Valves,Honeywell,V3-BLV-A150-B032N.,adet,USDTRY,68.51,0,0,20,,"Balancing valve,DZR Body,PN25,DN32",Grup: Field Devices | Alt kategori: Valves Miscellaneous | Menşei: IN | Durum: Active,true
V3-BLV-A150-B040N.,"Balancing valve,DZR Body,PN25,DN40",Valves,Honeywell,V3-BLV-A150-B040N.,adet,USDTRY,82.26,0,0,20,,"Balancing valve,DZR Body,PN25,DN40",Grup: Field Devices | Alt kategori: Valves Miscellaneous | Menşei: IN | Durum: Active,true
V3-BLV-A150-B050N.,"Balancing valve,DZR Body,PN25,DN50",Valves,Honeywell,V3-BLV-A150-B050N.,adet,USDTRY,107.69,0,0,20,,"Balancing valve,DZR Body,PN25,DN50",Grup: Field Devices | Alt kategori: Valves Miscellaneous | Menşei: IN | Durum: Active,true
V3-CHV-B150-B015N.,"Manual Check Valve,Brass Body,PN16,DN15",Valves,Honeywell,V3-CHV-B150-B015N.,adet,USDTRY,5.50,0,0,20,,"Manual Check Valve,Brass Body,PN16,DN15",Grup: Field Devices | Alt kategori: Manual valves | Menşei: CN | Durum: Active,true
V3-CHV-B150-B020N.,"Manual Check Valve,Brass Body,PN16,DN20",Valves,Honeywell,V3-CHV-B150-B020N.,adet,USDTRY,7.44,0,0,20,,"Manual Check Valve,Brass Body,PN16,DN20",Grup: Field Devices | Alt kategori: Manual valves | Menşei: CN | Durum: Active,true
V3-CHV-B150-B025N.,"Manual Check Valve,Brass Body,PN16,DN25",Valves,Honeywell,V3-CHV-B150-B025N.,adet,USDTRY,11.18,0,0,20,,"Manual Check Valve,Brass Body,PN16,DN25",Grup: Field Devices | Alt kategori: Manual valves | Menşei: CN | Durum: Active,true
V3-CHV-B150-B032N.,"Manual Check Valve,Brass Body,PN16,DN32",Valves,Honeywell,V3-CHV-B150-B032N.,adet,USDTRY,15.75,0,0,20,,"Manual Check Valve,Brass Body,PN16,DN32",Grup: Field Devices | Alt kategori: Manual valves | Menşei: CN | Durum: Active,true
V3-CHV-B150-B040N.,"Manual Check Valve,Brass Body,PN16,DN40",Valves,Honeywell,V3-CHV-B150-B040N.,adet,USDTRY,23.05,0,0,20,,"Manual Check Valve,Brass Body,PN16,DN40",Grup: Field Devices | Alt kategori: Manual valves | Menşei: CN | Durum: Active,true
V3-CHV-B150-B050N.,"Manual Check Valve,Brass Body,PN16,DN50",Valves,Honeywell,V3-CHV-B150-B050N.,adet,USDTRY,37.28,0,0,20,,"Manual Check Valve,Brass Body,PN16,DN50",Grup: Field Devices | Alt kategori: Manual valves | Menşei: CN | Durum: Active,true
V3GANA150B015N.,"Manual Gate Valve,Bronze Body,PN16,DN15",Valves,Honeywell,V3GANA150B015N.,adet,USDTRY,10.00,0,0,20,,"Manual Gate Valve,Bronze Body,PN16,DN15",Grup: Field Devices | Alt kategori: Valves Miscellaneous | Menşei: CN | Durum: Active,true
V3-GAN-A150-B015NF,"1/2"" Bronze Gate Vlv A150 FP BSPT",Genel,Honeywell,V3-GAN-A150-B015NF,adet,USDTRY,32.20,0,0,20,,"1/2"" Bronze Gate Vlv A150 FP BSPT",Grup: Field Devices | Menşei: CN | Durum: Phase Out Inprogress,false
V3GANA150B015NF.,"Manual Gate Valve,Bronze,PN20,DN15",Valves,Honeywell,V3GANA150B015NF.,adet,USDTRY,10.01,0,0,20,,"Manual Gate Valve,Bronze,PN20,DN15",Grup: Field Devices | Alt kategori: Valves Miscellaneous | Menşei: CN | Durum: Active,true
V3GANA150B020N.,"Manual Gate Valve,Bronze Body,PN16,DN20",Valves,Honeywell,V3GANA150B020N.,adet,USDTRY,13.50,0,0,20,,"Manual Gate Valve,Bronze Body,PN16,DN20",Grup: Field Devices | Alt kategori: Valves Miscellaneous | Menşei: CN | Durum: Active,true
V3-GAN-A150-B020NF,"3/4"" Bronze Gate Vlv A150 FP BSPT",Genel,Honeywell,V3-GAN-A150-B020NF,adet,USDTRY,41.50,0,0,20,,"3/4"" Bronze Gate Vlv A150 FP BSPT",Grup: Field Devices | Menşei: CN | Durum: Phase Out Inprogress,false
V3GANA150B020NF.,"Manual Gate Valve,Bronze,PN20,DN20",Valves,Honeywell,V3GANA150B020NF.,adet,USDTRY,14.06,0,0,20,,"Manual Gate Valve,Bronze,PN20,DN20",Grup: Field Devices | Alt kategori: Valves Miscellaneous | Menşei: CN | Durum: Active,true
V3GANA150B025N.,"Manual Gate Valve,Bronze Body,PN16,DN25",Valves,Honeywell,V3GANA150B025N.,adet,USDTRY,18.27,0,0,20,,"Manual Gate Valve,Bronze Body,PN16,DN25",Grup: Field Devices | Alt kategori: Valves Miscellaneous | Menşei: CN | Durum: Active,true
V3-GAN-A150-B025NF,"1"" Bronze Gate Vlv A150 FP BSPT",Genel,Honeywell,V3-GAN-A150-B025NF,adet,USDTRY,64.40,0,0,20,,"1"" Bronze Gate Vlv A150 FP BSPT",Grup: Field Devices | Menşei: CN | Durum: Phase Out Inprogress,false
V3GANA150B025NF.,"Manual Gate Valve,Bronze,PN20,DN25",Valves,Honeywell,V3GANA150B025NF.,adet,USDTRY,20.06,0,0,20,,"Manual Gate Valve,Bronze,PN20,DN25",Grup: Field Devices | Alt kategori: Valves Miscellaneous | Menşei: CN | Durum: Active,true
V3GANA150B032N.,"Manual Gate Valve,Bronze Body,PN16,DN32",Valves,Honeywell,V3GANA150B032N.,adet,USDTRY,27.13,0,0,20,,"Manual Gate Valve,Bronze Body,PN16,DN32",Grup: Field Devices | Alt kategori: Valves Miscellaneous | Menşei: CN | Durum: Active,true
V3-GAN-A150-B032NF,"1 1/4"" Bronze Gate Vlv A150 FP BSPT",Genel,Honeywell,V3-GAN-A150-B032NF,adet,USDTRY,91.00,0,0,20,,"1 1/4"" Bronze Gate Vlv A150 FP BSPT",Grup: Field Devices | Menşei: CN | Durum: Phase Out Inprogress,false
V3GANA150B032NF.,"Manual Gate Valve,Bronze,PN20,DN32",Valves,Honeywell,V3GANA150B032NF.,adet,USDTRY,29.50,0,0,20,,"Manual Gate Valve,Bronze,PN20,DN32",Grup: Field Devices | Alt kategori: Valves Miscellaneous | Menşei: CN | Durum: Active,true
V3GANA150B040N.,"Manual Gate Valve,Bronze Body,PN16,DN40",Valves,Honeywell,V3GANA150B040N.,adet,USDTRY,36.75,0,0,20,,"Manual Gate Valve,Bronze Body,PN16,DN40",Grup: Field Devices | Alt kategori: Valves Miscellaneous | Menşei: CN | Durum: Active,true
V3-GAN-A150-B040NF,"1 1/2"" Bronze Gate Vlv A150 FP BSPT",Genel,Honeywell,V3-GAN-A150-B040NF,adet,USDTRY,141.45,0,0,20,,"1 1/2"" Bronze Gate Vlv A150 FP BSPT",Grup: Field Devices | Menşei: CN | Durum: Phase Out Inprogress,false
V3GANA150B040NF.,"Manual Gate Valve,Bronze,PN20,DN40",Valves,Honeywell,V3GANA150B040NF.,adet,USDTRY,39.50,0,0,20,,"Manual Gate Valve,Bronze,PN20,DN40",Grup: Field Devices | Alt kategori: Valves Miscellaneous | Menşei: CN | Durum: Active,true
V3GANA150B050N.,"Manual Gate Valve,Bronze Body,PN16,DN50",Valves,Honeywell,V3GANA150B050N.,adet,USDTRY,54.62,0,0,20,,"Manual Gate Valve,Bronze Body,PN16,DN50",Grup: Field Devices | Alt kategori: Valves Miscellaneous | Menşei: CN | Durum: Active,true
V3-GAN-A150-B050NF,"2""Bronze Gate Vlv A150 FP BSPT",Genel,Honeywell,V3-GAN-A150-B050NF,adet,USDTRY,196.65,0,0,20,,"2""Bronze Gate Vlv A150 FP BSPT",Grup: Field Devices | Menşei: CN | Durum: Phase Out Inprogress,false
V3GANA150B050NF.,"Manual Gate Valve,Bronze,PN20,DN50",Valves,Honeywell,V3GANA150B050NF.,adet,USDTRY,63.65,0,0,20,,"Manual Gate Valve,Bronze,PN20,DN50",Grup: Field Devices | Alt kategori: Valves Miscellaneous | Menşei: CN | Durum: Active,true
V3-PRV-A150-B15NP.,"Pressure reducing valve,Brass Body,DN15",Genel,Honeywell,V3-PRV-A150-B15NP.,adet,USDTRY,27.03,0,0,20,,"Pressure reducing valve,Brass Body,DN15",Grup: Field Devices | Menşei: CN | Durum: Active,true
V3-PRV-A150-B20NP.,"Pressure reducing valve,Brass Body,DN32",Genel,Honeywell,V3-PRV-A150-B20NP.,adet,USDTRY,28.50,0,0,20,,"Pressure reducing valve,Brass Body,DN32",Grup: Field Devices | Menşei: CN | Durum: Active,true
V3-PRV-A150-B25NP.,"Pressure reducing valve,Brass Body,DN32",Genel,Honeywell,V3-PRV-A150-B25NP.,adet,USDTRY,40.66,0,0,20,,"Pressure reducing valve,Brass Body,DN32",Grup: Field Devices | Menşei: CN | Durum: Active,true
V3-PRV-A150-B32NP.,"Pressure reducing valve,Brass Body,DN32",Genel,Honeywell,V3-PRV-A150-B32NP.,adet,USDTRY,48.60,0,0,20,,"Pressure reducing valve,Brass Body,DN32",Grup: Field Devices | Menşei: CN | Durum: Active,true
V3-PRV-A150-B40NP.,"Pressure reducing valve,Brass Body,DN40",Genel,Honeywell,V3-PRV-A150-B40NP.,adet,USDTRY,96.00,0,0,20,,"Pressure reducing valve,Brass Body,DN40",Grup: Field Devices | Menşei: CN | Durum: Active,true
V3-PRV-A150-B50NP.,"Pressure reducing valve,Brass Body,DN50",Genel,Honeywell,V3-PRV-A150-B50NP.,adet,USDTRY,115.66,0,0,20,,"Pressure reducing valve,Brass Body,DN50",Grup: Field Devices | Menşei: CN | Durum: Active,true
V3-YST-A150-B015-N,1/2 INCH Bronze Y-STRAINER-BSP THREAD,Genel,Honeywell,V3-YST-A150-B015-N,adet,USDTRY,20.75,0,0,20,,1/2 INCH Bronze Y-STRAINER-BSP THREAD,Grup: Field Devices | Menşei: CN | Durum: Phase Out Inprogress,false
V3-YST-A150-B015N.,"Manual Y-strainer Valve,Bronze,PN20,DN15",Valves,Honeywell,V3-YST-A150-B015N.,adet,USDTRY,8.14,0,0,20,,"Manual Y-strainer Valve,Bronze,PN20,DN15",Grup: Field Devices | Alt kategori: Manual valves | Menşei: CN | Durum: Active,true
V3-YST-A150-B020-N,3/4 INCH Bronze Y-STRAINER-BSP THREAD,Genel,Honeywell,V3-YST-A150-B020-N,adet,USDTRY,31.63,0,0,20,,3/4 INCH Bronze Y-STRAINER-BSP THREAD,Grup: Field Devices | Menşei: CN | Durum: Phase Out Inprogress,false
V3-YST-A150-B020N.,"Manual Y-strainer Valve,Bronze,PN20,DN20",Valves,Honeywell,V3-YST-A150-B020N.,adet,USDTRY,12.05,0,0,20,,"Manual Y-strainer Valve,Bronze,PN20,DN20",Grup: Field Devices | Alt kategori: Manual valves | Menşei: CN | Durum: Active,true
V3-YST-A150-B025-N,1 INCH Bronze Y-STRAINER-BSP THREAD,Genel,Honeywell,V3-YST-A150-B025-N,adet,USDTRY,46.00,0,0,20,,1 INCH Bronze Y-STRAINER-BSP THREAD,Grup: Field Devices | Menşei: CN | Durum: Phase Out Inprogress,false
V3-YST-A150-B025N.,"Manual Y-strainer Valve,Bronze,PN20,DN25",Valves,Honeywell,V3-YST-A150-B025N.,adet,USDTRY,16.89,0,0,20,,"Manual Y-strainer Valve,Bronze,PN20,DN25",Grup: Field Devices | Alt kategori: Manual valves | Menşei: CN | Durum: Active,true
V3-YST-A150-B032-N,1 1/4 INCH Bronze Y-STRAINER-BSP THREAD,Genel,Honeywell,V3-YST-A150-B032-N,adet,USDTRY,78.20,0,0,20,,1 1/4 INCH Bronze Y-STRAINER-BSP THREAD,Grup: Field Devices | Menşei: CN | Durum: Phase Out Inprogress,false
V3-YST-A150-B032N.,"Manual Y-strainer Valve,Bronze,PN20,DN32",Valves,Honeywell,V3-YST-A150-B032N.,adet,USDTRY,28.74,0,0,20,,"Manual Y-strainer Valve,Bronze,PN20,DN32",Grup: Field Devices | Alt kategori: Manual valves | Menşei: CN | Durum: Active,true
V3-YST-A150-B040-N,1 1/2 INCH Bronze Y-STRAINER-BSP THREAD,Genel,Honeywell,V3-YST-A150-B040-N,adet,USDTRY,103.50,0,0,20,,1 1/2 INCH Bronze Y-STRAINER-BSP THREAD,Grup: Field Devices | Menşei: CN | Durum: Phase Out Inprogress,false
V3-YST-A150-B040N.,"Manual Y-strainer Valve,Bronze,PN20,DN40",Valves,Honeywell,V3-YST-A150-B040N.,adet,USDTRY,38.50,0,0,20,,"Manual Y-strainer Valve,Bronze,PN20,DN40",Grup: Field Devices | Alt kategori: Manual valves | Menşei: CN | Durum: Active,true
V3-YST-A150-B050-N,2 INCH Bronze Y-STRAINER-BSP THREAD,Genel,Honeywell,V3-YST-A150-B050-N,adet,USDTRY,152.95,0,0,20,,2 INCH Bronze Y-STRAINER-BSP THREAD,Grup: Field Devices | Menşei: CN | Durum: Phase Out Inprogress,false
V3-YST-A150-B050N.,"Manual Y-strainer Valve,Bronze,PN20,DN50",Valves,Honeywell,V3-YST-A150-B050N.,adet,USDTRY,55.21,0,0,20,,"Manual Y-strainer Valve,Bronze,PN20,DN50",Grup: Field Devices | Alt kategori: Manual valves | Menşei: CN | Durum: Active,true
V4ABFL16-050-012,"2"" (DN50), On-Off,  Valve Body V4BFL16-0",Valves,Honeywell,V4ABFL16-050-012,adet,USDTRY,830.00,0,0,20,,"2"" (DN50), On-Off,  Valve Body V4BFL16-0",Grup: Field Devices | Alt kategori: Manual valves | Menşei: CN | Durum: Active,true
V4ABFL16-050-112,"2"" (DN50), MODULATING,  VALVE BODY V4BFL",Valves,Honeywell,V4ABFL16-050-112,adet,USDTRY,2307.33,0,0,20,,"2"" (DN50), MODULATING,  VALVE BODY V4BFL",Grup: Field Devices | Alt kategori: Manual valves | Menşei: CN | Durum: Active,true
V4ABFL16-065-012,"21/2(DN65),On-Off,ValveBodyBF-LC4-PN16-0",Valve & Actuator Assemblies,Honeywell,V4ABFL16-065-012,adet,USDTRY,840.00,0,0,20,,"21/2(DN65),On-Off,ValveBodyBF-LC4-PN16-0",Grup: Field Devices | Alt kategori: valve actuator assembly | Menşei: TW | Durum: Active,true
V4ABFL16-065-112,"""21/2(DN65),Modulating,ValveBodyBF-LC4-P",Genel,Honeywell,V4ABFL16-065-112,adet,USDTRY,2333.25,0,0,20,,"""21/2(DN65),Modulating,ValveBodyBF-LC4-P",Grup: Field Devices | Menşei: TW | Durum: Active,true
V4ABFL16-080-012,"""3"""" (DN80), On-Off,  Valve Body BF-LC4-",Valves,Honeywell,V4ABFL16-080-012,adet,USDTRY,820.00,0,0,20,,"""3"""" (DN80), On-Off,  Valve Body BF-LC4-",Grup: Field Devices | Alt kategori: Manual valves | Menşei: TW | Durum: Active,true
V4ABFL16-080-112,"3"" (DN80), MODULATING,  VALVE BODY V4BFL",Genel,Honeywell,V4ABFL16-080-112,adet,USDTRY,2475.00,0,0,20,,"3"" (DN80), MODULATING,  VALVE BODY V4BFL",Grup: Field Devices | Menşei: CN | Durum: Active,true
V4ABFL16-100-012,"""4"""" (DN100), On-Off,  Valve Body V4BFL1",Legacy Products,Honeywell,V4ABFL16-100-012,adet,USDTRY,871.08,0,0,20,,"""4"""" (DN100), On-Off,  Valve Body V4BFL1",Grup: Field Devices | Alt kategori: Legacy Products | Menşei: TW | Durum: Active,true
V4ABFL16-100-112,"""4(DN100),Modulating,ValveBodyBF-LC4-PN1",Legacy Products,Honeywell,V4ABFL16-100-112,adet,USDTRY,2411.03,0,0,20,,"""4(DN100),Modulating,ValveBodyBF-LC4-PN1",Grup: Field Devices | Alt kategori: Legacy Products | Menşei: TW | Durum: Active,true
V4ABFL16-125-012,ON-OFF VALVE BODY,Valves,Honeywell,V4ABFL16-125-012,adet,USDTRY,1900.00,0,0,20,,ON-OFF VALVE BODY,Grup: Field Devices | Alt kategori: Manual valves | Menşei: TW | Durum: Active,true
V4ABFL16-125-112,"""5"""" (DN125), Modulating,  Valve Body BF",Valves,Honeywell,V4ABFL16-125-112,adet,USDTRY,3250.00,0,0,20,,"""5"""" (DN125), Modulating,  Valve Body BF",Grup: Field Devices | Alt kategori: Manual valves | Menşei: TW | Durum: Active,true
V4ABFL16-150-012,"""6"""" (DN150), On-Off,  Valve Body V4BFL1",Valves,Honeywell,V4ABFL16-150-012,adet,USDTRY,1580.00,0,0,20,,"""6"""" (DN150), On-Off,  Valve Body V4BFL1",Grup: Field Devices | Alt kategori: Manual valves | Menşei: TW | Durum: Active,true
V4ABFL16-150-112,"""6"""" (DN150), Modulating,  Valve Body V4",Valves,Honeywell,V4ABFL16-150-112,adet,USDTRY,3225.00,0,0,20,,"""6"""" (DN150), Modulating,  Valve Body V4",Grup: Field Devices | Alt kategori: Manual valves | Menşei: TW | Durum: Active,true
V4ABFL16-200-012,"""8"""" (DN200), On-Off,  Valve Body V4BFL1",Valves,Honeywell,V4ABFL16-200-012,adet,USDTRY,1780.00,0,0,20,,"""8"""" (DN200), On-Off,  Valve Body V4BFL1",Grup: Field Devices | Alt kategori: Manual valves | Menşei: TW | Durum: Active,true
V4ABFL16-200-112,"""8"""" (DN200), Modulating,  Valve Body V4",Valves,Honeywell,V4ABFL16-200-112,adet,USDTRY,3400.00,0,0,20,,"""8"""" (DN200), Modulating,  Valve Body V4",Grup: Field Devices | Alt kategori: Manual valves | Menşei: TW | Durum: Active,true
V4ABFL16-250-012,"""10"""" (DN250), On-Off,  Valve Body V4BFL",Valves,Honeywell,V4ABFL16-250-012,adet,USDTRY,2385.10,0,0,20,,"""10"""" (DN250), On-Off,  Valve Body V4BFL",Grup: Field Devices | Alt kategori: Manual valves | Menşei: TW | Durum: Active,true
V4ABFL16-250-112,"""10"""" (DN250), Modulating,  Valve Body V",Valves,Honeywell,V4ABFL16-250-112,adet,USDTRY,4175.00,0,0,20,,"""10"""" (DN250), Modulating,  Valve Body V",Grup: Field Devices | Alt kategori: Manual valves | Menşei: TW | Durum: Active,true
V4ABFL16-300-012,"""12"""" (DN300), On-Off,  Valve Body V4BFL",Valves,Honeywell,V4ABFL16-300-012,adet,USDTRY,3075.00,0,0,20,,"""12"""" (DN300), On-Off,  Valve Body V4BFL",Grup: Field Devices | Alt kategori: Manual valves | Menşei: TW | Durum: Active,true
V4ABFL16-300-112,"""MODULATING,600NM,220V 50/60HZ,HAND-WHEE",Legacy Products,Honeywell,V4ABFL16-300-112,adet,USDTRY,4800.00,0,0,20,,"""MODULATING,600NM,220V 50/60HZ,HAND-WHEE",Grup: Field Devices | Alt kategori: Legacy Products | Menşei: TW | Durum: Active,true
V4ABFL16-350-012,V4ABFL16-350-012,Valve & Actuator Assemblies,Honeywell,V4ABFL16-350-012,adet,USDTRY,5250.00,0,0,20,,V4ABFL16-350-012,Grup: Field Devices | Alt kategori: valve actuator assembly | Menşei: TW | Durum: Active,true
V4ABFL16-350-112,"""14(DN350),Modulating,ValveBodyBF-LC5-PN",Valves,Honeywell,V4ABFL16-350-112,adet,USDTRY,7051.60,0,0,20,,"""14(DN350),Modulating,ValveBodyBF-LC5-PN",Grup: Field Devices | Alt kategori: Manual valves | Menşei: TW | Durum: Active,true
V4ABFL16-400-012,"16"" (DN400), ON-OFF,  VALVE BODY V4BFL16",Valves,Honeywell,V4ABFL16-400-012,adet,USDTRY,6450.00,0,0,20,,"16"" (DN400), ON-OFF,  VALVE BODY V4BFL16",Grup: Field Devices | Alt kategori: Manual valves | Menşei: CN | Durum: Active,true
V4ABFL16-400-112,"16"" (DN400), MODULATING,  VALVE BODY V4B",Valves,Honeywell,V4ABFL16-400-112,adet,USDTRY,9550.00,0,0,20,,"16"" (DN400), MODULATING,  VALVE BODY V4B",Grup: Field Devices | Alt kategori: Valve accessories | Menşei: CN | Durum: Active,true
V4ABFL16-450-012,"18""(DN450)ON-OFF,VALVE BODY V4BFL16-450,",Valve & Actuator Assemblies,Honeywell,V4ABFL16-450-012,adet,USDTRY,9600.00,0,0,20,,"18""(DN450)ON-OFF,VALVE BODY V4BFL16-450,",Grup: Field Devices | Alt kategori: valve actuator assembly | Menşei: TW | Durum: Active,true
V4ABFL16-450-112,"18"" (DN450), MODULATING,  VALVE BODY V4B",Valves,Honeywell,V4ABFL16-450-112,adet,USDTRY,11925.50,0,0,20,,"18"" (DN450), MODULATING,  VALVE BODY V4B",Grup: Field Devices | Alt kategori: Valve accessories | Menşei: CN | Durum: Active,true
V4ABFL16-500-012,"20"" (DN500), ON-OFF,  VALVE BODY V4BFL16",Valves,Honeywell,V4ABFL16-500-012,adet,USDTRY,11200.00,0,0,20,,"20"" (DN500), ON-OFF,  VALVE BODY V4BFL16",Grup: Field Devices | Alt kategori: Manual valves | Menşei: CN | Durum: Active,true
V4ABFL16-500-112,"20"" (DN500), MODULATING,  VALVE BODY V4B",Genel,Honeywell,V4ABFL16-500-112,adet,USDTRY,13400.00,0,0,20,,"20"" (DN500), MODULATING,  VALVE BODY V4B",Grup: Field Devices | Menşei: CN | Durum: Active,true
V4ABFL16-600-012,"24"" (DN600), On-Off,  Valve Body V4BFL16",Genel,Honeywell,V4ABFL16-600-012,adet,USDTRY,17300.00,0,0,20,,"24"" (DN600), On-Off,  Valve Body V4BFL16",Grup: Field Devices | Menşei: TW | Durum: Active,true
V4ABFL16-600-112,"24(DN600),Modulating,ValveBodyBF-LC5-PN1",Genel,Honeywell,V4ABFL16-600-112,adet,USDTRY,19200.00,0,0,20,,"24(DN600),Modulating,ValveBodyBF-LC5-PN1",Grup: Field Devices | Menşei: TW | Durum: Active,true
V4ABFW16-050-012,2 INCHES  (DN50)- ON-OFF-  VALVE BODY,Valves,Honeywell,V4ABFW16-050-012,adet,USDTRY,725.90,0,0,20,,2 INCHES  (DN50)- ON-OFF-  VALVE BODY,Grup: Field Devices | Alt kategori: Manual valves | Menşei: TW | Durum: Active,true
V4ABFW16-050-016,"2""(DN50),ON-OFF,  VALVE BODY V4BFW16-050",Genel,Honeywell,V4ABFW16-050-016,adet,USDTRY,840.00,0,0,20,,"2""(DN50),ON-OFF,  VALVE BODY V4BFW16-050",Grup: Field Devices | Menşei: CN | Durum: Active,true
V4ABFW16-050-112,"2"" (DN50), MODULATING,  VALVE BODY V4BFW",Valves,Honeywell,V4ABFW16-050-112,adet,USDTRY,2229.55,0,0,20,,"2"" (DN50), MODULATING,  VALVE BODY V4BFW",Grup: Field Devices | Alt kategori: Manual valves | Menşei: CN | Durum: Active,true
V4ABFW16-050-116,"2""(DN50),MODULATING,  VALVE BODY V4BFW16",Genel,Honeywell,V4ABFW16-050-116,adet,USDTRY,2725.00,0,0,20,,"2""(DN50),MODULATING,  VALVE BODY V4BFW16",Grup: Field Devices | Menşei: TW | Durum: Active,true
V4ABFW16-065-012,2.5 INCHES  (DN65)- ON-OFF-  VALVE BODY,Valves,Honeywell,V4ABFW16-065-012,adet,USDTRY,780.00,0,0,20,,2.5 INCHES  (DN65)- ON-OFF-  VALVE BODY,Grup: Field Devices | Alt kategori: Manual valves | Menşei: TW | Durum: Active,true
V4ABFW16-065-016,"""21/2(DN65),On-Off,ValveBodyBF-WC4-PN16-",Genel,Honeywell,V4ABFW16-065-016,adet,USDTRY,860.71,0,0,20,,"""21/2(DN65),On-Off,ValveBodyBF-WC4-PN16-",Grup: Field Devices | Menşei: TW | Durum: Active,true
V4ABFW16-065-112,"2 1/2 (DN65) Modulating, V4BFW16-065",Valve & Actuator Assemblies,Honeywell,V4ABFW16-065-112,adet,USDTRY,2100.00,0,0,20,,"2 1/2 (DN65) Modulating, V4BFW16-065",Grup: Field Devices | Alt kategori: valve actuator assembly | Menşei: TW | Durum: Active,true
V4ABFW16-065-116,"2 1/2""(DN65),MODULATING,  VALVE BODY V4B",Genel,Honeywell,V4ABFW16-065-116,adet,USDTRY,2436.95,0,0,20,,"2 1/2""(DN65),MODULATING,  VALVE BODY V4B",Grup: Field Devices | Menşei: CN | Durum: Active,true
V4ABFW16-080-012,"3"" (DN80), On-Off, V4BFW16-080+OM-1",Valves,Honeywell,V4ABFW16-080-012,adet,USDTRY,750.00,0,0,20,,"3"" (DN80), On-Off, V4BFW16-080+OM-1",Grup: Field Devices | Alt kategori: Manual valves | Menşei: TW | Durum: Active,true
V4ABFW16-080-016,"""3(DN80),On-Off,ValveBodyBF-WC4-PN16-008",Genel,Honeywell,V4ABFW16-080-016,adet,USDTRY,912.56,0,0,20,,"""3(DN80),On-Off,ValveBodyBF-WC4-PN16-008",Grup: Field Devices | Menşei: TW | Durum: Active,true
V4ABFW16-080-112,"""3"""" (DN80), Modulating,  Valve Body V4B",Valves,Honeywell,V4ABFW16-080-112,adet,USDTRY,2100.00,0,0,20,,"""3"""" (DN80), Modulating,  Valve Body V4B",Grup: Field Devices | Alt kategori: Manual valves | Menşei: TW | Durum: Active,true
V4ABFW16-080-116,"3""(DN80),Modulating,  Valve Body V4BFW16",Genel,Honeywell,V4ABFW16-080-116,adet,USDTRY,2750.00,0,0,20,,"3""(DN80),Modulating,  Valve Body V4BFW16",Grup: Field Devices | Menşei: TW | Durum: Active,true
V4ABFW16-100-012,4 INCHES  (DN100)- ON-OFF-  VALVE BODY,Valves,Honeywell,V4ABFW16-100-012,adet,USDTRY,663.68,0,0,20,,4 INCHES  (DN100)- ON-OFF-  VALVE BODY,Grup: Field Devices | Alt kategori: Manual valves | Menşei: TW | Durum: Active,true
V4ABFW16-100-016,V4ABFW16-100-016,Valves,Honeywell,V4ABFW16-100-016,adet,USDTRY,912.56,0,0,20,,V4ABFW16-100-016,Grup: Field Devices | Alt kategori: Manual valves | Menşei: TW | Durum: Active,true
V4ABFW16-100-112,"Motorised bfly valve, V4BFW16-100U + OM-",Valves,Honeywell,V4ABFW16-100-112,adet,USDTRY,2050.00,0,0,20,,"Motorised bfly valve, V4BFW16-100U + OM-",Grup: Field Devices | Alt kategori: Manual valves | Menşei: TW | Durum: Active,true
V4ABFW16-100-116,"""4""""(DN100),Modulating,  Valve Body BF-W",Valves,Honeywell,V4ABFW16-100-116,adet,USDTRY,2359.18,0,0,20,,"""4""""(DN100),Modulating,  Valve Body BF-W",Grup: Field Devices | Alt kategori: Manual valves | Menşei: TW | Durum: Active,true
V4ABFW16-125-012,"5"" (DN125), On-Off,  Valve Body V4BFW16-",Valves,Honeywell,V4ABFW16-125-012,adet,USDTRY,1490.00,0,0,20,,"5"" (DN125), On-Off,  Valve Body V4BFW16-",Grup: Field Devices | Alt kategori: Manual valves | Menşei: TW | Durum: Active,true
V4ABFW16-125-016,"5""(DN125),ON-OFF, VALVE BODY V4BFW16-125",Genel,Honeywell,V4ABFW16-125-016,adet,USDTRY,2203.62,0,0,20,,"5""(DN125),ON-OFF, VALVE BODY V4BFW16-125",Grup: Field Devices | Menşei: CN | Durum: Active,true
V4ABFW16-125-112,"5"" (DN125), Modulating,  Valve Body V4BF",Valves,Honeywell,V4ABFW16-125-112,adet,USDTRY,3125.00,0,0,20,,"5"" (DN125), Modulating,  Valve Body V4BF",Grup: Field Devices | Alt kategori: Manual valves | Menşei: TW | Durum: Active,true
V4ABFW16-125-116,"5""(DN125),MODULATING,  VALVE BODY V4BFW1",Genel,Honeywell,V4ABFW16-125-116,adet,USDTRY,4300.00,0,0,20,,"5""(DN125),MODULATING,  VALVE BODY V4BFW1",Grup: Field Devices | Menşei: TW | Durum: Active,true
V4ABFW16-150-012,6 INCHES (DN150)- ON-OFF- VALVE BODY,Valves,Honeywell,V4ABFW16-150-012,adet,USDTRY,1441.43,0,0,20,,6 INCHES (DN150)- ON-OFF- VALVE BODY,Grup: Field Devices | Alt kategori: Manual valves | Menşei: TW | Durum: Active,true
V4ABFW16-150-016,"""6""""(DN150),On-Off,  Valve Body V4BFW16-",Valves,Honeywell,V4ABFW16-150-016,adet,USDTRY,2032.52,0,0,20,,"""6""""(DN150),On-Off,  Valve Body V4BFW16-",Grup: Field Devices | Alt kategori: Manual valves | Menşei: TW | Durum: Active,true
V4ABFW16-150-112,"6"" Mot Blfy Valve V4BFW16-150 Act OM-P2",Valves,Honeywell,V4ABFW16-150-112,adet,USDTRY,2725.00,0,0,20,,"6"" Mot Blfy Valve V4BFW16-150 Act OM-P2",Grup: Field Devices | Alt kategori: Manual valves | Menşei: TW | Durum: Active,true
V4ABFW16-150-116,"""6(DN150),Modulating,ValveBodyBF-WC4-PN1",Valves,Honeywell,V4ABFW16-150-116,adet,USDTRY,3577.65,0,0,20,,"""6(DN150),Modulating,ValveBodyBF-WC4-PN1",Grup: Field Devices | Alt kategori: Manual valves | Menşei: TW | Durum: Active,true
V4ABFW16-200-012,8 INCHES  DN200- ON/OFF BUTTERFLY VALVE,Valves,Honeywell,V4ABFW16-200-012,adet,USDTRY,1650.00,0,0,20,,8 INCHES  DN200- ON/OFF BUTTERFLY VALVE,Grup: Field Devices | Alt kategori: Manual valves | Menşei: TW | Durum: Active,true
V4ABFW16-200-016,V4ABFW16-200-016,Valves,Honeywell,V4ABFW16-200-016,adet,USDTRY,2475.00,0,0,20,,V4ABFW16-200-016,Grup: Field Devices | Alt kategori: Manual valves | Menşei: TW | Durum: Active,true
V4ABFW16-200-112,Modulating,Valves,Honeywell,V4ABFW16-200-112,adet,USDTRY,3033.22,0,0,20,,Modulating,Grup: Field Devices | Alt kategori: Manual valves | Menşei: TW | Durum: Active,true
V4ABFW16-200-116,V4ABFW16-200-116,Valves,Honeywell,V4ABFW16-200-116,adet,USDTRY,3875.00,0,0,20,,V4ABFW16-200-116,Grup: Field Devices | Alt kategori: Manual valves | Menşei: TW | Durum: Active,true
V4ABFW16-250-012,MOTORIZED VALVES DN-250,Valves,Honeywell,V4ABFW16-250-012,adet,USDTRY,2281.40,0,0,20,,MOTORIZED VALVES DN-250,Grup: Field Devices | Alt kategori: Manual valves | Menşei: TW | Durum: Active,true
V4ABFW16-250-016,V4ABFW16-250-016,Valves,Honeywell,V4ABFW16-250-016,adet,USDTRY,3175.00,0,0,20,,V4ABFW16-250-016,Grup: Field Devices | Alt kategori: Manual valves | Menşei: TW | Durum: Active,true
V4ABFW16-250-112,Modulating,Valves,Honeywell,V4ABFW16-250-112,adet,USDTRY,3850.00,0,0,20,,Modulating,Grup: Field Devices | Alt kategori: Manual valves | Menşei: TW | Durum: Active,true
V4ABFW16-250-116,"10""(DN250),MODULATING,  VALVE BODY V4BFW",Valve & Actuator Assemblies,Honeywell,V4ABFW16-250-116,adet,USDTRY,4850.00,0,0,20,,"10""(DN250),MODULATING,  VALVE BODY V4BFW",Grup: Field Devices | Alt kategori: valve actuator assembly | Menşei: CN | Durum: Active,true
V4ABFW16-300-012,MOTORIZED VALVES DN-300,Valves,Honeywell,V4ABFW16-300-012,adet,USDTRY,2750.00,0,0,20,,MOTORIZED VALVES DN-300,Grup: Field Devices | Alt kategori: Manual valves | Menşei: TW | Durum: Active,true
V4ABFW16-300-016,"""12""""(DN300),On-Off,  Valve Body V4BFW16",Genel,Honeywell,V4ABFW16-300-016,adet,USDTRY,3525.80,0,0,20,,"""12""""(DN300),On-Off,  Valve Body V4BFW16",Grup: Field Devices | Menşei: TW | Durum: Active,true
V4ABFW16-300-112,Modulating,Valves,Honeywell,V4ABFW16-300-112,adet,USDTRY,4025.00,0,0,20,,Modulating,Grup: Field Devices | Alt kategori: Manual valves | Menşei: TW | Durum: Active,true
V4ABFW16-300-116,"12""(DN300),MODULATING,  VALVE BODY V4BFW",Genel,Honeywell,V4ABFW16-300-116,adet,USDTRY,5055.37,0,0,20,,"12""(DN300),MODULATING,  VALVE BODY V4BFW",Grup: Field Devices | Menşei: CN | Durum: Active,true
V4ABFW16-350-012,On-Off,Valves,Honeywell,V4ABFW16-350-012,adet,USDTRY,4850.00,0,0,20,,On-Off,Grup: Field Devices | Alt kategori: Manual valves | Menşei: TW | Durum: Active,true
V4ABFW16-350-016,"14""(DN350),ON-OFF,  VALVE BODY V4BFW16",Genel,Honeywell,V4ABFW16-350-016,adet,USDTRY,6750.00,0,0,20,,"14""(DN350),ON-OFF,  VALVE BODY V4BFW16",Grup: Field Devices | Menşei: CN | Durum: Active,true
V4ABFW16-350-112,Modulating,Valves,Honeywell,V4ABFW16-350-112,adet,USDTRY,7000.00,0,0,20,,Modulating,Grup: Field Devices | Alt kategori: Manual valves | Menşei: TW | Durum: Active,true
V4ABFW16-350-116,"14""(DN350),MODULATING,  VALVE BODY V4BFW",Genel,Honeywell,V4ABFW16-350-116,adet,USDTRY,7650.00,0,0,20,,"14""(DN350),MODULATING,  VALVE BODY V4BFW",Grup: Field Devices | Menşei: CN | Durum: Active,true
V4ABFW16-400-012,On-Off,Valves,Honeywell,V4ABFW16-400-012,adet,USDTRY,7051.60,0,0,20,,On-Off,Grup: Field Devices | Alt kategori: Manual valves | Menşei: TW | Durum: Active,true
V4ABFW16-400-112,Modulating,Valves,Honeywell,V4ABFW16-400-112,adet,USDTRY,8950.00,0,0,20,,Modulating,Grup: Field Devices | Alt kategori: Manual valves | Menşei: TW | Durum: Active,true
V4ABFW16-400-116,"Butterfly valve, gearbox operated, DN100",Valves,Honeywell,V4ABFW16-400-116,adet,USDTRY,12029.20,0,0,20,,"Butterfly valve, gearbox operated, DN100",Grup: Field Devices | Alt kategori: Manual valves | Menşei: TW | Durum: Active,true
V4ABFW16-450-012,On-Off,Valves,Honeywell,V4ABFW16-450-012,adet,USDTRY,9500.00,0,0,20,,On-Off,Grup: Field Devices | Alt kategori: Manual valves | Menşei: TW | Durum: Active,true
V4ABFW16-450-016,"18""(DN450),ON-OFF,  VALVE BODY V4BFW16",Genel,Honeywell,V4ABFW16-450-016,adet,USDTRY,11303.30,0,0,20,,"18""(DN450),ON-OFF,  VALVE BODY V4BFW16",Grup: Field Devices | Menşei: CN | Durum: Active,true
V4ABFW16-450-116,"""18""""(DN450),Modulating,  Valve Body BF-",Valves,Honeywell,V4ABFW16-450-116,adet,USDTRY,14414.30,0,0,20,,"""18""""(DN450),Modulating,  Valve Body BF-",Grup: Field Devices | Alt kategori: Manual valves | Menşei: TW | Durum: Active,true
V4ABFW16-500-012,On-Off,Valves,Honeywell,V4ABFW16-500-012,adet,USDTRY,10700.00,0,0,20,,On-Off,Grup: Field Devices | Alt kategori: Manual valves | Menşei: TW | Durum: Active,true
V4ABFW16-500-016,"20""(DN500),ON-OFF,  VALVE BODY V4BFW16",Valve & Actuator Assemblies,Honeywell,V4ABFW16-500-016,adet,USDTRY,12029.20,0,0,20,,"20""(DN500),ON-OFF,  VALVE BODY V4BFW16",Grup: Field Devices | Alt kategori: valve actuator assembly | Menşei: CN | Durum: Active,true
V4ABFW16-500-112,Modulating,Genel,Honeywell,V4ABFW16-500-112,adet,USDTRY,12600.00,0,0,20,,Modulating,Grup: Field Devices | Menşei: TW | Durum: Active,true
V4ABFW16-500-116,"20""(DN500),MODULATING,  VALVE BODY V4BFW",Genel,Honeywell,V4ABFW16-500-116,adet,USDTRY,15600.00,0,0,20,,"20""(DN500),MODULATING,  VALVE BODY V4BFW",Grup: Field Devices | Menşei: TW | Durum: Active,true
V4ABFW16-600-012,On-Off,Genel,Honeywell,V4ABFW16-600-012,adet,USDTRY,17200.00,0,0,20,,On-Off,Grup: Field Devices | Menşei: TW | Durum: Active,true
V4ABFW16-600-112,"24"" (DN600), MODULATING,  VALVE BODY V4B",Genel,Honeywell,V4ABFW16-600-112,adet,USDTRY,18400.00,0,0,20,,"24"" (DN600), MODULATING,  VALVE BODY V4B",Grup: Field Devices | Menşei: CN | Durum: Active,true
V4BFL16-125,"5""(DN125), BODY CAST IRON GG25, DISC NIC",Genel,Honeywell,V4BFL16-125,adet,USDTRY,190.00,0,0,20,,"5""(DN125), BODY CAST IRON GG25, DISC NIC",Grup: Field Devices | Menşei: CN | Durum: Active,true
V4BFL16-200,"8""(DN200), Body Ductile Iron GGG40, Disc",Genel,Honeywell,V4BFL16-200,adet,USDTRY,326.66,0,0,20,,"8""(DN200), Body Ductile Iron GGG40, Disc",Grup: Field Devices | Menşei: CN | Durum: Active,true
V4BFL16-450,"18"" DN450",Valves,Honeywell,V4BFL16-450,adet,USDTRY,2800.00,0,0,20,,"18"" DN450",Grup: Field Devices | Alt kategori: Manual valves | Menşei: CN | Durum: Active,true
V4BFL16-500,"20""(DN500), Body Ductile Iron GGG40, Dis",Genel,Honeywell,V4BFL16-500,adet,USDTRY,3750.00,0,0,20,,"20""(DN500), Body Ductile Iron GGG40, Dis",Grup: Field Devices | Menşei: CN | Durum: Active,true
V4BFLGP16G04000I.,"Manual Butterfly Valve,lug type,DN40",Genel,Honeywell,V4BFLGP16G04000I.,adet,USDTRY,45.16,0,0,20,,"Manual Butterfly Valve,lug type,DN40",Grup: Field Devices | Menşei: IN | Durum: Active,true
V4BFLGP16G05000I.,"Manual Butterfly Valve,lug type,DN50",Genel,Honeywell,V4BFLGP16G05000I.,adet,USDTRY,51.08,0,0,20,,"Manual Butterfly Valve,lug type,DN50",Grup: Field Devices | Menşei: IN | Durum: Active,true
V4BFLGP16G06500I.,"Manual Butterfly Valve,lug type,DN65",Valves,Honeywell,V4BFLGP16G06500I.,adet,USDTRY,57.26,0,0,20,,"Manual Butterfly Valve,lug type,DN65",Grup: Field Devices | Alt kategori: Manual valves | Menşei: IN | Durum: Active,true
V4BFLGP16G08000I.,"Manual Butterfly Valve,lug type,DN80",Valves,Honeywell,V4BFLGP16G08000I.,adet,USDTRY,65.43,0,0,20,,"Manual Butterfly Valve,lug type,DN80",Grup: Field Devices | Alt kategori: Manual valves | Menşei: IN | Durum: Active,true
V4BFLGP16G10000I.,"Manual Butterfly Valve,lug type,DN100",Valves,Honeywell,V4BFLGP16G10000I.,adet,USDTRY,83.00,0,0,20,,"Manual Butterfly Valve,lug type,DN100",Grup: Field Devices | Alt kategori: Manual valves | Menşei: IN | Durum: Active,true
V4BFLGP16G12500I.,"Manual Butterfly Valve,lug type,DN125",Valves,Honeywell,V4BFLGP16G12500I.,adet,USDTRY,100.74,0,0,20,,"Manual Butterfly Valve,lug type,DN125",Grup: Field Devices | Alt kategori: Manual valves | Menşei: IN | Durum: Active,true
V4BFLGP16G15000I.,"Manual Butterfly Valve,lug type,DN150",Valves,Honeywell,V4BFLGP16G15000I.,adet,USDTRY,118.25,0,0,20,,"Manual Butterfly Valve,lug type,DN150",Grup: Field Devices | Alt kategori: Manual valves | Menşei: IN | Durum: Active,true
V4BFLGP16G20000I.,"Manual Butterfly Valve,lug type,DN200",Valves,Honeywell,V4BFLGP16G20000I.,adet,USDTRY,175.00,0,0,20,,"Manual Butterfly Valve,lug type,DN200",Grup: Field Devices | Alt kategori: Manual valves | Menşei: IN | Durum: Active,true
V4BFLGP16G25000I.,"Manual Butterfly Valve,lug type,DN250",Valves,Honeywell,V4BFLGP16G25000I.,adet,USDTRY,296.38,0,0,20,,"Manual Butterfly Valve,lug type,DN250",Grup: Field Devices | Alt kategori: Manual valves | Menşei: IN | Durum: Active,true
V4BFW16-065U,"21/2""DN65 MBV Body CI GG25 Epoxy coated",Valves,Honeywell,V4BFW16-065U,adet,USDTRY,96.44,0,0,20,,"21/2""DN65 MBV Body CI GG25 Epoxy coated",Grup: Field Devices | Alt kategori: Manual valves | Menşei: CN | Durum: Phase In,true
V4BFW16-100U,"4""DN100 MBV Body CI GG25 Epoxy coated DI",Legacy Products,Honeywell,V4BFW16-100U,adet,USDTRY,118.22,0,0,20,,"4""DN100 MBV Body CI GG25 Epoxy coated DI",Grup: Field Devices | Alt kategori: Legacy Products | Menşei: CN | Durum: Active,true
V4BFW16-125U,"5""DN125 MBV Body CI GG25 Epoxy coated DI",Valves,Honeywell,V4BFW16-125U,adet,USDTRY,155.00,0,0,20,,"5""DN125 MBV Body CI GG25 Epoxy coated DI",Grup: Field Devices | Alt kategori: Manual valves | Menşei: CN | Durum: Active,true
V4BFW16-150U,"6""DN150 MBV Body CI GG25 Epoxy coated DI",Valves,Honeywell,V4BFW16-150U,adet,USDTRY,190.00,0,0,20,,"6""DN150 MBV Body CI GG25 Epoxy coated DI",Grup: Field Devices | Alt kategori: Manual valves | Menşei: CN | Durum: Active,true
V4BFW16-200U,"8""DN200 MBV Body CI GG25 Epoxy coated DI",Valves,Honeywell,V4BFW16-200U,adet,USDTRY,288.29,0,0,20,,"8""DN200 MBV Body CI GG25 Epoxy coated DI",Grup: Field Devices | Alt kategori: Manual valves | Menşei: CN | Durum: Active,true
V4BFW16-250-2,MANUAL BUTTERFLY VALVE WAFER DESIGN,Valves,Honeywell,V4BFW16-250-2,adet,USDTRY,790.00,0,0,20,,MANUAL BUTTERFLY VALVE WAFER DESIGN,Grup: Field Devices | Alt kategori: Manual valves | Menşei: CN | Durum: Active,true
V4BFW16-250U,"10""DN250 MBV Body CI GG25 Epoxy coated D",Valves,Honeywell,V4BFW16-250U,adet,USDTRY,470.00,0,0,20,,"10""DN250 MBV Body CI GG25 Epoxy coated D",Grup: Field Devices | Alt kategori: Manual valves | Menşei: CN | Durum: Active,true
V4BFW16-300-2,MANUAL BUTTERFLY VALVE WAFER DESIGN,Genel,Honeywell,V4BFW16-300-2,adet,USDTRY,1171.81,0,0,20,,MANUAL BUTTERFLY VALVE WAFER DESIGN,Grup: Field Devices | Menşei: CN | Durum: Active,true
V4BFW16-300U,"12""DN300 MBV Body CI GG25 Epoxy coated D",Valves,Honeywell,V4BFW16-300U,adet,USDTRY,674.05,0,0,20,,"12""DN300 MBV Body CI GG25 Epoxy coated D",Grup: Field Devices | Alt kategori: Manual valves | Menşei: CN | Durum: Active,true
V4BFW16-350,MANUAL WAFER TYPE BUTTERFLY VALVE-,Valves,Honeywell,V4BFW16-350,adet,USDTRY,1060.00,0,0,20,,MANUAL WAFER TYPE BUTTERFLY VALVE-,Grup: Field Devices | Alt kategori: Manual valves | Menşei: CN | Durum: Active,true
V4BFW16-450,MANUAL WAFER TYPE BUTTERFLY VALVE-,Genel,Honeywell,V4BFW16-450,adet,USDTRY,2229.55,0,0,20,,MANUAL WAFER TYPE BUTTERFLY VALVE-,Grup: Field Devices | Menşei: CN | Durum: Active,true
V4BFW16-500-2,"20""(DN500), Body Ductile Iron GGG40, Dis",Genel,Honeywell,V4BFW16-500-2,adet,USDTRY,5272.60,0,0,20,,"20""(DN500), Body Ductile Iron GGG40, Dis",Grup: Field Devices | Menşei: CN | Durum: Phase In,true
V4BFW16-600-2,"24""(DN600), BODY DUCTILE IRON GGG40, DIS",Genel,Honeywell,V4BFW16-600-2,adet,USDTRY,7850.00,0,0,20,,"24""(DN600), BODY DUCTILE IRON GGG40, DIS",Grup: Field Devices | Menşei: CN | Durum: Active,true
V5011E1165,2-WAY CONTROL VALVE PN16 DN15 KVS0.6,Genel,Honeywell,V5011E1165,adet,USDTRY,425.00,0,0,20,,2-WAY CONTROL VALVE PN16 DN15 KVS0.6,Grup: Field Devices | Menşei: DE | Durum: Active,true
V5011E1189,2-WAY CONTROL VALVE PN16 DN15 KVS1.6,Genel,Honeywell,V5011E1189,adet,USDTRY,425.00,0,0,20,,2-WAY CONTROL VALVE PN16 DN15 KVS1.6,Grup: Field Devices | Menşei: DE | Durum: Active,true
V5011E1213,2-WAY CONTROL VALVE PN16 DN20 KVS6.3,Valves,Honeywell,V5011E1213,adet,USDTRY,320.00,0,0,20,,2-WAY CONTROL VALVE PN16 DN20 KVS6.3,Grup: Field Devices | Alt kategori: Linear Valves | Menşei: DE | Durum: Active,true
V5011E1221,2-WAY CONTROL VALVE PN16 DN25 KVS10,Valves,Honeywell,V5011E1221,adet,USDTRY,396.13,0,0,20,,2-WAY CONTROL VALVE PN16 DN25 KVS10,Grup: Field Devices | Alt kategori: Linear Valves | Menşei: DE | Durum: Active,true
V5011E1229,2-WAY CONTROL VALVE PN16 DN32 KVS16,Valves,Honeywell,V5011E1229,adet,USDTRY,385.00,0,0,20,,2-WAY CONTROL VALVE PN16 DN32 KVS16,Grup: Field Devices | Alt kategori: Linear Valves | Menşei: DE | Durum: Active,true
V5011E1237,2-WAY CONTROL VALVE PN16 DN40 KVS25,Valves,Honeywell,V5011E1237,adet,USDTRY,405.00,0,0,20,,2-WAY CONTROL VALVE PN16 DN40 KVS25,Grup: Field Devices | Alt kategori: Linear Valves | Menşei: DE | Durum: Active,true
V5011E1245,2-WAY CONTROL VALVE PN16 DN50 KVS40,Valves,Honeywell,V5011E1245,adet,USDTRY,513.31,0,0,20,,2-WAY CONTROL VALVE PN16 DN50 KVS40,Grup: Field Devices | Alt kategori: Linear Valves | Menşei: DE | Durum: Active,true
V5011P1004,AHU2WAY-1,Valves,Honeywell,V5011P1004,adet,USDTRY,193.92,0,0,20,,AHU2WAY-1,Grup: Field Devices | Alt kategori: Linear Valves | Menşei: TW | Durum: Active,true
V5011P1012,AHU2WAY-11/4,Valves,Honeywell,V5011P1012,adet,USDTRY,206.36,0,0,20,,AHU2WAY-11/4,Grup: Field Devices | Alt kategori: Linear Valves | Menşei: TW | Durum: Active,true
V5011P1012-K9,"kombi-9 valve  body, DN32",Genel,Honeywell,V5011P1012-K9,adet,USDTRY,513.31,0,0,20,,"kombi-9 valve  body, DN32",Grup: Field Devices | Menşei: TW | Durum: Active,true
V5011P1020,HU2WAY-11/2,Valves,Honeywell,V5011P1020,adet,USDTRY,270.00,0,0,20,,HU2WAY-11/2,Grup: Field Devices | Alt kategori: Linear Valves | Menşei: TW | Durum: Active,true
V5011P1038,AHU2WAY-2,Valves,Honeywell,V5011P1038,adet,USDTRY,306.95,0,0,20,,AHU2WAY-2,Grup: Field Devices | Alt kategori: Linear Valves | Menşei: TW | Durum: Active,true
V5011P2002,MIXING VALVE - 1 1/4,Valves,Honeywell,V5011P2002,adet,USDTRY,235.00,0,0,20,,MIXING VALVE - 1 1/4,Grup: Field Devices | Alt kategori: Linear Valves | Menşei: TW | Durum: Active,true
V5011P2010,AHU2WAY,Valves,Honeywell,V5011P2010,adet,USDTRY,338.06,0,0,20,,AHU2WAY,Grup: Field Devices | Alt kategori: Linear Valves | Menşei: TW | Durum: Active,true
V5011P2028,2 INCHES  VALVE FOR STEAM,Genel,Honeywell,V5011P2028,adet,USDTRY,410.00,0,0,20,,2 INCHES  VALVE FOR STEAM,Grup: Field Devices | Menşei: TW | Durum: Active,true
V5011P2036,HONEYWELL ELECTRIC ACTUATED GLOBE,Valves,Honeywell,V5011P2036,adet,USDTRY,245.00,0,0,20,,HONEYWELL ELECTRIC ACTUATED GLOBE,Grup: Field Devices | Alt kategori: Linear Valves | Menşei: TW | Durum: Active,true
V5011R1000,2-WAY VALVES PN16 DN15 KVS0.63,Genel,Honeywell,V5011R1000,adet,USDTRY,275.00,0,0,20,,2-WAY VALVES PN16 DN15 KVS0.63,Grup: Field Devices | Menşei: DE | Durum: Active,true
V5011R1018,2-WAY VALVES,Genel,Honeywell,V5011R1018,adet,USDTRY,240.58,0,0,20,,2-WAY VALVES,Grup: Field Devices | Menşei: DE | Durum: Active,true
V5011R1026,2-WAY VALVES PN16 DN15 KVS1.6,Valves,Honeywell,V5011R1026,adet,USDTRY,232.29,0,0,20,,2-WAY VALVES PN16 DN15 KVS1.6,Grup: Field Devices | Alt kategori: Linear Valves | Menşei: DE | Durum: Active,true
V5011R1034,2-WAY VALVES PN16 DN15 KVS2.5,Valves,Honeywell,V5011R1034,adet,USDTRY,236.44,0,0,20,,2-WAY VALVES PN16 DN15 KVS2.5,Grup: Field Devices | Alt kategori: Linear Valves | Menşei: DE | Durum: Active,true
V5011R1042,2-WAY VALVES PN16 DN15 KVS4.0,Valves,Honeywell,V5011R1042,adet,USDTRY,225.03,0,0,20,,2-WAY VALVES PN16 DN15 KVS4.0,Grup: Field Devices | Alt kategori: Linear Valves | Menşei: DE | Durum: Active,true
V5011R1059,2-WAY VALVES PN16 DN20 KVS6.3,Valves,Honeywell,V5011R1059,adet,USDTRY,237.47,0,0,20,,2-WAY VALVES PN16 DN20 KVS6.3,Grup: Field Devices | Alt kategori: Linear Valves | Menşei: DE | Durum: Active,true
V5011R1067,2-WAY VALVES PN16 DN25 KVS10,Valves,Honeywell,V5011R1067,adet,USDTRY,255.00,0,0,20,,2-WAY VALVES PN16 DN25 KVS10,Grup: Field Devices | Alt kategori: Linear Valves | Menşei: DE | Durum: Active,true
V5011R1075,2-WAY VALVES PN16 DN32 KVS16,Valves,Honeywell,V5011R1075,adet,USDTRY,286.21,0,0,20,,2-WAY VALVES PN16 DN32 KVS16,Grup: Field Devices | Alt kategori: Linear Valves | Menşei: DE | Durum: Active,true
V5011R1083,2-WAY VALVES PN16 DN40 KVS25,Valves,Honeywell,V5011R1083,adet,USDTRY,341.17,0,0,20,,2-WAY VALVES PN16 DN40 KVS25,Grup: Field Devices | Alt kategori: Linear Valves | Menşei: DE | Durum: Active,true
V5011R1091,2-WAY VALVES PN16 DN50 KVS40,Valves,Honeywell,V5011R1091,adet,USDTRY,436.58,0,0,20,,2-WAY VALVES PN16 DN50 KVS40,Grup: Field Devices | Alt kategori: Linear Valves | Menşei: DE | Durum: Active,true
V5011S1021,"2-WAY VALVE, PN16, DN15, KVS 1,6",Genel,Honeywell,V5011S1021,adet,USDTRY,310.50,0,0,20,,"2-WAY VALVE, PN16, DN15, KVS 1,6",Grup: Field Devices | Menşei: DE | Durum: Phase Out Inprogress,false
V5011S1047,"2-WAY VALVE, PN16, DN15, KVS 4,0",Valves,Honeywell,V5011S1047,adet,USDTRY,257.18,0,0,20,,"2-WAY VALVE, PN16, DN15, KVS 4,0",Grup: Field Devices | Alt kategori: Linear Valves | Menşei: DE | Durum: Active,true
V5011S1054,"2-WAY VALVE, PN16, DN20, KVS 6,3",Valves,Honeywell,V5011S1054,adet,USDTRY,267.55,0,0,20,,"2-WAY VALVE, PN16, DN20, KVS 6,3",Grup: Field Devices | Alt kategori: Linear Valves | Menşei: DE | Durum: Active,true
V5011S1062,"2-WAY VALVE, PN16, DN25, KVS 10",Valves,Honeywell,V5011S1062,adet,USDTRY,291.40,0,0,20,,"2-WAY VALVE, PN16, DN25, KVS 10",Grup: Field Devices | Alt kategori: Linear Valves | Menşei: DE | Durum: Active,true
V5011S1070,"2-WAY VALVE, PN16, DN32, KVS 16",Valves,Honeywell,V5011S1070,adet,USDTRY,341.17,0,0,20,,"2-WAY VALVE, PN16, DN32, KVS 16",Grup: Field Devices | Alt kategori: Linear Valves | Menşei: DE | Durum: Active,true
V5011S1088,"2-WAY VALVE, PN16, DN40, KVS 25",Valves,Honeywell,V5011S1088,adet,USDTRY,422.06,0,0,20,,"2-WAY VALVE, PN16, DN40, KVS 25",Grup: Field Devices | Alt kategori: Linear Valves | Menşei: DE | Durum: Active,true
V5011S1096,"2-WAY VALVE, PN16, DN50, KVS 40",Valves,Honeywell,V5011S1096,adet,USDTRY,530.00,0,0,20,,"2-WAY VALVE, PN16, DN50, KVS 40",Grup: Field Devices | Alt kategori: Linear Valves | Menşei: DE | Durum: Active,true
V5013E1071,"3-WAY VALVE PN16 DN15 KVS 4,0 MALE",Genel,Honeywell,V5013E1071,adet,USDTRY,295.55,0,0,20,,"3-WAY VALVE PN16 DN15 KVS 4,0 MALE",Grup: Field Devices | Menşei: DE | Durum: Active,true
V5013E1089,"3-WAY VALVE PN16 DN20 KVS 6,3 MALE",Valves,Honeywell,V5013E1089,adet,USDTRY,255.10,0,0,20,,"3-WAY VALVE PN16 DN20 KVS 6,3 MALE",Grup: Field Devices | Alt kategori: Linear Valves | Menşei: DE | Durum: Active,true
V5013E1097,3-WAY VALVE PN16 DN25 KVS10,Valves,Honeywell,V5013E1097,adet,USDTRY,270.66,0,0,20,,3-WAY VALVE PN16 DN25 KVS10,Grup: Field Devices | Alt kategori: Linear Valves | Menşei: DE | Durum: Active,true
V5013E1105,3-WAY VALVE PN16 DN32 KVS16,Valves,Honeywell,V5013E1105,adet,USDTRY,270.00,0,0,20,,3-WAY VALVE PN16 DN32 KVS16,Grup: Field Devices | Alt kategori: Linear Valves | Menşei: DE | Durum: Active,true
V5013E1113,3-WAY VALVE PN16 DN40 KVS 25 MALE,Valves,Honeywell,V5013E1113,adet,USDTRY,302.80,0,0,20,,3-WAY VALVE PN16 DN40 KVS 25 MALE,Grup: Field Devices | Alt kategori: Linear Valves | Menşei: DE | Durum: Active,true
V5013E1121,3-WAY VALVE PN16 DN50 KVS 40 MALE,Valves,Honeywell,V5013E1121,adet,USDTRY,430.36,0,0,20,,3-WAY VALVE PN16 DN50 KVS 40 MALE,Grup: Field Devices | Alt kategori: Linear Valves | Menşei: DE | Durum: Active,true
V5013N1063/U,3 WAY GLOBE VALVE,Genel,Honeywell,V5013N1063/U,adet,USDTRY,316.29,0,0,20,,3 WAY GLOBE VALVE,Grup: Field Devices | Menşei: US | Durum: Active,true
V5013P1002,AHU 3WAY-11/4,Valves,Honeywell,V5013P1002,adet,USDTRY,215.70,0,0,20,,AHU 3WAY-11/4,Grup: Field Devices | Alt kategori: Linear Valves | Menşei: TW | Durum: Active,true
V5013P1010,AHU 3WAY-11/2,Valves,Honeywell,V5013P1010,adet,USDTRY,270.00,0,0,20,,AHU 3WAY-11/2,Grup: Field Devices | Alt kategori: Linear Valves | Menşei: TW | Durum: Active,true
V5013P1028,AHU 3WAY-2,Valves,Honeywell,V5013P1028,adet,USDTRY,306.95,0,0,20,,AHU 3WAY-2,Grup: Field Devices | Alt kategori: Linear Valves | Menşei: TW | Durum: Active,true
V5013R1032,3-WAY VALVES PN16 DN15 KVS 2.5 FEMALE,Valves,Honeywell,V5013R1032,adet,USDTRY,230.21,0,0,20,,3-WAY VALVES PN16 DN15 KVS 2.5 FEMALE,Grup: Field Devices | Alt kategori: Linear Valves | Menşei: DE | Durum: Active,true
V5013R1040,3-WAY VALVES PN16 DN15 KVS 4.0 FEMALE,Valves,Honeywell,V5013R1040,adet,USDTRY,233.33,0,0,20,,3-WAY VALVES PN16 DN15 KVS 4.0 FEMALE,Grup: Field Devices | Alt kategori: Linear Valves | Menşei: DE | Durum: Active,true
V5013R1057,3-WAY VALVES PN16 DN20 KVS 6.3 FEMALE,Valves,Honeywell,V5013R1057,adet,USDTRY,233.33,0,0,20,,3-WAY VALVES PN16 DN20 KVS 6.3 FEMALE,Grup: Field Devices | Alt kategori: Linear Valves | Menşei: DE | Durum: Active,true
V5013R1065,3-WAY VALVES PN16 DN25 KVS 10 FEMALE,Valves,Honeywell,V5013R1065,adet,USDTRY,233.32,0,0,20,,3-WAY VALVES PN16 DN25 KVS 10 FEMALE,Grup: Field Devices | Alt kategori: Linear Valves | Menşei: DE | Durum: Active,true
V5013R1073,3-WAY VALVES PN16 DN32 KVS 16 FEMALE,Valves,Honeywell,V5013R1073,adet,USDTRY,286.21,0,0,20,,3-WAY VALVES PN16 DN32 KVS 16 FEMALE,Grup: Field Devices | Alt kategori: Linear Valves | Menşei: DE | Durum: Active,true
V5013R1081,3-WAY VALVES PN16 DN40 KVS 25 FEMALE,Valves,Honeywell,V5013R1081,adet,USDTRY,337.02,0,0,20,,3-WAY VALVES PN16 DN40 KVS 25 FEMALE,Grup: Field Devices | Alt kategori: Linear Valves | Menşei: DE | Durum: Active,true
V5013R1099,3-WAY VALVES PN16 DN50 KVS 40 FEMALE,Valves,Honeywell,V5013R1099,adet,USDTRY,436.58,0,0,20,,3-WAY VALVES PN16 DN50 KVS 40 FEMALE,Grup: Field Devices | Alt kategori: Linear Valves | Menşei: DE | Durum: Active,true
V5015A1151,3-WAY VALVE PN6 DN100 KVS140,Valves,Honeywell,V5015A1151,adet,USDTRY,2063.63,0,0,20,,3-WAY VALVE PN6 DN100 KVS140,Grup: Field Devices | Alt kategori: Linear Valves | Menşei: DE | Durum: Active,true
V5015A1169,3-WAY VALVE PN6 DN125 KVS220,Genel,Honeywell,V5015A1169,adet,USDTRY,2955.45,0,0,20,,3-WAY VALVE PN6 DN125 KVS220,Grup: Field Devices | Menşei: DE | Durum: Active,true
V5016A1069,2-WAY VALVE PN16 DN15 KVS4,Genel,Honeywell,V5016A1069,adet,USDTRY,740.00,0,0,20,,2-WAY VALVE PN16 DN15 KVS4,Grup: Field Devices | Menşei: DE | Durum: Active,true
V5016A1077,"2-WAY VALVE PN16 DN20 KVS6,3",Valves,Honeywell,V5016A1077,adet,USDTRY,750.00,0,0,20,,"2-WAY VALVE PN16 DN20 KVS6,3",Grup: Field Devices | Alt kategori: Linear Valves | Menşei: DE | Durum: Active,true
V5016A1085,2-WAY VALVE PN16 DN25 KVS10,Valves,Honeywell,V5016A1085,adet,USDTRY,740.00,0,0,20,,2-WAY VALVE PN16 DN25 KVS10,Grup: Field Devices | Alt kategori: Linear Valves | Menşei: DE | Durum: Active,true
V5016A1093,2-WAY VALVE PN16 DN32 KVS16,Valves,Honeywell,V5016A1093,adet,USDTRY,922.93,0,0,20,,2-WAY VALVE PN16 DN32 KVS16,Grup: Field Devices | Alt kategori: Linear Valves | Menşei: DE | Durum: Active,true
V5016A1101,2-WAY VALVE PN16 DN40 KVS25,Valves,Honeywell,V5016A1101,adet,USDTRY,1230.00,0,0,20,,2-WAY VALVE PN16 DN40 KVS25,Grup: Field Devices | Alt kategori: Linear Valves | Menşei: DE | Durum: Active,true
V5016A1119,2-WAY VALVE PN16 DN50 KVS40,Valves,Honeywell,V5016A1119,adet,USDTRY,1370.00,0,0,20,,2-WAY VALVE PN16 DN50 KVS40,Grup: Field Devices | Alt kategori: Linear Valves | Menşei: DE | Durum: Active,true
V5016A1127,2-WAY VALVE PN16 DN65 KVS63,Valves,Honeywell,V5016A1127,adet,USDTRY,1670.00,0,0,20,,2-WAY VALVE PN16 DN65 KVS63,Grup: Field Devices | Alt kategori: Linear Valves | Menşei: DE | Durum: Active,true
V5016A1135,2-WAY VALVE PN16 DN80 KVS100,Valves,Honeywell,V5016A1135,adet,USDTRY,2229.55,0,0,20,,2-WAY VALVE PN16 DN80 KVS100,Grup: Field Devices | Alt kategori: Linear Valves | Menşei: DE | Durum: Active,true
V5016A1143,2-WAY VALVE PN16 DN100 KVS160,Valves,Honeywell,V5016A1143,adet,USDTRY,2675.00,0,0,20,,2-WAY VALVE PN16 DN100 KVS160,Grup: Field Devices | Alt kategori: Linear Valves | Menşei: DE | Durum: Active,true
V5016A1150,2-WAY VALVE PN16 DN125 KVS250,Valves,Honeywell,V5016A1150,adet,USDTRY,4225.78,0,0,20,,2-WAY VALVE PN16 DN125 KVS250,Grup: Field Devices | Alt kategori: Linear Valves | Menşei: DE | Durum: Active,true
V5016A1168,2-WAY VALVE PN16 DN150 KVS360,Valves,Honeywell,V5016A1168,adet,USDTRY,4350.00,0,0,20,,2-WAY VALVE PN16 DN150 KVS360,Grup: Field Devices | Alt kategori: Linear Valves | Menşei: DE | Durum: Active,true
V5025A1027,"2 WAY VALVE PN25 DN15 KVS0,63",Genel,Honeywell,V5025A1027,adet,USDTRY,912.56,0,0,20,,"2 WAY VALVE PN25 DN15 KVS0,63",Grup: Field Devices | Menşei: DE | Durum: Active,true
V5025A1035,2-WAY VALVE PN25 DN15 KVS1,Genel,Honeywell,V5025A1035,adet,USDTRY,912.56,0,0,20,,2-WAY VALVE PN25 DN15 KVS1,Grup: Field Devices | Menşei: DE | Durum: Active,true
V5025A1050,"2-WAY VALVE PN25 DN15 KVS2,5",Genel,Honeywell,V5025A1050,adet,USDTRY,912.56,0,0,20,,"2-WAY VALVE PN25 DN15 KVS2,5",Grup: Field Devices | Menşei: DE | Durum: Active,true
V5025A1084,2-WAY VALVE PN25 DN25 KVS10,Valves,Honeywell,V5025A1084,adet,USDTRY,1040.00,0,0,20,,2-WAY VALVE PN25 DN25 KVS10,Grup: Field Devices | Alt kategori: Linear Valves | Menşei: DE | Durum: Active,true
V5025A1092,2-WAY VALVE PN25 DN32 KVS16,Valves,Honeywell,V5025A1092,adet,USDTRY,1171.81,0,0,20,,2-WAY VALVE PN25 DN32 KVS16,Grup: Field Devices | Alt kategori: Linear Valves | Menşei: DE | Durum: Active,true
V5025A1100,2-WAY VALVE PN25 DN40 KVS25,Valves,Honeywell,V5025A1100,adet,USDTRY,1462.17,0,0,20,,2-WAY VALVE PN25 DN40 KVS25,Grup: Field Devices | Alt kategori: Linear Valves | Menşei: DE | Durum: Active,true
V5025A1118,2-WAY VALVE PN25 DN50 KVS40,Valves,Honeywell,V5025A1118,adet,USDTRY,1451.80,0,0,20,,2-WAY VALVE PN25 DN50 KVS40,Grup: Field Devices | Alt kategori: Linear Valves | Menşei: DE | Durum: Active,true
V5025A1126,2-WAY VALVE PN25 DN65 KVS63,Valves,Honeywell,V5025A1126,adet,USDTRY,1890.00,0,0,20,,2-WAY VALVE PN25 DN65 KVS63,Grup: Field Devices | Alt kategori: Linear Valves | Menşei: DE | Durum: Active,true
V5025A1134,2-WAY VALVE PN25 DN80 KVS100,Valves,Honeywell,V5025A1134,adet,USDTRY,2500.00,0,0,20,,2-WAY VALVE PN25 DN80 KVS100,Grup: Field Devices | Alt kategori: Linear Valves | Menşei: DE | Durum: Active,true
V5025A1142,2-WAY VALVE PN25 DN100 KVS160,Valves,Honeywell,V5025A1142,adet,USDTRY,2675.00,0,0,20,,2-WAY VALVE PN25 DN100 KVS160,Grup: Field Devices | Alt kategori: Linear Valves | Menşei: DE | Durum: Active,true
V5025A1159,2-WAY VALVE PN25 DN125 KVS250,Genel,Honeywell,V5025A1159,adet,USDTRY,4375.00,0,0,20,,2-WAY VALVE PN25 DN125 KVS250,Grup: Field Devices | Menşei: DE | Durum: Active,true
V5025A1167,2-WAY VALVE PN25 DN150 KVS360,Genel,Honeywell,V5025A1167,adet,USDTRY,5300.00,0,0,20,,2-WAY VALVE PN25 DN150 KVS360,Grup: Field Devices | Menşei: DE | Durum: Phase Out Inprogress,false
V5050A1090,3-WAY VALVE PN16 DN100 KVS160,Valves,Honeywell,V5050A1090,adet,USDTRY,3700.00,0,0,20,,3-WAY VALVE PN16 DN100 KVS160,Grup: Field Devices | Alt kategori: Linear Valves | Menşei: DE | Durum: Active,true
V5050A1108,3-WAY VALVE PN16 DN125 KVS250,Valves,Honeywell,V5050A1108,adet,USDTRY,5600.00,0,0,20,,3-WAY VALVE PN16 DN125 KVS250,Grup: Field Devices | Alt kategori: Linear Valves | Menşei: DE | Durum: Active,true
V5050A1116,3-WAY VALVE PN16 DN150 KVS360,Valves,Honeywell,V5050A1116,adet,USDTRY,5910.90,0,0,20,,3-WAY VALVE PN16 DN150 KVS360,Grup: Field Devices | Alt kategori: Linear Valves | Menşei: DE | Durum: Active,true
V5050A1124,"3-WAY VALVE PN25/40 DN15 KVS2,5",Genel,Honeywell,V5050A1124,adet,USDTRY,2333.25,0,0,20,,"3-WAY VALVE PN25/40 DN15 KVS2,5",Grup: Field Devices | Menşei: DE | Durum: Active,true
V5050A1140,"3-WAY VALVE PN25/40 DN20 KVS6,3",Genel,Honeywell,V5050A1140,adet,USDTRY,2700.00,0,0,20,,"3-WAY VALVE PN25/40 DN20 KVS6,3",Grup: Field Devices | Menşei: DE | Durum: Active,true
V5050A1157,3-WAY VALVE PN25/40 DN25 KVS10,Genel,Honeywell,V5050A1157,adet,USDTRY,2307.32,0,0,20,,3-WAY VALVE PN25/40 DN25 KVS10,Grup: Field Devices | Menşei: DE | Durum: Active,true
V5050A1165,3-WAY VALVE PN25/40 DN32 KVS16,Genel,Honeywell,V5050A1165,adet,USDTRY,2575.00,0,0,20,,3-WAY VALVE PN25/40 DN32 KVS16,Grup: Field Devices | Menşei: DE | Durum: Active,true
V5050A1181,3-WAY VALVE PN25/40 DN50 KVS40,Genel,Honeywell,V5050A1181,adet,USDTRY,4050.00,0,0,20,,3-WAY VALVE PN25/40 DN50 KVS40,Grup: Field Devices | Menşei: DE | Durum: Active,true
V5050A1207,3-WAY VALVE PN25/40 DN80 KVS100,Genel,Honeywell,V5050A1207,adet,USDTRY,6800.00,0,0,20,,3-WAY VALVE PN25/40 DN80 KVS100,Grup: Field Devices | Menşei: DE | Durum: Active,true
V5050A1215,3-WAY VALVE PN25/40 DN100 KVS160,Genel,Honeywell,V5050A1215,adet,USDTRY,9400.00,0,0,20,,3-WAY VALVE PN25/40 DN100 KVS160,Grup: Field Devices | Menşei: DE | Durum: Active,true
V5050A2088,3-WAY VALVES,Valves,Honeywell,V5050A2088,adet,USDTRY,1500.00,0,0,20,,3-WAY VALVES,Grup: Field Devices | Alt kategori: Linear Valves | Menşei: TW | Durum: Active,true
V5050A2106,AHU3WAY-5 INCHES,Valves,Honeywell,V5050A2106,adet,USDTRY,2333.25,0,0,20,,AHU3WAY-5 INCHES,Grup: Field Devices | Alt kategori: Linear Valves | Menşei: TW | Durum: Active,true
V5050A2114,3 WAY VALVE-6,Valves,Honeywell,V5050A2114,adet,USDTRY,3125.00,0,0,20,,3 WAY VALVE-6,Grup: Field Devices | Alt kategori: Linear Valves | Menşei: TW | Durum: Active,true
V5050B1064,3-WAY VALVE PN16 DN100 KVS160,Genel,Honeywell,V5050B1064,adet,USDTRY,4600.00,0,0,20,,3-WAY VALVE PN16 DN100 KVS160,Grup: Field Devices | Menşei: DE | Durum: Active,true
V5050B1072,3-WAY VALVE PN16 DN125 KVS250,Genel,Honeywell,V5050B1072,adet,USDTRY,6300.00,0,0,20,,3-WAY VALVE PN16 DN125 KVS250,Grup: Field Devices | Menşei: DE | Durum: Active,true
V5050B1080,3-WAY VALVE PN16 DN150 KVS360,Genel,Honeywell,V5050B1080,adet,USDTRY,7155.30,0,0,20,,3-WAY VALVE PN16 DN150 KVS360,Grup: Field Devices | Menşei: DE | Durum: Active,true
V5078B1013,"3-WAY VALVE 3/4"" KVS3.3 FEMALE",Valves,Honeywell,V5078B1013,adet,USDTRY,345.32,0,0,20,,"3-WAY VALVE 3/4"" KVS3.3 FEMALE",Grup: Field Devices | Alt kategori: Linear Valves | Menşei: DE | Durum: Active,true
V5078B1021,"3-WAY VALVE 1"" KVS5.0 FEMALE T",Genel,Honeywell,V5078B1021,adet,USDTRY,470.00,0,0,20,,"3-WAY VALVE 1"" KVS5.0 FEMALE T",Grup: Field Devices | Menşei: DE | Durum: Not for sale,false
V5078B1047,"3-WAY VALVE 11/2"" KVS11.0 FEMA",Genel,Honeywell,V5078B1047,adet,USDTRY,820.00,0,0,20,,"3-WAY VALVE 11/2"" KVS11.0 FEMA",Grup: Field Devices | Menşei: DE | Durum: Active,true
V5078B1054,"3-WAY VALVE 2"" KVS13.0 FEMALE",Genel,Honeywell,V5078B1054,adet,USDTRY,902.19,0,0,20,,"3-WAY VALVE 2"" KVS13.0 FEMALE",Grup: Field Devices | Menşei: DE | Durum: Active,true
V5088A2003,"""2-way, 4"""" (DN100), Application Steam,",Genel,Honeywell,V5088A2003,adet,USDTRY,2550.00,0,0,20,,"""2-way, 4"""" (DN100), Application Steam,",Grup: Field Devices | Menşei: TW | Durum: Active,true
V5088A2011,"2-way, 5"" (DN125), Appln Steam PN16",Genel,Honeywell,V5088A2011,adet,USDTRY,3033.22,0,0,20,,"2-way, 5"" (DN125), Appln Steam PN16",Grup: Field Devices | Menşei: CN | Durum: Active,true
V5088A2029,"""2-way, 6"""" (DN150), Application Steam,",Genel,Honeywell,V5088A2029,adet,USDTRY,3800.00,0,0,20,,"""2-way, 6"""" (DN150), Application Steam,",Grup: Field Devices | Menşei: TW | Durum: Active,true
V5211F1004,2-WAY 65MM AHU VALVE HWL TW01,Valves,Honeywell,V5211F1004,adet,USDTRY,860.71,0,0,20,,2-WAY 65MM AHU VALVE HWL TW01,Grup: Field Devices | Alt kategori: Linear Valves | Menşei: TW | Durum: Active,true
V5211F1012,s-WAY 80MM AHU VALVE HWL TW01,Valves,Honeywell,V5211F1012,adet,USDTRY,1120.00,0,0,20,,s-WAY 80MM AHU VALVE HWL TW01,Grup: Field Devices | Alt kategori: Linear Valves | Menşei: TW | Durum: Active,true
V5211F2002,"STEAM VALVES 2-WAY, 2 1/2"" (DN65)",Genel,Honeywell,V5211F2002,adet,USDTRY,933.30,0,0,20,,"STEAM VALVES 2-WAY, 2 1/2"" (DN65)",Grup: Field Devices | Menşei: TW | Durum: Active,true
V5328A1039,2-WAY VALVE PN16 DN15 KVS4,Valves,Honeywell,V5328A1039,adet,USDTRY,570.35,0,0,20,,2-WAY VALVE PN16 DN15 KVS4,Grup: Field Devices | Alt kategori: Linear Valves | Menşei: DE | Durum: Active,true
V5328A1047,2-WAY VALVE PN16 DN20 KVS4,Valves,Honeywell,V5328A1047,adet,USDTRY,580.72,0,0,20,,2-WAY VALVE PN16 DN20 KVS4,Grup: Field Devices | Alt kategori: Linear Valves | Menşei: DE | Durum: Active,true
V5328A1054,"2-WAY VALVE PN16 DN20 KVS6,3",Valves,Honeywell,V5328A1054,adet,USDTRY,560.00,0,0,20,,"2-WAY VALVE PN16 DN20 KVS6,3",Grup: Field Devices | Alt kategori: Linear Valves | Menşei: DE | Durum: Active,true
V5328A1062,2-WAY VALVE PN16 DN25 KVS10,Valves,Honeywell,V5328A1062,adet,USDTRY,570.35,0,0,20,,2-WAY VALVE PN16 DN25 KVS10,Grup: Field Devices | Alt kategori: Linear Valves | Menşei: DE | Durum: Active,true
V5328A1070,2-WAY VALVE PN16 DN32 KVS16,Valves,Honeywell,V5328A1070,adet,USDTRY,684.42,0,0,20,,2-WAY VALVE PN16 DN32 KVS16,Grup: Field Devices | Alt kategori: Linear Valves | Menşei: DE | Durum: Active,true
V5328A1088,2-WAY VALVE PN16 DN40 KVS25,Valves,Honeywell,V5328A1088,adet,USDTRY,860.71,0,0,20,,2-WAY VALVE PN16 DN40 KVS25,Grup: Field Devices | Alt kategori: Linear Valves | Menşei: DE | Durum: Active,true
V5328A1096,2-WAY VALVE PN16 DN50 KVS40,Valves,Honeywell,V5328A1096,adet,USDTRY,1060.00,0,0,20,,2-WAY VALVE PN16 DN50 KVS40,Grup: Field Devices | Alt kategori: Linear Valves | Menşei: DE | Durum: Active,true
V5328A1104,2-WAY VALVE PN16 DN65 KVS63,Valves,Honeywell,V5328A1104,adet,USDTRY,1100.00,0,0,20,,2-WAY VALVE PN16 DN65 KVS63,Grup: Field Devices | Alt kategori: Linear Valves | Menşei: DE | Durum: Active,true
V5328A1112,2-WAY VALVE PN16 DN80 KVS100,Valves,Honeywell,V5328A1112,adet,USDTRY,1640.00,0,0,20,,2-WAY VALVE PN16 DN80 KVS100,Grup: Field Devices | Alt kategori: Linear Valves | Menşei: DE | Durum: Active,true
V5328A1146,"2-WAY VALVE PN16 DN15 KVS0,4",Genel,Honeywell,V5328A1146,adet,USDTRY,580.72,0,0,20,,"2-WAY VALVE PN16 DN15 KVS0,4",Grup: Field Devices | Menşei: DE | Durum: Active,true
V5328A1153,"2-WAY VALVE PN16 DN15 KVS0,63",Valves,Honeywell,V5328A1153,adet,USDTRY,560.00,0,0,20,,"2-WAY VALVE PN16 DN15 KVS0,63",Grup: Field Devices | Alt kategori: Linear Valves | Menşei: DE | Durum: Active,true
V5328A1195,2-WAY VALVE PN16 DN100 KVS160,Valves,Honeywell,V5328A1195,adet,USDTRY,2725.00,0,0,20,,2-WAY VALVE PN16 DN100 KVS160,Grup: Field Devices | Alt kategori: Linear Valves | Menşei: DE | Durum: Active,true
V5328A1203,2-WAY VALVE PN16 DN125 KVS250,Valves,Honeywell,V5328A1203,adet,USDTRY,3800.00,0,0,20,,2-WAY VALVE PN16 DN125 KVS250,Grup: Field Devices | Alt kategori: Linear Valves | Menşei: DE | Durum: Active,true
V5328A1211,2-WAY VALVE PN16 DN150 KVS360,Valves,Honeywell,V5328A1211,adet,USDTRY,3975.00,0,0,20,,2-WAY VALVE PN16 DN150 KVS360,Grup: Field Devices | Alt kategori: Linear Valves | Menşei: DE | Durum: Active,true
V5328A2003,"2"" DN50 Appln Steam Flange PN16 CI Body",Genel,Honeywell,V5328A2003,adet,USDTRY,1171.81,0,0,20,,"2"" DN50 Appln Steam Flange PN16 CI Body",Grup: Field Devices | Menşei: CN | Durum: Active,true
V5328A2011,"""2-way, 2 1/2"""" (DN65), Application Stea",Valves,Honeywell,V5328A2011,adet,USDTRY,1280.00,0,0,20,,"""2-way, 2 1/2"""" (DN65), Application Stea",Grup: Field Devices | Alt kategori: Linear Valves | Menşei: TW | Durum: Active,true
V5328A2029,"3""DN80 Apln Steam FlngPN16 CastIron GG25",Genel,Honeywell,V5328A2029,adet,USDTRY,1390.00,0,0,20,,"3""DN80 Apln Steam FlngPN16 CastIron GG25",Grup: Field Devices | Menşei: TW | Durum: Active,true
V5329A1004,"3-WAY VALVE PN16 DN15 KVS2,5",Genel,Honeywell,V5329A1004,adet,USDTRY,705.16,0,0,20,,"3-WAY VALVE PN16 DN15 KVS2,5",Grup: Field Devices | Menşei: DE | Durum: Active,true
V5329A1012,3-WAY VALVE PN16 DN15 KVS4,Genel,Honeywell,V5329A1012,adet,USDTRY,705.16,0,0,20,,3-WAY VALVE PN16 DN15 KVS4,Grup: Field Devices | Menşei: DE | Durum: Active,true
V5329A1020,"3-WAY VALVE PN16 DN20 KVS6,3",Valves,Honeywell,V5329A1020,adet,USDTRY,715.53,0,0,20,,"3-WAY VALVE PN16 DN20 KVS6,3",Grup: Field Devices | Alt kategori: Linear Valves | Menşei: DE | Durum: Active,true
V5329A1038,3-WAY VALVE PN16 DN25 KVS10,Valves,Honeywell,V5329A1038,adet,USDTRY,705.16,0,0,20,,3-WAY VALVE PN16 DN25 KVS10,Grup: Field Devices | Alt kategori: Linear Valves | Menşei: DE | Durum: Active,true
V5329A1046,3-WAY VALVE PN16 DN32 KVS16,Valves,Honeywell,V5329A1046,adet,USDTRY,810.00,0,0,20,,3-WAY VALVE PN16 DN32 KVS16,Grup: Field Devices | Alt kategori: Linear Valves | Menşei: DE | Durum: Active,true
V5329A1053,3-WAY VALVE PN16 DN40 KVS25,Valves,Honeywell,V5329A1053,adet,USDTRY,1050.00,0,0,20,,3-WAY VALVE PN16 DN40 KVS25,Grup: Field Devices | Alt kategori: Linear Valves | Menşei: DE | Durum: Active,true
V5329A1061,3-WAY VALVE PN16 DN50 KVS40,Valves,Honeywell,V5329A1061,adet,USDTRY,1213.29,0,0,20,,3-WAY VALVE PN16 DN50 KVS40,Grup: Field Devices | Alt kategori: Linear Valves | Menşei: DE | Durum: Active,true
V5329A1079,3-WAY VALVE PN16 DN65 KVS63,Valves,Honeywell,V5329A1079,adet,USDTRY,1451.80,0,0,20,,3-WAY VALVE PN16 DN65 KVS63,Grup: Field Devices | Alt kategori: Linear Valves | Menşei: DE | Durum: Active,true
V5329A1087,3-WAY VALVE PN16 DN80 KVS100,Valves,Honeywell,V5329A1087,adet,USDTRY,2125.85,0,0,20,,3-WAY VALVE PN16 DN80 KVS100,Grup: Field Devices | Alt kategori: Linear Valves | Menşei: DE | Durum: Active,true
V5329C1000,"3-WAY VALVE PN6 DN15 KVS2,5",Genel,Honeywell,V5329C1000,adet,USDTRY,653.31,0,0,20,,"3-WAY VALVE PN6 DN15 KVS2,5",Grup: Field Devices | Menşei: DE | Durum: Active,true
V5329C1018,3-WAY VALVE PN6 DN15 KVS4,Genel,Honeywell,V5329C1018,adet,USDTRY,653.31,0,0,20,,3-WAY VALVE PN6 DN15 KVS4,Grup: Field Devices | Menşei: DE | Durum: Active,true
V5329C1026,"3-WAY VALVE PN6 DN20 KVS6,3",Genel,Honeywell,V5329C1026,adet,USDTRY,653.31,0,0,20,,"3-WAY VALVE PN6 DN20 KVS6,3",Grup: Field Devices | Menşei: DE | Durum: Active,true
V5329C1034,3-WAY VALVE PN6 DN25 KVS10,Valves,Honeywell,V5329C1034,adet,USDTRY,642.94,0,0,20,,3-WAY VALVE PN6 DN25 KVS10,Grup: Field Devices | Alt kategori: Linear Valves | Menşei: DE | Durum: Active,true
V5329C1042,3-WAY VALVE PN6 DN32 KVS16,Genel,Honeywell,V5329C1042,adet,USDTRY,663.68,0,0,20,,3-WAY VALVE PN6 DN32 KVS16,Grup: Field Devices | Menşei: DE | Durum: Active,true
V5329C1059,3-WAY VALVE PN6 DN40 KVS25,Valves,Honeywell,V5329C1059,adet,USDTRY,725.90,0,0,20,,3-WAY VALVE PN6 DN40 KVS25,Grup: Field Devices | Alt kategori: Linear Valves | Menşei: DE | Durum: Active,true
V5329C1067,3-WAY VALVE PN6 DN50 KVS40,Valves,Honeywell,V5329C1067,adet,USDTRY,830.00,0,0,20,,3-WAY VALVE PN6 DN50 KVS40,Grup: Field Devices | Alt kategori: Linear Valves | Menşei: DE | Durum: Active,true
V5329C1075,3-WAY VALVE PN6 DN65 KVS63,Valves,Honeywell,V5329C1075,adet,USDTRY,933.30,0,0,20,,3-WAY VALVE PN6 DN65 KVS63,Grup: Field Devices | Alt kategori: Linear Valves | Menşei: DE | Durum: Active,true
V5329C1083,3-WAY VALVE PN6 DN80 KVS100,Valves,Honeywell,V5329C1083,adet,USDTRY,1270.00,0,0,20,,3-WAY VALVE PN6 DN80 KVS100,Grup: Field Devices | Alt kategori: Linear Valves | Menşei: DE | Durum: Active,true
V5421B1009,CENTRIC BUTTERFLY VALVE DN25,Genel,Honeywell,V5421B1009,adet,USDTRY,495.69,0,0,20,,CENTRIC BUTTERFLY VALVE DN25,Grup: Field Devices | Menşei: DE | Durum: Active,true
V5421B1025,CENTRIC BUTTERFLY VALVE DN40,Valves,Honeywell,V5421B1025,adet,USDTRY,510.00,0,0,20,,CENTRIC BUTTERFLY VALVE DN40,Grup: Field Devices | Alt kategori: Manual valves | Menşei: DE | Durum: Active,true
V5421B1033,CENTRIC BUTTERFLY VALVE DN50,Valves,Honeywell,V5421B1033,adet,USDTRY,570.35,0,0,20,,CENTRIC BUTTERFLY VALVE DN50,Grup: Field Devices | Alt kategori: Manual valves | Menşei: DE | Durum: Active,true
V5421B1041,CENTRIC BUTTERFLY VALVE DN65,Valves,Honeywell,V5421B1041,adet,USDTRY,591.09,0,0,20,,CENTRIC BUTTERFLY VALVE DN65,Grup: Field Devices | Alt kategori: Manual valves | Menşei: DE | Durum: Active,true
V5421B1058,CENTRIC BUTTERFLY VALVE DN80,Valves,Honeywell,V5421B1058,adet,USDTRY,653.31,0,0,20,,CENTRIC BUTTERFLY VALVE DN80,Grup: Field Devices | Alt kategori: Manual valves | Menşei: DE | Durum: Active,true
V5421B1066,CENTRIC BUTTERFLY VALVE DN100,Valves,Honeywell,V5421B1066,adet,USDTRY,705.16,0,0,20,,CENTRIC BUTTERFLY VALVE DN100,Grup: Field Devices | Alt kategori: Manual valves | Menşei: DE | Durum: Active,true
V5421B1074,CENTRIC BUTTERFLY VALVE DN125,Valves,Honeywell,V5421B1074,adet,USDTRY,800.00,0,0,20,,CENTRIC BUTTERFLY VALVE DN125,Grup: Field Devices | Alt kategori: Manual valves | Menşei: DE | Durum: Active,true
V5421B1082,CENTRIC BUTTERFLY VALVE DN150,Valves,Honeywell,V5421B1082,adet,USDTRY,943.67,0,0,20,,CENTRIC BUTTERFLY VALVE DN150,Grup: Field Devices | Alt kategori: Manual valves | Menşei: DE | Durum: Active,true
V5421B1090,CENTRIC BUTTERFLY VALVE DN200,Valves,Honeywell,V5421B1090,adet,USDTRY,1310.00,0,0,20,,CENTRIC BUTTERFLY VALVE DN200,Grup: Field Devices | Alt kategori: Manual valves | Menşei: DE | Durum: Active,true
V5422E1001,DN250 BUTTERFL.VALVE W.ACTUAT.,Genel,Honeywell,V5422E1001,adet,USDTRY,10300.00,0,0,20,,DN250 BUTTERFL.VALVE W.ACTUAT.,Grup: Field Devices | Menşei: DE | Durum: Active,true
V5422L1006,DN250 BUTTERFL.VALVE W.ACTUAT.,Genel,Honeywell,V5422L1006,adet,USDTRY,9900.00,0,0,20,,DN250 BUTTERFL.VALVE W.ACTUAT.,Grup: Field Devices | Menşei: DE | Durum: Active,true
V5422L1014,DN300 BUTTERFL.VALVE W.ACTUAT.,Genel,Honeywell,V5422L1014,adet,USDTRY,11510.70,0,0,20,,DN300 BUTTERFL.VALVE W.ACTUAT.,Grup: Field Devices | Menşei: DE | Durum: Active,true
V5431A1025,3W ROT.VALVE DN015 STRA.INT.TH,Genel,Honeywell,V5431A1025,adet,USDTRY,375.39,0,0,20,,3W ROT.VALVE DN015 STRA.INT.TH,Grup: Field Devices | Menşei: DE | Durum: Active,true
V5431A1033,3W ROT.VALVE DN020 STRA.INT.TH,Genel,Honeywell,V5431A1033,adet,USDTRY,207.40,0,0,20,,3W ROT.VALVE DN020 STRA.INT.TH,Grup: Field Devices | Menşei: DE | Durum: Active,true
V5431A1041,3W ROT.VALVE DN025 STRA.INT.TH,Genel,Honeywell,V5431A1041,adet,USDTRY,180.44,0,0,20,,3W ROT.VALVE DN025 STRA.INT.TH,Grup: Field Devices | Menşei: DE | Durum: Active,true
V5431A1066,3W ROT.VALVE DN040 STRA.INT.TH,Valves,Honeywell,V5431A1066,adet,USDTRY,395.00,0,0,20,,3W ROT.VALVE DN040 STRA.INT.TH,Grup: Field Devices | Alt kategori: Rotary Valves | Menşei: DE | Durum: Active,true
V5431F1032,3W ROT.VALVE DN020 STRA.FLANGE,Genel,Honeywell,V5431F1032,adet,USDTRY,540.00,0,0,20,,3W ROT.VALVE DN020 STRA.FLANGE,Grup: Field Devices | Menşei: DE | Durum: Active,true
V5431F1040,3W ROT.VALVE DN025 STRA.FLANGE,Genel,Honeywell,V5431F1040,adet,USDTRY,495.00,0,0,20,,3W ROT.VALVE DN025 STRA.FLANGE,Grup: Field Devices | Menşei: DE | Durum: Active,true
V5431F1057,3W ROT.VALVE DN032 STRA.FLANGE,Genel,Honeywell,V5431F1057,adet,USDTRY,550.00,0,0,20,,3W ROT.VALVE DN032 STRA.FLANGE,Grup: Field Devices | Menşei: DE | Durum: Active,true
V5431F1065,3W ROT.VALVE DN040 STRA.FLANGE,Valves,Honeywell,V5431F1065,adet,USDTRY,440.72,0,0,20,,3W ROT.VALVE DN040 STRA.FLANGE,Grup: Field Devices | Alt kategori: Rotary Valves | Menşei: DE | Durum: Active,true
V5431F1073,3W ROT.VALVE DN050 STRA.FLANGE,Valves,Honeywell,V5431F1073,adet,USDTRY,507.09,0,0,20,,3W ROT.VALVE DN050 STRA.FLANGE,Grup: Field Devices | Alt kategori: Rotary Valves | Menşei: DE | Durum: Active,true
V5431F1081,3W ROT.VALVE DN065 STRA.FLANGE,Valves,Honeywell,V5431F1081,adet,USDTRY,642.94,0,0,20,,3W ROT.VALVE DN065 STRA.FLANGE,Grup: Field Devices | Alt kategori: Rotary Valves | Menşei: DE | Durum: Active,true
V5431F1099,3W ROT.VALVE DN080 STRA.FLANGE,Valves,Honeywell,V5431F1099,adet,USDTRY,1182.18,0,0,20,,3W ROT.VALVE DN080 STRA.FLANGE,Grup: Field Devices | Alt kategori: Rotary Valves | Menşei: DE | Durum: Active,true
V5431F1107,3W ROT.VALVE DN100 STRA.FLANGE,Valves,Honeywell,V5431F1107,adet,USDTRY,1630.00,0,0,20,,3W ROT.VALVE DN100 STRA.FLANGE,Grup: Field Devices | Alt kategori: Rotary Valves | Menşei: DE | Durum: Active,true
V5431F1115,3W ROT.VALVE DN125 STRA.FLANGE,Valves,Honeywell,V5431F1115,adet,USDTRY,3200.00,0,0,20,,3W ROT.VALVE DN125 STRA.FLANGE,Grup: Field Devices | Alt kategori: Rotary Valves | Menşei: DE | Durum: Active,true
V5431F1123,3W.ROT.VALVE DN150 STRA.FLANGE,Valves,Honeywell,V5431F1123,adet,USDTRY,4100.00,0,0,20,,3W.ROT.VALVE DN150 STRA.FLANGE,Grup: Field Devices | Alt kategori: Rotary Valves | Menşei: DE | Durum: Active,true
V582-15-0.6-F,"V582-15-0.6-F 6.5MM PN16 KVS 0,63 2P FLA",Genel,Honeywell,V582-15-0.6-F,adet,USDTRY,46.66,0,0,20,,"V582-15-0.6-F 6.5MM PN16 KVS 0,63 2P FLA",Grup: Field Devices | Menşei: DE | Durum: Not for sale,false
V5822A1022,"2-WAY VALVES PN16 DN15 KVS 0,4",Genel,Honeywell,V5822A1022,adet,USDTRY,59.11,0,0,20,,"2-WAY VALVES PN16 DN15 KVS 0,4",Grup: Field Devices | Menşei: DE | Durum: Active,true
V5822A1048,"2-WAY VALVES PN16 DN15 KVS 1,0",Valves,Honeywell,V5822A1048,adet,USDTRY,56.00,0,0,20,,"2-WAY VALVES PN16 DN15 KVS 1,0",Grup: Field Devices | Alt kategori: Linear Valves | Menşei: DE | Durum: Active,true
V5822A1055,"2-WAY VALVES PN16 DN15 KVS 1,6",Genel,Honeywell,V5822A1055,adet,USDTRY,56.00,0,0,20,,"2-WAY VALVES PN16 DN15 KVS 1,6",Grup: Field Devices | Menşei: DE | Durum: Active,true
V5822A1063,"2-WAY VALVES PN16 DN20 KVS 2,5",Valves,Honeywell,V5822A1063,adet,USDTRY,92.29,0,0,20,,"2-WAY VALVES PN16 DN20 KVS 2,5",Grup: Field Devices | Alt kategori: Linear Valves | Menşei: DE | Durum: Active,true
V5822A1071,"2-WAY VALVES PN16 DN20 KVS 4,0",Valves,Honeywell,V5822A1071,adet,USDTRY,94.37,0,0,20,,"2-WAY VALVES PN16 DN20 KVS 4,0",Grup: Field Devices | Alt kategori: Linear Valves | Menşei: DE | Durum: Active,true
V5822A4000,"2-WAY VALVES PN16 DN15 ON-OFF KVS 1,6",Genel,Honeywell,V5822A4000,adet,USDTRY,38.50,0,0,20,,"2-WAY VALVES PN16 DN15 ON-OFF KVS 1,6",Grup: Field Devices | Menşei: DE | Durum: Active,true
V5822A4018,2-WAY VALVE PN16 DN20 ON-OFF,Genel,Honeywell,V5822A4018,adet,USDTRY,57.03,0,0,20,,2-WAY VALVE PN16 DN20 ON-OFF,Grup: Field Devices | Menşei: DE | Durum: Active,true
V5823A2045,"3-WAY VALVES PN16 DN15 KVS 1,6",Genel,Honeywell,V5823A2045,adet,USDTRY,90.22,0,0,20,,"3-WAY VALVES PN16 DN15 KVS 1,6",Grup: Field Devices | Menşei: DE | Durum: Active,true
V5823A2052,"3-WAY VALVES PN16 DN20 KVS 2,5",Genel,Honeywell,V5823A2052,adet,USDTRY,125.48,0,0,20,,"3-WAY VALVES PN16 DN20 KVS 2,5",Grup: Field Devices | Menşei: DE | Durum: Active,true
V5823A2060,"3-WAY VALVES PN16 DN20 KVS 4,0",Genel,Honeywell,V5823A2060,adet,USDTRY,143.11,0,0,20,,"3-WAY VALVES PN16 DN20 KVS 4,0",Grup: Field Devices | Menşei: DE | Durum: Active,true
V5823A2169,"3-WAY VALVES PN16 DN20 KVS 4,0",Valves,Honeywell,V5823A2169,adet,USDTRY,138.96,0,0,20,,"3-WAY VALVES PN16 DN20 KVS 4,0",Grup: Field Devices | Alt kategori: Linear Valves | Menşei: DE | Durum: Active,true
V5823A4017,"3-WAY VALVES PN16 DN20 ON-OFF KVS 2,5",Genel,Honeywell,V5823A4017,adet,USDTRY,89.18,0,0,20,,"3-WAY VALVES PN16 DN20 ON-OFF KVS 2,5",Grup: Field Devices | Menşei: DE | Durum: Active,true
V5823C4005,3-WAY VALVES+BYP PN16 DN15 ON-OFF (BP50),Genel,Honeywell,V5823C4005,adet,USDTRY,72.59,0,0,20,,3-WAY VALVES+BYP PN16 DN15 ON-OFF (BP50),Grup: Field Devices | Menşei: DE | Durum: Active,true
V5823C4013,3WV+BYP PN16 DN20 ON-OFF,Genel,Honeywell,V5823C4013,adet,USDTRY,93.33,0,0,20,,3WV+BYP PN16 DN20 ON-OFF,Grup: Field Devices | Menşei: DE | Durum: Active,true
V5825B1043,2-WAY VALVE PN25 DN15 KVS1.6,Valves,Honeywell,V5825B1043,adet,USDTRY,280.00,0,0,20,,2-WAY VALVE PN25 DN15 KVS1.6,Grup: Field Devices | Alt kategori: Linear Valves | Menşei: DE | Durum: Active,true
V5825B1050,2-WAY VALVE PN25 DN20 KVS2.5,Valves,Honeywell,V5825B1050,adet,USDTRY,305.00,0,0,20,,2-WAY VALVE PN25 DN20 KVS2.5,Grup: Field Devices | Alt kategori: Linear Valves | Menşei: DE | Durum: Active,true
V5825B1068,2-WAY VALVE PN25 DN20 KVS4.0,Valves,Honeywell,V5825B1068,adet,USDTRY,300.73,0,0,20,,2-WAY VALVE PN25 DN20 KVS4.0,Grup: Field Devices | Alt kategori: Linear Valves | Menşei: DE | Durum: Active,true
V5825B1076,2-WAY VALVE PN25 DN25 KVS6.3,Genel,Honeywell,V5825B1076,adet,USDTRY,395.00,0,0,20,,2-WAY VALVE PN25 DN25 KVS6.3,Grup: Field Devices | Menşei: DE | Durum: Active,true
V5825B1084,2-WAY VALVE PN25 DN32 KVS10,Genel,Honeywell,V5825B1084,adet,USDTRY,450.06,0,0,20,,2-WAY VALVE PN25 DN32 KVS10,Grup: Field Devices | Menşei: DE | Durum: Active,true
V5832A1004,"2-WAY VALVES PN16 DN15 KVS 0,16",Genel,Honeywell,V5832A1004,adet,USDTRY,58.07,0,0,20,,"2-WAY VALVES PN16 DN15 KVS 0,16",Grup: Field Devices | Menşei: DE | Durum: Active,true
V5832A1012,"2-WAY VALVES PN16 DN15 KVS 0,25",Genel,Honeywell,V5832A1012,adet,USDTRY,58.07,0,0,20,,"2-WAY VALVES PN16 DN15 KVS 0,25",Grup: Field Devices | Menşei: DE | Durum: Active,true
V5832A1020,"2-WAY VALVES PN16 DN15 KVS 0,4",Valves,Honeywell,V5832A1020,adet,USDTRY,56.00,0,0,20,,"2-WAY VALVES PN16 DN15 KVS 0,4",Grup: Field Devices | Alt kategori: Linear Valves | Menşei: DE | Durum: Active,true
V5832A1038,"2-WAY VALVES PN16 DN15 KVS 0,63",Genel,Honeywell,V5832A1038,adet,USDTRY,58.07,0,0,20,,"2-WAY VALVES PN16 DN15 KVS 0,63",Grup: Field Devices | Menşei: DE | Durum: Active,true
V5832A1046,2-WAY VALVES PN16 DN15 KVS 1.0,Valves,Honeywell,V5832A1046,adet,USDTRY,57.04,0,0,20,,2-WAY VALVES PN16 DN15 KVS 1.0,Grup: Field Devices | Alt kategori: Linear Valves | Menşei: DE | Durum: Active,true
V5832A1053,"2-WAY VALVES PN16 DN15 KVS 1,6",Valves,Honeywell,V5832A1053,adet,USDTRY,56.00,0,0,20,,"2-WAY VALVES PN16 DN15 KVS 1,6",Grup: Field Devices | Alt kategori: Linear Valves | Menşei: DE | Durum: Active,true
V5832A1061,"2-WAY VALVES PN16 DN20 KVS 2,5",Valves,Honeywell,V5832A1061,adet,USDTRY,90.22,0,0,20,,"2-WAY VALVES PN16 DN20 KVS 2,5",Grup: Field Devices | Alt kategori: Linear Valves | Menşei: DE | Durum: Active,true
V5832A1079,"2-WAY VALVES PN16 DN20 KVS 4,0",Valves,Honeywell,V5832A1079,adet,USDTRY,83.00,0,0,20,,"2-WAY VALVES PN16 DN20 KVS 4,0",Grup: Field Devices | Alt kategori: Linear Valves | Menşei: DE | Durum: Active,true
V5832A4008,"2-WAY VALVES PN16 DN15 KVS 1,6",Valves,Honeywell,V5832A4008,adet,USDTRY,38.00,0,0,20,,"2-WAY VALVES PN16 DN15 KVS 1,6",Grup: Field Devices | Alt kategori: Linear Valves | Menşei: DE | Durum: Active,true
V5832A4016,"2-WAY VALVES PN16 DN20 KVS 2,5",Valves,Honeywell,V5832A4016,adet,USDTRY,55.00,0,0,20,,"2-WAY VALVES PN16 DN20 KVS 2,5",Grup: Field Devices | Alt kategori: Linear Valves | Menşei: DE | Durum: Active,true
V5832B2075,2-WAY-VALVE PN16 DN25 KVS4.0,Valves,Honeywell,V5832B2075,adet,USDTRY,260.29,0,0,20,,2-WAY-VALVE PN16 DN25 KVS4.0,Grup: Field Devices | Alt kategori: Linear Valves | Menşei: DE | Durum: Active,true
V5832B2083,2-WAY-VALVE PN16 DN25 KVS6.3,Valves,Honeywell,V5832B2083,adet,USDTRY,275.00,0,0,20,,2-WAY-VALVE PN16 DN25 KVS6.3,Grup: Field Devices | Alt kategori: Linear Valves | Menşei: DE | Durum: Active,true
V5832B2091,2-WAY-VALVE PN16 DN25 KVS10,Valves,Honeywell,V5832B2091,adet,USDTRY,245.77,0,0,20,,2-WAY-VALVE PN16 DN25 KVS10,Grup: Field Devices | Alt kategori: Linear Valves | Menşei: DE | Durum: Active,true
V5832B2109,2-WAY-VALVE PN16 DN32 KVS16,Valves,Honeywell,V5832B2109,adet,USDTRY,283.10,0,0,20,,2-WAY-VALVE PN16 DN32 KVS16,Grup: Field Devices | Alt kategori: Linear Valves | Menşei: DE | Durum: Active,true
V5832B2117,2-WAY-VALVE PN16 DN40 KVS25,Valves,Honeywell,V5832B2117,adet,USDTRY,360.00,0,0,20,,2-WAY-VALVE PN16 DN40 KVS25,Grup: Field Devices | Alt kategori: Linear Valves | Menşei: DE | Durum: Active,true
V5833A1029,"3-WAY VALVES PN16 DN15 KVS 0,63",Genel,Honeywell,V5833A1029,adet,USDTRY,91.26,0,0,20,,"3-WAY VALVES PN16 DN15 KVS 0,63",Grup: Field Devices | Menşei: DE | Durum: Active,true
V5833A1037,"3-WAY VALVES PN16 DN15 KVS 1,0",Valves,Honeywell,V5833A1037,adet,USDTRY,91.26,0,0,20,,"3-WAY VALVES PN16 DN15 KVS 1,0",Grup: Field Devices | Alt kategori: Linear Valves | Menşei: DE | Durum: Active,true
V5833A1045,"3-WAY VALVES PN16 DN15 KVS 1,6",Valves,Honeywell,V5833A1045,adet,USDTRY,86.07,0,0,20,,"3-WAY VALVES PN16 DN15 KVS 1,6",Grup: Field Devices | Alt kategori: Linear Valves | Menşei: DE | Durum: Active,true
V5833A1052,"3-WAY VALVES PN16 DN20 KVS 2,5",Valves,Honeywell,V5833A1052,adet,USDTRY,118.22,0,0,20,,"3-WAY VALVES PN16 DN20 KVS 2,5",Grup: Field Devices | Alt kategori: Linear Valves | Menşei: DE | Durum: Active,true
V5833A1060,"3-WAY VALVES PN16 DN20 KVS 4,0",Valves,Honeywell,V5833A1060,adet,USDTRY,137.92,0,0,20,,"3-WAY VALVES PN16 DN20 KVS 4,0",Grup: Field Devices | Alt kategori: Linear Valves | Menşei: DE | Durum: Active,true
V5833A2076,3-WAY-VALVE PN16 DN25 KVS4.0,Valves,Honeywell,V5833A2076,adet,USDTRY,247.84,0,0,20,,3-WAY-VALVE PN16 DN25 KVS4.0,Grup: Field Devices | Alt kategori: Linear Valves | Menşei: DE | Durum: Active,true
V5833A2084,3-WAY-VALVE PN16 DN25 KVS6.3,Valves,Honeywell,V5833A2084,adet,USDTRY,210.51,0,0,20,,3-WAY-VALVE PN16 DN25 KVS6.3,Grup: Field Devices | Alt kategori: Linear Valves | Menşei: DE | Durum: Active,true
V5833A2092,3-WAY VALVE PN16 DN25 KVS10,Valves,Honeywell,V5833A2092,adet,USDTRY,240.00,0,0,20,,3-WAY VALVE PN16 DN25 KVS10,Grup: Field Devices | Alt kategori: Linear Valves | Menşei: DE | Durum: Active,true
V5833A2100,3-WAY-VALVE PN16 DN32 KVS16,Valves,Honeywell,V5833A2100,adet,USDTRY,246.81,0,0,20,,3-WAY-VALVE PN16 DN32 KVS16,Grup: Field Devices | Alt kategori: Linear Valves | Menşei: DE | Durum: Active,true
V5833A2118,3-WAY VALVE PN16 DN40 KVS25,Valves,Honeywell,V5833A2118,adet,USDTRY,320.00,0,0,20,,3-WAY VALVE PN16 DN40 KVS25,Grup: Field Devices | Alt kategori: Linear Valves | Menşei: DE | Durum: Active,true
V5833A3009,"3-WAY VALVES PN16 DN20 KVS 2,5",Valves,Honeywell,V5833A3009,adet,USDTRY,126.51,0,0,20,,"3-WAY VALVES PN16 DN20 KVS 2,5",Grup: Field Devices | Alt kategori: Linear Valves | Menşei: DE | Durum: Active,true
V5833A3017,"3-WAY VALVES PN16 DN20 KVS 4,0",Genel,Honeywell,V5833A3017,adet,USDTRY,146.22,0,0,20,,"3-WAY VALVES PN16 DN20 KVS 4,0",Grup: Field Devices | Menşei: DE | Durum: Active,true
V5833A4007,"3-WAY VALVES PN16 DN15 ON-OFF KVS 1,6",Valves,Honeywell,V5833A4007,adet,USDTRY,66.37,0,0,20,,"3-WAY VALVES PN16 DN15 ON-OFF KVS 1,6",Grup: Field Devices | Alt kategori: Linear Valves | Menşei: DE | Durum: Active,true
V5833A4015,3-WAY VALVES PN16 DN20 ON-OFF(,Valves,Honeywell,V5833A4015,adet,USDTRY,74.00,0,0,20,,3-WAY VALVES PN16 DN20 ON-OFF(,Grup: Field Devices | Alt kategori: Linear Valves | Menşei: DE | Durum: Active,true
V5833C4003,3 WV+BYP PN16 DN15 ON-OFF,Valves,Honeywell,V5833C4003,adet,USDTRY,67.40,0,0,20,,3 WV+BYP PN16 DN15 ON-OFF,Grup: Field Devices | Alt kategori: Linear Valves | Menşei: DE | Durum: Active,true
V5833C4011,3 WV+BYP PN16 DN20 ON-OFF (BP2,Valves,Honeywell,V5833C4011,adet,USDTRY,84.00,0,0,20,,3 WV+BYP PN16 DN20 ON-OFF (BP2,Grup: Field Devices | Alt kategori: Linear Valves | Menşei: DE | Durum: Active,true
V5862A2013,"2-WAY VALVES 1/2 PN16 CV0,3",Genel,Honeywell,V5862A2013,adet,USDTRY,57.04,0,0,20,,"2-WAY VALVES 1/2 PN16 CV0,3",Grup: Field Devices | Menşei: DE | Durum: Active,true
V5862A2021,"2-WAY VALVES 1/2 PN16 CV0,5",Genel,Honeywell,V5862A2021,adet,USDTRY,58.07,0,0,20,,"2-WAY VALVES 1/2 PN16 CV0,5",Grup: Field Devices | Menşei: DE | Durum: Active,true
V5862A2039,"2-WAY VALVES 1/2 PN16 CV0,7",Valves,Honeywell,V5862A2039,adet,USDTRY,54.00,0,0,20,,"2-WAY VALVES 1/2 PN16 CV0,7",Grup: Field Devices | Alt kategori: Linear Valves | Menşei: DE | Durum: Active,true
V5862A2047,"2-WAY VALVES 1/2PN16 CV1,2 N",Valves,Honeywell,V5862A2047,adet,USDTRY,51.33,0,0,20,,"2-WAY VALVES 1/2PN16 CV1,2 N",Grup: Field Devices | Alt kategori: Linear Valves | Menşei: DE | Durum: Active,true
V5862A2054,"2-WAY VALVES 1/2 PN16 CV1,9 N",Valves,Honeywell,V5862A2054,adet,USDTRY,55.00,0,0,20,,"2-WAY VALVES 1/2 PN16 CV1,9 N",Grup: Field Devices | Alt kategori: Linear Valves | Menşei: DE | Durum: Active,true
V5862A2062,"2-WAY VALVES 3/4 PN16 CV 2,9",Valves,Honeywell,V5862A2062,adet,USDTRY,102.66,0,0,20,,"2-WAY VALVES 3/4 PN16 CV 2,9",Grup: Field Devices | Alt kategori: Linear Valves | Menşei: DE | Durum: Active,true
V5862A2070,"2-WAY VALVES 3/4 PN16 CV4,6 N",Valves,Honeywell,V5862A2070,adet,USDTRY,100.59,0,0,20,,"2-WAY VALVES 3/4 PN16 CV4,6 N",Grup: Field Devices | Alt kategori: Linear Valves | Menşei: DE | Durum: Active,true
V5862A3029,"2-WAY,1, CV11",Valves,Honeywell,V5862A3029,adet,USDTRY,305.91,0,0,20,,"2-WAY,1, CV11",Grup: Field Devices | Alt kategori: Linear Valves | Menşei: DE | Durum: Active,true
V5863A1014,"3-WAY VALVES 3/4 PN16 CV 4,6",Genel,Honeywell,V5863A1014,adet,USDTRY,136.88,0,0,20,,"3-WAY VALVES 3/4 PN16 CV 4,6",Grup: Field Devices | Menşei: DE | Durum: Active,true
V5863A2038,"3-WAY VALVES 1/2 PN16 CV 1,2",Genel,Honeywell,V5863A2038,adet,USDTRY,112.00,0,0,20,,"3-WAY VALVES 1/2 PN16 CV 1,2",Grup: Field Devices | Menşei: DE | Durum: Active,true
V5863A2046,"3-WAY VALVES 1/2 PN16 CV 1,9",Genel,Honeywell,V5863A2046,adet,USDTRY,112.00,0,0,20,,"3-WAY VALVES 1/2 PN16 CV 1,9",Grup: Field Devices | Menşei: DE | Durum: Active,true
V5863A2053,"3-WAY VALVES 3/4 PN16 CV 2,9",Valves,Honeywell,V5863A2053,adet,USDTRY,155.55,0,0,20,,"3-WAY VALVES 3/4 PN16 CV 2,9",Grup: Field Devices | Alt kategori: Linear Valves | Menşei: DE | Durum: Active,true
V5863A3002,"3-WAY,1, CV5,5",Genel,Honeywell,V5863A3002,adet,USDTRY,320.00,0,0,20,,"3-WAY,1, CV5,5",Grup: Field Devices | Menşei: DE | Durum: Active,true
V5GV2W050F-E,"2-way Linear V, PN16, DN50, flange",Control Valves & Actuators,Honeywell,V5GV2W050F-E,adet,USDTRY,974.78,0,0,20,,"2-way Linear V, PN16, DN50, flange",Grup: Field Devices | Alt kategori: Linear | Menşei: CN | Durum: Active,true
V5GV2W065F-E,"2-way Linear V, PN16, DN65, flange",Control Valves & Actuators,Honeywell,V5GV2W065F-E,adet,USDTRY,902.19,0,0,20,,"2-way Linear V, PN16, DN65, flange",Grup: Field Devices | Alt kategori: Linear | Menşei: CN | Durum: Active,true
V5GV2W080F-E,"2-way Linear V, PN16, DN80, flange",Control Valves & Actuators,Honeywell,V5GV2W080F-E,adet,USDTRY,1260.00,0,0,20,,"2-way Linear V, PN16, DN80, flange",Grup: Field Devices | Alt kategori: Linear | Menşei: CN | Durum: Active,true
V5GV2W100F-E,"2-way Linear V, PN16, DN100, flange",Control Valves & Actuators,Honeywell,V5GV2W100F-E,adet,USDTRY,2063.63,0,0,20,,"2-way Linear V, PN16, DN100, flange",Grup: Field Devices | Alt kategori: Linear | Menşei: CN | Durum: Active,true
V5GV2W100F-K9,"Kombi-9 Valve Body, DN100, Flanged",Genel,Honeywell,V5GV2W100F-K9,adet,USDTRY,2825.82,0,0,20,,"Kombi-9 Valve Body, DN100, Flanged",Grup: Field Devices | Menşei: CN | Durum: Active,true
V5GV2W125F-E,"2-way Linear V, PN16, DN125, flange",Control Valves & Actuators,Honeywell,V5GV2W125F-E,adet,USDTRY,2800.00,0,0,20,,"2-way Linear V, PN16, DN125, flange",Grup: Field Devices | Alt kategori: Linear | Menşei: CN | Durum: Active,true
V5GV2W150F-E,"2-way Linear V, PN16, DN150, flange",Control Valves & Actuators,Honeywell,V5GV2W150F-E,adet,USDTRY,3425.00,0,0,20,,"2-way Linear V, PN16, DN150, flange",Grup: Field Devices | Alt kategori: Linear | Menşei: CN | Durum: Active,true
V5GV3W050F-E,"3-way Mix Linear V, PN16, DN50, flange",Valves,Honeywell,V5GV3W050F-E,adet,USDTRY,1050.00,0,0,20,,"3-way Mix Linear V, PN16, DN50, flange",Grup: Field Devices | Alt kategori: Linear Valves | Menşei: CN | Durum: Active,true
V5GV3W065F-E,"3-way Mix Linear V, PN16, DN65, flange",Valves,Honeywell,V5GV3W065F-E,adet,USDTRY,860.71,0,0,20,,"3-way Mix Linear V, PN16, DN65, flange",Grup: Field Devices | Alt kategori: Linear Valves | Menşei: CN | Durum: Active,true
V5GV3W080F-E,"3-way Mix Linear V, PN16, DN80, flange",Valves,Honeywell,V5GV3W080F-E,adet,USDTRY,1110.00,0,0,20,,"3-way Mix Linear V, PN16, DN80, flange",Grup: Field Devices | Alt kategori: Linear Valves | Menşei: CN | Durum: Active,true
V5GV3W100F-E,"3-way Mix Linear V, PN16, DN100, flange",Valves,Honeywell,V5GV3W100F-E,adet,USDTRY,1780.00,0,0,20,,"3-way Mix Linear V, PN16, DN100, flange",Grup: Field Devices | Alt kategori: Linear Valves | Menşei: CN | Durum: Active,true
V5GV3W125F-E,"3-way Mix Linear V, PN16, DN125, flange",Valves,Honeywell,V5GV3W125F-E,adet,USDTRY,2525.00,0,0,20,,"3-way Mix Linear V, PN16, DN125, flange",Grup: Field Devices | Alt kategori: Linear Valves | Menşei: CN | Durum: Active,true
V5GV3W150F-E,"3-way Mix Linear V, PN16, DN150, flange",Valves,Honeywell,V5GV3W150F-E,adet,USDTRY,3475.00,0,0,20,,"3-way Mix Linear V, PN16, DN150, flange",Grup: Field Devices | Alt kategori: Linear Valves | Menşei: CN | Durum: Active,true
VBA16F065,"Ball Valve, 2 way, DN65, Flange connecti",Valves,Honeywell,VBA16F065,adet,USDTRY,550.00,0,0,20,,"Ball Valve, 2 way, DN65, Flange connecti",Grup: Field Devices | Alt kategori: Rotary Valves | Menşei: CN | Durum: Active,true
VBA16F080,"Ball Valve, 2 way, DN80, Flange connecti",Valves,Honeywell,VBA16F080,adet,USDTRY,674.05,0,0,20,,"Ball Valve, 2 way, DN80, Flange connecti",Grup: Field Devices | Alt kategori: Rotary Valves | Menşei: CN | Durum: Active,true
VBA16F100,"Ball Valve, 2 way, DN100, Flange connect",Valves,Honeywell,VBA16F100,adet,USDTRY,1030.00,0,0,20,,"Ball Valve, 2 way, DN100, Flange connect",Grup: Field Devices | Alt kategori: Rotary Valves | Menşei: CN | Durum: Active,true
VBA16F150,"Ball Valve, 2 way, DN150, Flange connect",Valves,Honeywell,VBA16F150,adet,USDTRY,1590.00,0,0,20,,"Ball Valve, 2 way, DN150, Flange connect",Grup: Field Devices | Alt kategori: Rotary Valves | Menşei: CN | Durum: Active,true
VBA16P020,"Ball Valve, 2 way, DN20, Brass Body, BSP",Valves,Honeywell,VBA16P020,adet,USDTRY,64.29,0,0,20,,"Ball Valve, 2 way, DN20, Brass Body, BSP",Grup: Field Devices | Alt kategori: Rotary Valves | Menşei: CN | Durum: Active,true
VBA16P025,"Ball Valve, 2 way, DN25, Brass Body, BSP",Valves,Honeywell,VBA16P025,adet,USDTRY,79.00,0,0,20,,"Ball Valve, 2 way, DN25, Brass Body, BSP",Grup: Field Devices | Alt kategori: Rotary Valves | Menşei: CN | Durum: Active,true
VBA16P032,"Ball Valve, 2 way, DN32, Brass Body, BSP",Valves,Honeywell,VBA16P032,adet,USDTRY,118.22,0,0,20,,"Ball Valve, 2 way, DN32, Brass Body, BSP",Grup: Field Devices | Alt kategori: Rotary Valves | Menşei: CN | Durum: Active,true
VBA16P040,"Ball Valve, 2 way, DN40, Brass Body, BSP",Valves,Honeywell,VBA16P040,adet,USDTRY,160.00,0,0,20,,"Ball Valve, 2 way, DN40, Brass Body, BSP",Grup: Field Devices | Alt kategori: Rotary Valves | Menşei: CN | Durum: Active,true
VBA16P050,"Ball Valve, 2 way, DN50, Brass Body, BSP",Valves,Honeywell,VBA16P050,adet,USDTRY,215.00,0,0,20,,"Ball Valve, 2 way, DN50, Brass Body, BSP",Grup: Field Devices | Alt kategori: Rotary Valves | Menşei: CN | Durum: Active,true
VBA16P065,"Ball Valve, 2 way, DN65, Brass Body, BSP",Valves,Honeywell,VBA16P065,adet,USDTRY,345.00,0,0,20,,"Ball Valve, 2 way, DN65, Brass Body, BSP",Grup: Field Devices | Alt kategori: Rotary Valves | Menşei: CN | Durum: Active,true
VBA16P080,"Ball Valve, 2 way, DN80, Brass Body, BSP",Valves,Honeywell,VBA16P080,adet,USDTRY,480.00,0,0,20,,"Ball Valve, 2 way, DN80, Brass Body, BSP",Grup: Field Devices | Alt kategori: Rotary Valves | Menşei: CN | Durum: Active,true
VBG2-15-0.25,"CONTROL BALL VALVE,2W,DN15,G1"",KVS0.25",Genel,Honeywell,VBG2-15-0.25,adet,USDTRY,160.73,0,0,20,,"CONTROL BALL VALVE,2W,DN15,G1"",KVS0.25",Grup: Field Devices | Menşei: US | Durum: Active,true
VBG2-15-0.4,"CONTROL BALL VALVE,2W,DN15,G1"",KVS0.4",Genel,Honeywell,VBG2-15-0.4,adet,USDTRY,160.73,0,0,20,,"CONTROL BALL VALVE,2W,DN15,G1"",KVS0.4",Grup: Field Devices | Menşei: US | Durum: Active,true
VBG2-15-0.63,"CONTROL BALL VALVE,2W,DN15,G1"",KVS0.63",Genel,Honeywell,VBG2-15-0.63,adet,USDTRY,160.73,0,0,20,,"CONTROL BALL VALVE,2W,DN15,G1"",KVS0.63",Grup: Field Devices | Menşei: US | Durum: Active,true
VBG2-15-1,"CONTROL BALL VALVE,2W,DN15,G1"",KVS1",Valves,Honeywell,VBG2-15-1,adet,USDTRY,156.59,0,0,20,,"CONTROL BALL VALVE,2W,DN15,G1"",KVS1",Grup: Field Devices | Alt kategori: Rotary Valves | Menşei: US | Durum: Active,true
VBG2-15-1.6,"CONTROL BALL VALVE,2W,DN15,G1"",KVS1.6",Valves,Honeywell,VBG2-15-1.6,adet,USDTRY,156.59,0,0,20,,"CONTROL BALL VALVE,2W,DN15,G1"",KVS1.6",Grup: Field Devices | Alt kategori: Rotary Valves | Menşei: US | Durum: Active,true
VBG2-15-2.5,"CONTROL BALL VALVE,2W,DN15,G1"",KVS2.5",Valves,Honeywell,VBG2-15-2.5,adet,USDTRY,156.59,0,0,20,,"CONTROL BALL VALVE,2W,DN15,G1"",KVS2.5",Grup: Field Devices | Alt kategori: Rotary Valves | Menşei: US | Durum: Active,true
VBG2-15-4,"CONTROL BALL VALVE,2W,DN15,G1"",KVS4",Genel,Honeywell,VBG2-15-4,adet,USDTRY,160.73,0,0,20,,"CONTROL BALL VALVE,2W,DN15,G1"",KVS4",Grup: Field Devices | Menşei: US | Durum: Active,true
VBG2-15-6.3,"CONTROL BALL VALVE,2W,DN15,G1"",KVS6.3",Valves,Honeywell,VBG2-15-6.3,adet,USDTRY,160.73,0,0,20,,"CONTROL BALL VALVE,2W,DN15,G1"",KVS6.3",Grup: Field Devices | Alt kategori: Rotary Valves | Menşei: US | Durum: Active,true
VBG2-20-4,"CONTROL BALL VALVE,2W,DN20,G11/4"",KVS4",Valves,Honeywell,VBG2-20-4,adet,USDTRY,192.88,0,0,20,,"CONTROL BALL VALVE,2W,DN20,G11/4"",KVS4",Grup: Field Devices | Alt kategori: Rotary Valves | Menşei: US | Durum: Active,true
VBG2-20-6.3,"CONTROL BALL VALVE,2W,DN20,G11/4"",KVS6.3",Genel,Honeywell,VBG2-20-6.3,adet,USDTRY,200.00,0,0,20,,"CONTROL BALL VALVE,2W,DN20,G11/4"",KVS6.3",Grup: Field Devices | Menşei: US | Durum: Active,true
VBG2-20-8.6,"CONTROL BALL VALVE,2W,DN20,G11/4"",KVS8.6",Genel,Honeywell,VBG2-20-8.6,adet,USDTRY,200.00,0,0,20,,"CONTROL BALL VALVE,2W,DN20,G11/4"",KVS8.6",Grup: Field Devices | Menşei: US | Durum: Active,true
VBG2-25-10,"CONTROL BALL VALVE,2W,DN25,G11/2"",KVS10",Genel,Honeywell,VBG2-25-10,adet,USDTRY,238.51,0,0,20,,"CONTROL BALL VALVE,2W,DN25,G11/2"",KVS10",Grup: Field Devices | Menşei: US | Durum: Active,true
VBG2-25-16,"CONTROL BALL VALVE,2W,DN25,G11/2"",KVS16",Genel,Honeywell,VBG2-25-16,adet,USDTRY,242.66,0,0,20,,"CONTROL BALL VALVE,2W,DN25,G11/2"",KVS16",Grup: Field Devices | Menşei: US | Durum: Active,true
VBG2-25-25,"CONTROL BALL VALVE,2W,DN25,G11/2"",KVS25",Genel,Honeywell,VBG2-25-25,adet,USDTRY,232.29,0,0,20,,"CONTROL BALL VALVE,2W,DN25,G11/2"",KVS25",Grup: Field Devices | Menşei: US | Durum: Active,true
VBG2-25-6.3,"CONTROL BALL VALVE,2W,DN25,G11/2"",KVS6.3",Valves,Honeywell,VBG2-25-6.3,adet,USDTRY,232.29,0,0,20,,"CONTROL BALL VALVE,2W,DN25,G11/2"",KVS6.3",Grup: Field Devices | Alt kategori: Rotary Valves | Menşei: US | Durum: Active,true
VBG2-32-16,"CONTROL BALL VALVE,2W,DN32,G2"",KVS16",Genel,Honeywell,VBG2-32-16,adet,USDTRY,377.47,0,0,20,,"CONTROL BALL VALVE,2W,DN32,G2"",KVS16",Grup: Field Devices | Menşei: US | Durum: Active,true
VBG2-32-25,"CONTROL BALL VALVE,2W,DN32,G2"",KVS25",Genel,Honeywell,VBG2-32-25,adet,USDTRY,377.47,0,0,20,,"CONTROL BALL VALVE,2W,DN32,G2"",KVS25",Grup: Field Devices | Menşei: US | Durum: Active,true
VBG2-40-25,"CONTROL BALL VALVE,2W,DN40,G21/4"",KVS25",Genel,Honeywell,VBG2-40-25,adet,USDTRY,611.83,0,0,20,,"CONTROL BALL VALVE,2W,DN40,G21/4"",KVS25",Grup: Field Devices | Menşei: US | Durum: Active,true
VBG2-40-40,"CONTROL BALL VALVE,2W,DN40,G21/4"",KVS40",Genel,Honeywell,VBG2-40-40,adet,USDTRY,591.09,0,0,20,,"CONTROL BALL VALVE,2W,DN40,G21/4"",KVS40",Grup: Field Devices | Menşei: US | Durum: Active,true
VBG2-50-40,"CONTROL BALL VALVE,2W,DN50,G23/4"",KVS40",Valves,Honeywell,VBG2-50-40,adet,USDTRY,943.67,0,0,20,,"CONTROL BALL VALVE,2W,DN50,G23/4"",KVS40",Grup: Field Devices | Alt kategori: Rotary Valves | Menşei: US | Durum: Active,true
VBG2-50-63,"CONTROL BALL VALVE,2W,DN50,G23/4"",KVS63",Genel,Honeywell,VBG2-50-63,adet,USDTRY,943.67,0,0,20,,"CONTROL BALL VALVE,2W,DN50,G23/4"",KVS63",Grup: Field Devices | Menşei: US | Durum: Active,true
VBG3-15-0.63,"CONTROL BALL VALVE,3W,DN15,G1"",KVS0.63",Genel,Honeywell,VBG3-15-0.63,adet,USDTRY,407.54,0,0,20,,"CONTROL BALL VALVE,3W,DN15,G1"",KVS0.63",Grup: Field Devices | Menşei: US | Durum: Active,true
VBG3-15-1,"CONTROL BALL VALVE,3W,DN15,G1"",KVS1",Genel,Honeywell,VBG3-15-1,adet,USDTRY,407.54,0,0,20,,"CONTROL BALL VALVE,3W,DN15,G1"",KVS1",Grup: Field Devices | Menşei: US | Durum: Active,true
VBG3-15-1.6,"CONTROL BALL VALVE,3W,DN15,G1"",KVS1.6",Genel,Honeywell,VBG3-15-1.6,adet,USDTRY,407.54,0,0,20,,"CONTROL BALL VALVE,3W,DN15,G1"",KVS1.6",Grup: Field Devices | Menşei: US | Durum: Active,true
VBG3-15-2.5,"CONTROL BALL VALVE,3W,DN15,G1"",KVS2.5",Genel,Honeywell,VBG3-15-2.5,adet,USDTRY,407.54,0,0,20,,"CONTROL BALL VALVE,3W,DN15,G1"",KVS2.5",Grup: Field Devices | Menşei: US | Durum: Active,true
VBG3-15-4,"CONTROL BALL VALVE,3W,DN15,G1"",KVS4",Genel,Honeywell,VBG3-15-4,adet,USDTRY,407.54,0,0,20,,"CONTROL BALL VALVE,3W,DN15,G1"",KVS4",Grup: Field Devices | Menşei: US | Durum: Active,true
VBG3-15-6.3,"CONTROL BALL VALVE,3W,DN15,G1"",KVS6.3",Valves,Honeywell,VBG3-15-6.3,adet,USDTRY,397.17,0,0,20,,"CONTROL BALL VALVE,3W,DN15,G1"",KVS6.3",Grup: Field Devices | Alt kategori: Rotary Valves | Menşei: US | Durum: Active,true
VBG3-20-4,"CONTROL BALL VALVE,3W,DN20,G11/4"",KVS4",Genel,Honeywell,VBG3-20-4,adet,USDTRY,460.00,0,0,20,,"CONTROL BALL VALVE,3W,DN20,G11/4"",KVS4",Grup: Field Devices | Menşei: US | Durum: Active,true
VBG3-20-6.3,"CONTROL BALL VALVE,3W,DN20,G11/4"",KVS6.3",Genel,Honeywell,VBG3-20-6.3,adet,USDTRY,460.00,0,0,20,,"CONTROL BALL VALVE,3W,DN20,G11/4"",KVS6.3",Grup: Field Devices | Menşei: US | Durum: Active,true
VBG3-20-8.6,"CONTROL BALL VALVE,3W,DN20,G11/4"",KVS8.6",Genel,Honeywell,VBG3-20-8.6,adet,USDTRY,460.00,0,0,20,,"CONTROL BALL VALVE,3W,DN20,G11/4"",KVS8.6",Grup: Field Devices | Menşei: US | Durum: Active,true
VBG3-25-10,"CONTROL BALL VALVE,3W,DN25,G11/2"",KVS10",Valves,Honeywell,VBG3-25-10,adet,USDTRY,611.83,0,0,20,,"CONTROL BALL VALVE,3W,DN25,G11/2"",KVS10",Grup: Field Devices | Alt kategori: Rotary Valves | Menşei: US | Durum: Active,true
VBG3-25-16,"CONTROL BALL VALVE,3W,DN25,G11/2"",KVS16",Valves,Honeywell,VBG3-25-16,adet,USDTRY,611.83,0,0,20,,"CONTROL BALL VALVE,3W,DN25,G11/2"",KVS16",Grup: Field Devices | Alt kategori: Rotary Valves | Menşei: US | Durum: Active,true
VBG3-25-6.3,"CONTROL BALL VALVE,3W,DN25,G11/2"",KVS6.3",Genel,Honeywell,VBG3-25-6.3,adet,USDTRY,611.83,0,0,20,,"CONTROL BALL VALVE,3W,DN25,G11/2"",KVS6.3",Grup: Field Devices | Menşei: US | Durum: Active,true
VBG3-32-16,"CONTROL BALL VALVE,3W,DN32,G2"",KVS16",Valves,Honeywell,VBG3-32-16,adet,USDTRY,902.19,0,0,20,,"CONTROL BALL VALVE,3W,DN32,G2"",KVS16",Grup: Field Devices | Alt kategori: Rotary Valves | Menşei: US | Durum: Active,true
VBG3-32-25,"CONTROL BALL VALVE,3W,DN32,G2"",KVS25",Valves,Honeywell,VBG3-32-25,adet,USDTRY,881.45,0,0,20,,"CONTROL BALL VALVE,3W,DN32,G2"",KVS25",Grup: Field Devices | Alt kategori: Rotary Valves | Menşei: US | Durum: Active,true
VBG3-40-25,"CONTROL BALL VALVE,3W,DN40,G21/4"",KVS25",Valves,Honeywell,VBG3-40-25,adet,USDTRY,1100.00,0,0,20,,"CONTROL BALL VALVE,3W,DN40,G21/4"",KVS25",Grup: Field Devices | Alt kategori: Rotary Valves | Menşei: US | Durum: Active,true
VBG3-40-40,"CONTROL BALL VALVE,3W,DN40,G21/4"",KVS40",Genel,Honeywell,VBG3-40-40,adet,USDTRY,1100.00,0,0,20,,"CONTROL BALL VALVE,3W,DN40,G21/4"",KVS40",Grup: Field Devices | Menşei: US | Durum: Active,true
VBG3-50-40,"CONTROL BALL VALVE,3W,DN50,G23/4"",KVS40",Genel,Honeywell,VBG3-50-40,adet,USDTRY,1670.00,0,0,20,,"CONTROL BALL VALVE,3W,DN50,G23/4"",KVS40",Grup: Field Devices | Menşei: US | Durum: Active,true
VBG3-50-63,"CONTROL BALL VALVE,3W,DN50,G23/4"",KVS63",Valves,Honeywell,VBG3-50-63,adet,USDTRY,1670.00,0,0,20,,"CONTROL BALL VALVE,3W,DN50,G23/4"",KVS63",Grup: Field Devices | Alt kategori: Rotary Valves | Menşei: US | Durum: Active,true
VBG6-20HF,"6-WAY VALVE DN20, EXT THREAD, HIGHT FLOW",Genel,Honeywell,VBG6-20HF,adet,USDTRY,395.00,0,0,20,,"6-WAY VALVE DN20, EXT THREAD, HIGHT FLOW",Grup: Field Devices | Menşei: IT | Durum: Active,true
VBNVALVE,CONFIGURED VALVE AND ACTUATOR ASSEMBLY,Valves,Honeywell,VBNVALVE,adet,USDTRY,0.11,0,0,20,,CONFIGURED VALVE AND ACTUATOR ASSEMBLY,Grup: Field Devices | Alt kategori: Rotary Valves | Menşei: US | Durum: Active,true
VF00-1B54NW,"IMM SENSOR PT1000, IP54, 150MM, NO W",Sensors and Wall Modules,Honeywell,VF00-1B54NW,adet,USDTRY,79.35,0,0,20,,"IMM SENSOR PT1000, IP54, 150MM, NO W",Grup: Field Devices | Alt kategori: Equipment Sensors | Menşei: CZ | Durum: Phase Out Inprogress,false
VF00-1B65NW,"Rod sensor, Pt1000, 150mm, IP65, no well",Sensors and Wall Modules,Honeywell,VF00-1B65NW,adet,USDTRY,77.00,0,0,20,,"Rod sensor, Pt1000, 150mm, IP65, no well",Grup: Field Devices | Alt kategori: Equipment Sensors | Menşei: NL | Durum: Active,true
VF00-3B65NW,"Rod sensor, Pt1000, 300mm, IP65, no well",Sensors and Wall Modules,Honeywell,VF00-3B65NW,adet,USDTRY,72.59,0,0,20,,"Rod sensor, Pt1000, 300mm, IP65, no well",Grup: Field Devices | Alt kategori: Equipment Sensors | Menşei: NL | Durum: Active,true
VF00-5B65NW,"Rod sensor, Pt1000, 50mm, IP65, no well",Sensors and Wall Modules,Honeywell,VF00-5B65NW,adet,USDTRY,79.00,0,0,20,,"Rod sensor, Pt1000, 50mm, IP65, no well",Grup: Field Devices | Alt kategori: Equipment Sensors | Menşei: NL | Durum: Active,true
VF10-1B65NW,"Rod sensor, NTC10k, 150mm, IP65, no well",Sensors and Wall Modules,Honeywell,VF10-1B65NW,adet,USDTRY,74.00,0,0,20,,"Rod sensor, NTC10k, 150mm, IP65, no well",Grup: Field Devices | Alt kategori: Equipment Sensors | Menşei: NL | Durum: Active,true
VF10-3B54NW,"ROD SENSOR, NTC10K, 300MM, IP54, NO WELL",Sensors and Wall Modules,Honeywell,VF10-3B54NW,adet,USDTRY,59.11,0,0,20,,"ROD SENSOR, NTC10K, 300MM, IP54, NO WELL",Grup: Field Devices | Alt kategori: Equipment Sensors | Menşei: CZ | Durum: Active,true
VF10-3B65NW,"Rod sensor, NTC10k, 300mm, IP65, no well",Sensors and Wall Modules,Honeywell,VF10-3B65NW,adet,USDTRY,83.00,0,0,20,,"Rod sensor, NTC10k, 300mm, IP65, no well",Grup: Field Devices | Alt kategori: Equipment Sensors | Menşei: NL | Durum: Active,true
VF10-5B65NW,"Rod sensor, NTC10k, 50mm, IP65, no well",Sensors and Wall Modules,Honeywell,VF10-5B65NW,adet,USDTRY,83.00,0,0,20,,"Rod sensor, NTC10k, 50mm, IP65, no well",Grup: Field Devices | Alt kategori: Equipment Sensors | Menşei: NL | Durum: Active,true
VF20-1B54NW,"ROD SENSOR, NTC20K, 150MM, IP54, NO WELL",Sensors and Wall Modules,Honeywell,VF20-1B54NW,adet,USDTRY,60.00,0,0,20,,"ROD SENSOR, NTC20K, 150MM, IP54, NO WELL",Grup: Field Devices | Alt kategori: Equipment Sensors | Menşei: CZ | Durum: Phase Out Inprogress,false
VF20-1B65NW,"Rod Sensor, NTC20k, 150mm, IP65, nowell",Sensors and Wall Modules,Honeywell,VF20-1B65NW,adet,USDTRY,63.26,0,0,20,,"Rod Sensor, NTC20k, 150mm, IP65, nowell",Grup: Field Devices | Alt kategori: Equipment Sensors | Menşei: NL | Durum: Active,true
VF20-3B54NW,"Rod sensor, NTC20k, 300mm, IP54, no well",Genel,Honeywell,VF20-3B54NW,adet,USDTRY,63.25,0,0,20,,"Rod sensor, NTC20k, 300mm, IP54, no well",Grup: Field Devices | Menşei: CZ | Durum: Phase Out Inprogress,false
VF20-3B65NW,"Rod sensor, NTC20k, 300mm, IP65, no well",Sensors and Wall Modules,Honeywell,VF20-3B65NW,adet,USDTRY,63.26,0,0,20,,"Rod sensor, NTC20k, 300mm, IP65, no well",Grup: Field Devices | Alt kategori: Equipment Sensors | Menşei: NL | Durum: Active,true
VF20-5B54NW,"Rod sensor, NTC20k, 50mm, IP54, no well",Sensors and Wall Modules,Honeywell,VF20-5B54NW,adet,USDTRY,67.40,0,0,20,,"Rod sensor, NTC20k, 50mm, IP54, no well",Grup: Field Devices | Alt kategori: Equipment Sensors | Menşei: CZ | Durum: Active,true
VF20-5B65NW,"Rod sensor, NTC20k, 50mm, IP65, no well",Sensors and Wall Modules,Honeywell,VF20-5B65NW,adet,USDTRY,84.00,0,0,20,,"Rod sensor, NTC20k, 50mm, IP65, no well",Grup: Field Devices | Alt kategori: Equipment Sensors | Menşei: NL | Durum: Active,true
VFF10-75P65,"Fast-reacting, NTC10k, 75mm, IP65",Sensors and Wall Modules,Honeywell,VFF10-75P65,adet,USDTRY,130.66,0,0,20,,"Fast-reacting, NTC10k, 75mm, IP65",Grup: Field Devices | Alt kategori: Sensors Miscellaneous | Menşei: NL | Durum: Active,true
VFF20-220P65,"FAST IMMERSION SENSOR NTC20,  220MM",Sensors and Wall Modules,Honeywell,VFF20-220P65,adet,USDTRY,155.00,0,0,20,,"FAST IMMERSION SENSOR NTC20,  220MM",Grup: Field Devices | Alt kategori: Equipment Sensors | Menşei: NL | Durum: Active,true
VFF20-75P65,"FAST IMMERSION SENSOR NTC20, 75MM",Sensors and Wall Modules,Honeywell,VFF20-75P65,adet,USDTRY,155.00,0,0,20,,"FAST IMMERSION SENSOR NTC20, 75MM",Grup: Field Devices | Alt kategori: Equipment Sensors | Menşei: NL | Durum: Active,true
VGF21LP30,"ANSI 125, 2-WAY, 3, P,B.LINEAR",Genel,Honeywell,VGF21LP30,adet,USDTRY,2281.40,0,0,20,,"ANSI 125, 2-WAY, 3, P,B.LINEAR",Grup: Field Devices | Menşei: DE | Durum: Active,true
VGF21LP60,"ANSI 125, 2-WAY, 6, P.B.LINEAR",Genel,Honeywell,VGF21LP60,adet,USDTRY,4950.00,0,0,20,,"ANSI 125, 2-WAY, 6, P.B.LINEAR",Grup: Field Devices | Menşei: DE | Durum: Active,true
VH2M6LPSH/M,"2WAY HI PERF CL150 BFLY 8"" FLOATING",Genel,Honeywell,VH2M6LPSH/M,adet,USDTRY,12700.00,0,0,20,,"2WAY HI PERF CL150 BFLY 8"" FLOATING",Grup: Field Devices | Menşei: US | Durum: Active,true
VH2P7LPBH/M,"2WAY HI PERF CL150 BFLY 12"" 2-10VDC",Genel,Honeywell,VH2P7LPBH/M,adet,USDTRY,27200.00,0,0,20,,"2WAY HI PERF CL150 BFLY 12"" 2-10VDC",Grup: Field Devices | Menşei: US | Durum: Active,true
VH2R6LPSH/M,"2WAY HI PERF CL150 BFLY 14"" FLOATING",Genel,Honeywell,VH2R6LPSH/M,adet,USDTRY,31500.00,0,0,20,,"2WAY HI PERF CL150 BFLY 14"" FLOATING",Grup: Field Devices | Menşei: US | Durum: Active,true
VH58ED30065,"3-way Diverging LV, PN16, DN65, flange",Genel,Honeywell,VH58ED30065,adet,USDTRY,1070.00,0,0,20,,"3-way Diverging LV, PN16, DN65, flange",Grup: Field Devices | Menşei: CN | Durum: Active,true
VH58ED30080,"3-way Diverging LV, PN16, DN80, flange",Genel,Honeywell,VH58ED30080,adet,USDTRY,1270.00,0,0,20,,"3-way Diverging LV, PN16, DN80, flange",Grup: Field Devices | Menşei: CN | Durum: Active,true
VH58ED30100,"3-way Diverging LV, PN16, DN100, flange",Genel,Honeywell,VH58ED30100,adet,USDTRY,1750.00,0,0,20,,"3-way Diverging LV, PN16, DN100, flange",Grup: Field Devices | Menşei: CN | Durum: Active,true
VH58ED30125,"3-way Diverging LV, PN16, DN125, flange",Genel,Honeywell,VH58ED30125,adet,USDTRY,2700.00,0,0,20,,"3-way Diverging LV, PN16, DN125, flange",Grup: Field Devices | Menşei: CN | Durum: Active,true
VH58ED30150,"3-way Diverging LV, PN16, DN150, flange",Genel,Honeywell,VH58ED30150,adet,USDTRY,3300.00,0,0,20,,"3-way Diverging LV, PN16, DN150, flange",Grup: Field Devices | Menşei: CN | Durum: Active,true
VH58ED30200,"3-way Diverging LV, PN16, DN200, flange",Genel,Honeywell,VH58ED30200,adet,USDTRY,6250.00,0,0,20,,"3-way Diverging LV, PN16, DN200, flange",Grup: Field Devices | Menşei: CN | Durum: Active,true
VH58ED30250,"3-way Diverging LV, PN16, DN250, flange",Genel,Honeywell,VH58ED30250,adet,USDTRY,9550.00,0,0,20,,"3-way Diverging LV, PN16, DN250, flange",Grup: Field Devices | Menşei: CN | Durum: Active,true
VH58EM30065,"3-way Mix LV, PN16, DN65, flange",Genel,Honeywell,VH58EM30065,adet,USDTRY,1060.00,0,0,20,,"3-way Mix LV, PN16, DN65, flange",Grup: Field Devices | Menşei: CN | Durum: Active,true
VH58EM30080,"3-way Mix LV, PN16, DN80, flange",Genel,Honeywell,VH58EM30080,adet,USDTRY,1260.00,0,0,20,,"3-way Mix LV, PN16, DN80, flange",Grup: Field Devices | Menşei: CN | Durum: Active,true
VH58EM30100,"3-way Mix LV, PN16, DN100, flange",Genel,Honeywell,VH58EM30100,adet,USDTRY,1730.00,0,0,20,,"3-way Mix LV, PN16, DN100, flange",Grup: Field Devices | Menşei: CN | Durum: Active,true
VH58EM30125,"3-way Mix LV, PN16, DN125, flange",Genel,Honeywell,VH58EM30125,adet,USDTRY,2675.00,0,0,20,,"3-way Mix LV, PN16, DN125, flange",Grup: Field Devices | Menşei: CN | Durum: Active,true
VH58EM30150,"3-way Mix LV, PN16, DN150, flange",Genel,Honeywell,VH58EM30150,adet,USDTRY,3275.00,0,0,20,,"3-way Mix LV, PN16, DN150, flange",Grup: Field Devices | Menşei: CN | Durum: Active,true
VH58EM30200,"3-way Mix LV, PN16, DN200, flange",Valves,Honeywell,VH58EM30200,adet,USDTRY,6250.00,0,0,20,,"3-way Mix LV, PN16, DN200, flange",Grup: Field Devices | Alt kategori: Linear Valves | Menşei: CN | Durum: Active,true
VH58EM30250,"3-way Mix LV, PN16, DN250, flange",Genel,Honeywell,VH58EM30250,adet,USDTRY,9550.00,0,0,20,,"3-way Mix LV, PN16, DN250, flange",Grup: Field Devices | Menşei: CN | Durum: Active,true
VHS16R-015,"Static Balancing Valves, PN16, DN15, T",Valves,Honeywell,VHS16R-015,adet,USDTRY,82.00,0,0,20,,"Static Balancing Valves, PN16, DN15, T",Grup: Field Devices | Alt kategori: Valves Miscellaneous | Menşei: CN | Durum: Active,true
VHS16R-020,"Static Balancing Valves, PN16, DN20, T",Valves,Honeywell,VHS16R-020,adet,USDTRY,87.11,0,0,20,,"Static Balancing Valves, PN16, DN20, T",Grup: Field Devices | Alt kategori: Valves Miscellaneous | Menşei: CN | Durum: Active,true
VHS16R-025,"Static Balancing Valves, PN16, DN25, T",Valves,Honeywell,VHS16R-025,adet,USDTRY,110.00,0,0,20,,"Static Balancing Valves, PN16, DN25, T",Grup: Field Devices | Alt kategori: Valves Miscellaneous | Menşei: CN | Durum: Active,true
VHS16R-032,"Static Balancing Valves, PN16, DN32, T",Valves,Honeywell,VHS16R-032,adet,USDTRY,150.00,0,0,20,,"Static Balancing Valves, PN16, DN32, T",Grup: Field Devices | Alt kategori: Valves Miscellaneous | Menşei: CN | Durum: Active,true
VHS16R-040,"Static Balancing Valves, PN16, DN40, T",Valves,Honeywell,VHS16R-040,adet,USDTRY,173.18,0,0,20,,"Static Balancing Valves, PN16, DN40, T",Grup: Field Devices | Alt kategori: Valves Miscellaneous | Menşei: CN | Durum: Active,true
VHS16R-050,"Static Balancing Valves, PN16, DN50, T",Valves,Honeywell,VHS16R-050,adet,USDTRY,226.07,0,0,20,,"Static Balancing Valves, PN16, DN50, T",Grup: Field Devices | Alt kategori: Valves Miscellaneous | Menşei: CN | Durum: Active,true
VMS2,2 AUXILIARY SWITCHES FOR VMM/K,Actuators,Honeywell,VMS2,adet,USDTRY,375.00,0,0,20,,2 AUXILIARY SWITCHES FOR VMM/K,Grup: Field Devices | Alt kategori: Actuator accessories | Menşei: HU | Durum: Active,true
VN32A15NT,FCU Valve Mod 24VAC 2-Way DN15 NPT,Valve & Actuator Assemblies,Honeywell,VN32A15NT,adet,USDTRY,175.25,0,0,20,,FCU Valve Mod 24VAC 2-Way DN15 NPT,Grup: Field Devices | Alt kategori: valve actuator assembly | Menşei: CN | Durum: Active,true
VN32A15PP,FCU Valve Mod 24VAC 2-Way DN15 BSPP,Valve & Actuator Assemblies,Honeywell,VN32A15PP,adet,USDTRY,172.14,0,0,20,,FCU Valve Mod 24VAC 2-Way DN15 BSPP,Grup: Field Devices | Alt kategori: valve actuator assembly | Menşei: CN | Durum: Active,true
VN32A15PT,"FCU VALVE MOD 24VAC, 2-WAY DN15 BSPT",Valve & Actuator Assemblies,Honeywell,VN32A15PT,adet,USDTRY,163.85,0,0,20,,"FCU VALVE MOD 24VAC, 2-WAY DN15 BSPT",Grup: Field Devices | Alt kategori: valve actuator assembly | Menşei: CN | Durum: Active,true
VN32A20NT,FCU  Valve Mod 24VAC 2-Way DN20 NPT,Valve & Actuator Assemblies,Honeywell,VN32A20NT,adet,USDTRY,175.25,0,0,20,,FCU  Valve Mod 24VAC 2-Way DN20 NPT,Grup: Field Devices | Alt kategori: valve actuator assembly | Menşei: CN | Durum: Active,true
VN32A20PP,FCU Valve Mod 24VAC 2-Way DN20 BSPP,Valve & Actuator Assemblies,Honeywell,VN32A20PP,adet,USDTRY,161.77,0,0,20,,FCU Valve Mod 24VAC 2-Way DN20 BSPP,Grup: Field Devices | Alt kategori: valve actuator assembly | Menşei: CN | Durum: Active,true
VN32A20PT,FCU Valve Mod 24VAC 2-Way DN20 BSPT,Genel,Honeywell,VN32A20PT,adet,USDTRY,173.18,0,0,20,,FCU Valve Mod 24VAC 2-Way DN20 BSPT,Grup: Field Devices | Menşei: CN | Durum: Active,true
VN32A25NT,FCU Valve Mod 24VAC 2-Way DN25 NPT,Valve & Actuator Assemblies,Honeywell,VN32A25NT,adet,USDTRY,178.36,0,0,20,,FCU Valve Mod 24VAC 2-Way DN25 NPT,Grup: Field Devices | Alt kategori: valve actuator assembly | Menşei: CN | Durum: Active,true
VN32A25PP,FCU Valve Mod 24VAC 2-Way DN25 BSPP,Valve & Actuator Assemblies,Honeywell,VN32A25PP,adet,USDTRY,158.66,0,0,20,,FCU Valve Mod 24VAC 2-Way DN25 BSPP,Grup: Field Devices | Alt kategori: valve actuator assembly | Menşei: CN | Durum: Active,true
VN32A25PT,FCU Valve Mod 24VAC 2-Way DN25 BSPT,Valve & Actuator Assemblies,Honeywell,VN32A25PT,adet,USDTRY,175.25,0,0,20,,FCU Valve Mod 24VAC 2-Way DN25 BSPT,Grup: Field Devices | Alt kategori: valve actuator assembly | Menşei: CN | Durum: Active,true
VN32A32PP,2 way DN32,Genel,Honeywell,VN32A32PP,adet,USDTRY,135.00,0,0,20,,2 way DN32,Grup: Field Devices | Menşei: CN | Durum: Active,true
VN32A32PT,2 way DN32,Genel,Honeywell,VN32A32PT,adet,USDTRY,135.00,0,0,20,,2 way DN32,Grup: Field Devices | Menşei: CN | Durum: Active,true
VN33A15NT,FCU Valve Mod 24VAC 3-Way DN15 NPT,Valve & Actuator Assemblies,Honeywell,VN33A15NT,adet,USDTRY,177.33,0,0,20,,FCU Valve Mod 24VAC 3-Way DN15 NPT,Grup: Field Devices | Alt kategori: valve actuator assembly | Menşei: CN | Durum: Active,true
VN33A15PP,FCU Valve Mod 24VAC 3-Way DN15 BSPP,Valve & Actuator Assemblies,Honeywell,VN33A15PP,adet,USDTRY,177.33,0,0,20,,FCU Valve Mod 24VAC 3-Way DN15 BSPP,Grup: Field Devices | Alt kategori: valve actuator assembly | Menşei: CN | Durum: Active,true
VN33A15PT,FCU Valve Mod 24VAC 3-Way DN15 BSPT,Valve & Actuator Assemblies,Honeywell,VN33A15PT,adet,USDTRY,173.18,0,0,20,,FCU Valve Mod 24VAC 3-Way DN15 BSPT,Grup: Field Devices | Alt kategori: valve actuator assembly | Menşei: CN | Durum: Active,true
VN33A20NT,FCU Valve Mod 24VAC 3-Way DN20 NPT,Valve & Actuator Assemblies,Honeywell,VN33A20NT,adet,USDTRY,160.00,0,0,20,,FCU Valve Mod 24VAC 3-Way DN20 NPT,Grup: Field Devices | Alt kategori: valve actuator assembly | Menşei: CN | Durum: Active,true
VN33A20PP,FCU Valve Mod 24VAC 3-Way DN20 BSPP,Valve & Actuator Assemblies,Honeywell,VN33A20PP,adet,USDTRY,180.00,0,0,20,,FCU Valve Mod 24VAC 3-Way DN20 BSPP,Grup: Field Devices | Alt kategori: valve actuator assembly | Menşei: CN | Durum: Active,true
VN33A20PT,FCU Valve Mod 24VAC 3-Way DN20 BSPT,Valve & Actuator Assemblies,Honeywell,VN33A20PT,adet,USDTRY,175.25,0,0,20,,FCU Valve Mod 24VAC 3-Way DN20 BSPT,Grup: Field Devices | Alt kategori: valve actuator assembly | Menşei: CN | Durum: Active,true
VN33A25NT,FCU Valve Mod 24VAC 3-Way DN25 NPT,Valve & Actuator Assemblies,Honeywell,VN33A25NT,adet,USDTRY,180.44,0,0,20,,FCU Valve Mod 24VAC 3-Way DN25 NPT,Grup: Field Devices | Alt kategori: valve actuator assembly | Menşei: CN | Durum: Active,true
VN33A25PP,FCU Valve Mod 24VAC 3-Way DN25 BSPP,Valve & Actuator Assemblies,Honeywell,VN33A25PP,adet,USDTRY,180.44,0,0,20,,FCU Valve Mod 24VAC 3-Way DN25 BSPP,Grup: Field Devices | Alt kategori: valve actuator assembly | Menşei: CN | Durum: Active,true
VN33A25PT,FCU Valve Mod 24VAC 3-Way DN25 BSPT,Valve & Actuator Assemblies,Honeywell,VN33A25PT,adet,USDTRY,177.33,0,0,20,,FCU Valve Mod 24VAC 3-Way DN25 BSPT,Grup: Field Devices | Alt kategori: valve actuator assembly | Menşei: CN | Durum: Active,true
VN33A32PP,3 way DN32,Genel,Honeywell,VN33A32PP,adet,USDTRY,173.18,0,0,20,,3 way DN32,Grup: Field Devices | Menşei: CN | Durum: Active,true
VN33A32PT,3 way DN32,Genel,Honeywell,VN33A32PT,adet,USDTRY,173.18,0,0,20,,3 way DN32,Grup: Field Devices | Menşei: CN | Durum: Active,true
VN3ZZA00T,"VN3,Valve actuator, 24VAC, Modulating",Genel,Honeywell,VN3ZZA00T,adet,USDTRY,66.37,0,0,20,,"VN3,Valve actuator, 24VAC, Modulating",Grup: Field Devices | Menşei: CN | Durum: Active,true
VN82A20PP,FCU BALL VALVE 24VAC 2 WAY DN20 BSPP,Valve & Actuator Assemblies,Honeywell,VN82A20PP,adet,USDTRY,103.70,0,0,20,,FCU BALL VALVE 24VAC 2 WAY DN20 BSPP,Grup: Field Devices | Alt kategori: valve actuator assembly | Menşei: CN | Durum: Active,true
VN82A20PT,FCU BALL VALVE 24VAC 2 WAY DN20 BSPT,Genel,Honeywell,VN82A20PT,adet,USDTRY,112.00,0,0,20,,FCU BALL VALVE 24VAC 2 WAY DN20 BSPT,Grup: Field Devices | Menşei: CN | Durum: Active,true
VN82A25PP,FCU BALL VALVE 24VAC 2 WAY DN25 BSPP,Genel,Honeywell,VN82A25PP,adet,USDTRY,119.26,0,0,20,,FCU BALL VALVE 24VAC 2 WAY DN25 BSPP,Grup: Field Devices | Menşei: CN | Durum: Active,true
VN82C15NT,FCU BALL VALVE 220VAC 2 WAY DN15 NPT,Valve & Actuator Assemblies,Honeywell,VN82C15NT,adet,USDTRY,88.15,0,0,20,,FCU BALL VALVE 220VAC 2 WAY DN15 NPT,Grup: Field Devices | Alt kategori: valve actuator assembly | Menşei: CN | Durum: Active,true
VN82C15PP,FCU BALL VALVE 220VAC 2 WAY DN15 BSPP,Valve & Actuator Assemblies,Honeywell,VN82C15PP,adet,USDTRY,83.00,0,0,20,,FCU BALL VALVE 220VAC 2 WAY DN15 BSPP,Grup: Field Devices | Alt kategori: valve actuator assembly | Menşei: CN | Durum: Active,true
VN82C15PT,FCU BALL VALVE 220VAC 2 WAY DN15 BSPT,Genel,Honeywell,VN82C15PT,adet,USDTRY,86.07,0,0,20,,FCU BALL VALVE 220VAC 2 WAY DN15 BSPT,Grup: Field Devices | Menşei: CN | Durum: Active,true
VN82C20NT,FCU Ball valve 220VAC 2 way DN20 NPT,Valve & Actuator Assemblies,Honeywell,VN82C20NT,adet,USDTRY,86.07,0,0,20,,FCU Ball valve 220VAC 2 way DN20 NPT,Grup: Field Devices | Alt kategori: valve actuator assembly | Menşei: CN | Durum: Active,true
VN82C20PP,FCU BALL VALVE 220VAC 2 WAY DN20 BSPP,Valve & Actuator Assemblies,Honeywell,VN82C20PP,adet,USDTRY,64.29,0,0,20,,FCU BALL VALVE 220VAC 2 WAY DN20 BSPP,Grup: Field Devices | Alt kategori: valve actuator assembly | Menşei: CN | Durum: Active,true
VN82C20PT,FCU BALL VALVE 220VAC 2 WAY DN20 BSPT,Valve & Actuator Assemblies,Honeywell,VN82C20PT,adet,USDTRY,86.07,0,0,20,,FCU BALL VALVE 220VAC 2 WAY DN20 BSPT,Grup: Field Devices | Alt kategori: valve actuator assembly | Menşei: CN | Durum: Active,true
VN82C25NT,FCU BALL VALVE 220VAC 2 WAY DN25 NPT,Valve & Actuator Assemblies,Honeywell,VN82C25NT,adet,USDTRY,100.05,0,0,20,,FCU BALL VALVE 220VAC 2 WAY DN25 NPT,Grup: Field Devices | Alt kategori: valve actuator assembly | Menşei: CN | Durum: Phase Out Inprogress,false
VN82C25PP,FCU BALL VALVE 220VAC 2 WAY DN25 BSPP,Valve & Actuator Assemblies,Honeywell,VN82C25PP,adet,USDTRY,68.44,0,0,20,,FCU BALL VALVE 220VAC 2 WAY DN25 BSPP,Grup: Field Devices | Alt kategori: valve actuator assembly | Menşei: CN | Durum: Active,true
VN82C25PT,FCU BALL VALVE 220VAC 2 WAY DN25 BSPT,Valve & Actuator Assemblies,Honeywell,VN82C25PT,adet,USDTRY,90.22,0,0,20,,FCU BALL VALVE 220VAC 2 WAY DN25 BSPT,Grup: Field Devices | Alt kategori: valve actuator assembly | Menşei: CN | Durum: Active,true
VN82C32PP,2 way DN32,Valve & Actuator Assemblies,Honeywell,VN82C32PP,adet,USDTRY,107.85,0,0,20,,2 way DN32,Grup: Field Devices | Alt kategori: valve actuator assembly | Menşei: CN | Durum: Active,true
VN82C32PT,2 way DN32,Genel,Honeywell,VN82C32PT,adet,USDTRY,110.96,0,0,20,,2 way DN32,Grup: Field Devices | Menşei: CN | Durum: Active,true
VN83A15NT,FCU BALL VALVE 24VAC 3 WAY DN15 NPT,Genel,Honeywell,VN83A15NT,adet,USDTRY,118.22,0,0,20,,FCU BALL VALVE 24VAC 3 WAY DN15 NPT,Grup: Field Devices | Menşei: CN | Durum: Active,true
VN83A15PP,FCU BALL VALVE 24VAC 3 WAY DN15 BSPP,Genel,Honeywell,VN83A15PP,adet,USDTRY,118.22,0,0,20,,FCU BALL VALVE 24VAC 3 WAY DN15 BSPP,Grup: Field Devices | Menşei: CN | Durum: Active,true
VN83A20NT,FCU BALL VALVE 24VAC 3 WAY DN20 NPT,Genel,Honeywell,VN83A20NT,adet,USDTRY,118.22,0,0,20,,FCU BALL VALVE 24VAC 3 WAY DN20 NPT,Grup: Field Devices | Menşei: CN | Durum: Active,true
VN83A20PP,FCU BALL VALVE 24VAC 3 WAY DN20 BSPP,Genel,Honeywell,VN83A20PP,adet,USDTRY,118.22,0,0,20,,FCU BALL VALVE 24VAC 3 WAY DN20 BSPP,Grup: Field Devices | Menşei: CN | Durum: Active,true
VN83A20PT,FCU BALL VALVE 24VAC 3 WAY DN20 BSPT,Valve & Actuator Assemblies,Honeywell,VN83A20PT,adet,USDTRY,115.11,0,0,20,,FCU BALL VALVE 24VAC 3 WAY DN20 BSPT,Grup: Field Devices | Alt kategori: valve actuator assembly | Menşei: CN | Durum: Active,true
VN83A25NT,FCU BALL VALVE 24VAC 3 WAY DN25 NPT,Genel,Honeywell,VN83A25NT,adet,USDTRY,142.07,0,0,20,,FCU BALL VALVE 24VAC 3 WAY DN25 NPT,Grup: Field Devices | Menşei: CN | Durum: Active,true
VN83A25PP,FCU BALL VALVE 24VAC 3 WAY DN25 BSPP,Genel,Honeywell,VN83A25PP,adet,USDTRY,142.07,0,0,20,,FCU BALL VALVE 24VAC 3 WAY DN25 BSPP,Grup: Field Devices | Menşei: CN | Durum: Active,true
VN83A25PT,FCU BALL VALVE 24VAC 3 WAY DN25 BSPT,Valve & Actuator Assemblies,Honeywell,VN83A25PT,adet,USDTRY,137.92,0,0,20,,FCU BALL VALVE 24VAC 3 WAY DN25 BSPT,Grup: Field Devices | Alt kategori: valve actuator assembly | Menşei: CN | Durum: Active,true
VN83C15NT,FCU Ball valve 220VAC 3 way DN15 NPT,Genel,Honeywell,VN83C15NT,adet,USDTRY,96.44,0,0,20,,FCU Ball valve 220VAC 3 way DN15 NPT,Grup: Field Devices | Menşei: CN | Durum: Active,true
VN83C15PP,FCU Ball valve 220VAC 3 way DN15 BSPP,Valve & Actuator Assemblies,Honeywell,VN83C15PP,adet,USDTRY,90.22,0,0,20,,FCU Ball valve 220VAC 3 way DN15 BSPP,Grup: Field Devices | Alt kategori: valve actuator assembly | Menşei: CN | Durum: Active,true
VN83C15PT,FCU Ball valve 220VAC 3 way DN15 BSPT,Valve & Actuator Assemblies,Honeywell,VN83C15PT,adet,USDTRY,93.33,0,0,20,,FCU Ball valve 220VAC 3 way DN15 BSPT,Grup: Field Devices | Alt kategori: valve actuator assembly | Menşei: CN | Durum: Active,true
VN83C20NT,FCU Ball valve 220VAC 3 way DN20 NPT,Genel,Honeywell,VN83C20NT,adet,USDTRY,96.44,0,0,20,,FCU Ball valve 220VAC 3 way DN20 NPT,Grup: Field Devices | Menşei: CN | Durum: Active,true
VN83C20PP,FCU Ball valve 220VAC 3 way DN20 BSPP,Valve & Actuator Assemblies,Honeywell,VN83C20PP,adet,USDTRY,75.00,0,0,20,,FCU Ball valve 220VAC 3 way DN20 BSPP,Grup: Field Devices | Alt kategori: valve actuator assembly | Menşei: CN | Durum: Active,true
VN83C20PT,FCU Ball valve 220VAC 3 way DN20 BSPT,Valve & Actuator Assemblies,Honeywell,VN83C20PT,adet,USDTRY,93.33,0,0,20,,FCU Ball valve 220VAC 3 way DN20 BSPT,Grup: Field Devices | Alt kategori: valve actuator assembly | Menşei: CN | Durum: Active,true
VN83C25NT,FCU Ball valve 220VAC 3 way DN25 NPT,Valve & Actuator Assemblies,Honeywell,VN83C25NT,adet,USDTRY,116.14,0,0,20,,FCU Ball valve 220VAC 3 way DN25 NPT,Grup: Field Devices | Alt kategori: valve actuator assembly | Menşei: CN | Durum: Active,true
VN83C25PP,FCU Ball valve 220VAC 3 way DN25 BSPP,Valve & Actuator Assemblies,Honeywell,VN83C25PP,adet,USDTRY,90.22,0,0,20,,FCU Ball valve 220VAC 3 way DN25 BSPP,Grup: Field Devices | Alt kategori: valve actuator assembly | Menşei: CN | Durum: Active,true
VN83C25PT,FCU Ball valve 220VAC 3 way DN25 BSPT,Genel,Honeywell,VN83C25PT,adet,USDTRY,113.03,0,0,20,,FCU Ball valve 220VAC 3 way DN25 BSPT,Grup: Field Devices | Menşei: CN | Durum: Active,true
VN83C32PP,3 way DN32,Valve & Actuator Assemblies,Honeywell,VN83C32PP,adet,USDTRY,137.92,0,0,20,,3 way DN32,Grup: Field Devices | Alt kategori: valve actuator assembly | Menşei: CN | Durum: Active,true
VN83C32PT,3 way DN32,Genel,Honeywell,VN83C32PT,adet,USDTRY,137.92,0,0,20,,3 way DN32,Grup: Field Devices | Menşei: CN | Durum: Active,true
VN8ZZC00T,"VN8,Valve actuator, 220VAC",Genel,Honeywell,VN8ZZC00T,adet,USDTRY,36.30,0,0,20,,"VN8,Valve actuator, 220VAC",Grup: Field Devices | Menşei: CN | Durum: Active,true
VNM111-351,VACUUM SWITCH,Sensors and Wall Modules,Honeywell,VNM111-351,adet,USDTRY,760.00,0,0,20,,VACUUM SWITCH,Grup: Field Devices | Alt kategori: Pressure Sensor | Menşei: DE | Durum: Active,true
VPE0A7010,Brass Adapter for VPE PICV DN15/20,Genel,Honeywell,VPE0A7010,adet,USDTRY,4.02,0,0,20,,Brass Adapter for VPE PICV DN15/20,Grup: Field Devices | Menşei: DE | Durum: Active,true
VPE0A748X,Brass Adapter for VPE PICV DN25,Genel,Honeywell,VPE0A748X,adet,USDTRY,4.31,0,0,20,,Brass Adapter for VPE PICV DN25,Grup: Field Devices | Menşei: DE | Durum: Active,true
VPE1000,Flow Insert 1000 lph (DN20 I/E),Genel,Honeywell,VPE1000,adet,USDTRY,77.57,0,0,20,,Flow Insert 1000 lph (DN20 I/E),Grup: Field Devices | Menşei: DE | Durum: Active,true
VPE150,Flow Insert 150 lph (DN15 I/E),Genel,Honeywell,VPE150,adet,USDTRY,64.00,0,0,20,,Flow Insert 150 lph (DN15 I/E),Grup: Field Devices | Menşei: DE | Durum: Active,true
VPE15F15AH,"PICV DN15, 850 lph, 15mm Internal, Port",Genel,Honeywell,VPE15F15AH,adet,USDTRY,117.79,0,0,20,,"PICV DN15, 850 lph, 15mm Internal, Port",Grup: Field Devices | Menşei: DE | Durum: Active,true
VPE15F15AL,"PICV DN15, 450 lph, 15mm Internal, Port",Genel,Honeywell,VPE15F15AL,adet,USDTRY,106.30,0,0,20,,"PICV DN15, 450 lph, 15mm Internal, Port",Grup: Field Devices | Menşei: DE | Durum: Active,true
VPE15F15AV,"PICV DN15, 150 lph, 15mm Internal, Port",Genel,Honeywell,VPE15F15AV,adet,USDTRY,106.30,0,0,20,,"PICV DN15, 150 lph, 15mm Internal, Port",Grup: Field Devices | Menşei: DE | Durum: Active,true
VPE15M15BL,"PICV DN15, 450 lph, 15mm External",Genel,Honeywell,VPE15M15BL,adet,USDTRY,84.46,0,0,20,,"PICV DN15, 450 lph, 15mm External",Grup: Field Devices | Menşei: DE | Durum: Active,true
VPE15M15BV,"PICV DN15, 150 lph, 15mm External",Genel,Honeywell,VPE15M15BV,adet,USDTRY,84.46,0,0,20,,"PICV DN15, 150 lph, 15mm External",Grup: Field Devices | Menşei: DE | Durum: Active,true
VPE1850,Flow Insert 1850 lph (DN20 I/E),Genel,Honeywell,VPE1850,adet,USDTRY,77.57,0,0,20,,Flow Insert 1850 lph (DN20 I/E),Grup: Field Devices | Menşei: DE | Durum: Active,true
VPE20F20AH,"PICV DN20, 1850 lph, 20mm Internal, Port",Genel,Honeywell,VPE20F20AH,adet,USDTRY,131.87,0,0,20,,"PICV DN20, 1850 lph, 20mm Internal, Port",Grup: Field Devices | Menşei: DE | Durum: Active,true
VPE20F20AL,"PICV DN20, 1000 lph, 20mm Internal, Port",Genel,Honeywell,VPE20F20AL,adet,USDTRY,131.87,0,0,20,,"PICV DN20, 1000 lph, 20mm Internal, Port",Grup: Field Devices | Menşei: DE | Durum: Active,true
VPE20M20BV,"PICV DN20, 850 lph, 20mm External",Genel,Honeywell,VPE20M20BV,adet,USDTRY,100.55,0,0,20,,"PICV DN20, 850 lph, 20mm External",Grup: Field Devices | Menşei: DE | Durum: Active,true
VPE20M25BH,"PICV DN20, 1850 lph, 25mm External",Genel,Honeywell,VPE20M25BH,adet,USDTRY,108.02,0,0,20,,"PICV DN20, 1850 lph, 25mm External",Grup: Field Devices | Menşei: DE | Durum: Active,true
VPE2500,Flow Insert 2500 lph (DN25 I/E),Genel,Honeywell,VPE2500,adet,USDTRY,128.42,0,0,20,,Flow Insert 2500 lph (DN25 I/E),Grup: Field Devices | Menşei: DE | Durum: Active,true
VPE25F25AL,"PICV DN25, 2500 lph, 25mm Internal, Port",Genel,Honeywell,VPE25F25AL,adet,USDTRY,202.83,0,0,20,,"PICV DN25, 2500 lph, 25mm Internal, Port",Grup: Field Devices | Menşei: DE | Durum: Active,true
VPE25M25BL,"PICV DN25, 2500 lph, 25mm External",Genel,Honeywell,VPE25M25BL,adet,USDTRY,165.00,0,0,20,,"PICV DN25, 2500 lph, 25mm External",Grup: Field Devices | Menşei: DE | Durum: Active,true
VPE450,Flow Insert 450 lph (DN15 I/E),Genel,Honeywell,VPE450,adet,USDTRY,64.00,0,0,20,,Flow Insert 450 lph (DN15 I/E),Grup: Field Devices | Menşei: DE | Durum: Active,true
VPE850,Flow Insert 850 lph (DN15 I/DN20 E),Genel,Honeywell,VPE850,adet,USDTRY,72.00,0,0,20,,Flow Insert 850 lph (DN15 I/DN20 E),Grup: Field Devices | Menşei: DE | Durum: Active,true
VPE9601010050C,"Pipe Internal 1/2"" x External 3/8""",Genel,Honeywell,VPE9601010050C,adet,USDTRY,7.20,0,0,20,,"Pipe Internal 1/2"" x External 3/8""",Grup: Field Devices | Menşei: DE | Durum: Active,true
VPE9601210050C,"Pipe Internal 3/4"" x External 1/2""",Genel,Honeywell,VPE9601210050C,adet,USDTRY,10.63,0,0,20,,"Pipe Internal 3/4"" x External 1/2""",Grup: Field Devices | Menşei: DE | Durum: Active,true
VPE9602515210C,"Pipe Internal 1"" x External 3/4""",Genel,Honeywell,VPE9602515210C,adet,USDTRY,19.54,0,0,20,,"Pipe Internal 1"" x External 3/4""",Grup: Field Devices | Menşei: DE | Durum: Active,true
VPEIJF15,"Insulation Jacket DN15 PICV, Int. thread",Genel,Honeywell,VPEIJF15,adet,USDTRY,41.00,0,0,20,,"Insulation Jacket DN15 PICV, Int. thread",Grup: Field Devices | Menşei: DE | Durum: Active,true
VPEIJF20,"Insulating Jacket DN20 PICV, Int thread",Genel,Honeywell,VPEIJF20,adet,USDTRY,41.00,0,0,20,,"Insulating Jacket DN20 PICV, Int thread",Grup: Field Devices | Menşei: DE | Durum: Active,true
VPEIJF25,"Insulation Jacket DN25 PICV, Int thread",Genel,Honeywell,VPEIJF25,adet,USDTRY,41.00,0,0,20,,"Insulation Jacket DN25 PICV, Int thread",Grup: Field Devices | Menşei: DE | Durum: Active,true
VPEVA64,Pastic Adapter for Actuator M4100E1510,Genel,Honeywell,VPEVA64,adet,USDTRY,4.31,0,0,20,,Pastic Adapter for Actuator M4100E1510,Grup: Field Devices | Menşei: DE | Durum: Active,true
VPI015-HS,VPI PICV FCU KIT DN15 Hose Pipe PN30,Valves,Honeywell,VPI015-HS,adet,USDTRY,20.00,0,0,20,,VPI PICV FCU KIT DN15 Hose Pipe PN30,Grup: Field Devices | Alt kategori: PICV Valves | Menşei: DK | Durum: Active,true
VPI015TPH2,VPI PICV DN15 P-PORT HI FLOW THREADED,Valves,Honeywell,VPI015TPH2,adet,USDTRY,123.40,0,0,20,,VPI PICV DN15 P-PORT HI FLOW THREADED,Grup: Field Devices | Alt kategori: PICV Valves | Menşei: DK | Durum: Active,true
VPI015TPH2-KIT,VPI PICV FCU KIT DN15 HF PN25  w/PP + IB,Valves,Honeywell,VPI015TPH2-KIT,adet,USDTRY,253.03,0,0,20,,VPI PICV FCU KIT DN15 HF PN25  w/PP + IB,Grup: Field Devices | Alt kategori: PICV Valves | Menşei: DK | Durum: Active,true
VPI015TPL2,VPI PICV DN15 P-PORT LOW FLOW THREADED,Valves,Honeywell,VPI015TPL2,adet,USDTRY,114.07,0,0,20,,VPI PICV DN15 P-PORT LOW FLOW THREADED,Grup: Field Devices | Alt kategori: PICV Valves | Menşei: DK | Durum: Active,true
VPI015TPL2-KIT,VPI PICV FCU KIT DN15 LF PN25 w/PP + IB,Valves,Honeywell,VPI015TPL2-KIT,adet,USDTRY,245.77,0,0,20,,VPI PICV FCU KIT DN15 LF PN25 w/PP + IB,Grup: Field Devices | Alt kategori: PICV Valves | Menşei: DK | Durum: Active,true
VPI015TWH2,VPI PICV DN15 NO P-PORT HI FLOW THREADED,Valves,Honeywell,VPI015TWH2,adet,USDTRY,112.00,0,0,20,,VPI PICV DN15 NO P-PORT HI FLOW THREADED,Grup: Field Devices | Alt kategori: PICV Valves | Menşei: DK | Durum: Active,true
VPI015TWL2,VPI PICV DN15 NO P-PORT LOW FLOW THREADE,Valves,Honeywell,VPI015TWL2,adet,USDTRY,110.00,0,0,20,,VPI PICV DN15 NO P-PORT LOW FLOW THREADE,Grup: Field Devices | Alt kategori: PICV Valves | Menşei: DK | Durum: Active,true
VPI020-HS,VPI PICV FCU KIT DN20 Hose Pipe PN30,Valves,Honeywell,VPI020-HS,adet,USDTRY,40.00,0,0,20,,VPI PICV FCU KIT DN20 Hose Pipe PN30,Grup: Field Devices | Alt kategori: PICV Valves | Menşei: DK | Durum: Active,true
VPI020TPH2,VPI PICV DN20 P-PORT HI FLOW THREADED,Valves,Honeywell,VPI020TPH2,adet,USDTRY,113.03,0,0,20,,VPI PICV DN20 P-PORT HI FLOW THREADED,Grup: Field Devices | Alt kategori: PICV Valves | Menşei: DK | Durum: Active,true
VPI020TPH2-KIT,VPI PICV FCU KIT DN20 HF PN25  w/PP + IB,Valves,Honeywell,VPI020TPH2-KIT,adet,USDTRY,282.06,0,0,20,,VPI PICV FCU KIT DN20 HF PN25  w/PP + IB,Grup: Field Devices | Alt kategori: PICV Valves | Menşei: DK | Durum: Active,true
VPI020TPL2,VPI PICV DN20 P-PORT LOW FLOW THREADED,Valves,Honeywell,VPI020TPL2,adet,USDTRY,110.00,0,0,20,,VPI PICV DN20 P-PORT LOW FLOW THREADED,Grup: Field Devices | Alt kategori: PICV Valves | Menşei: DK | Durum: Active,true
VPI020TPL2-KIT,VPI PICV FCU KIT DN20 LF PN25  w/PP + IB,Valves,Honeywell,VPI020TPL2-KIT,adet,USDTRY,282.06,0,0,20,,VPI PICV FCU KIT DN20 LF PN25  w/PP + IB,Grup: Field Devices | Alt kategori: PICV Valves | Menşei: DK | Durum: Active,true
VPI020TWH2,VPI PICV DN20 NO P-PORT HI FLOW THREADED,Valves,Honeywell,VPI020TWH2,adet,USDTRY,120.29,0,0,20,,VPI PICV DN20 NO P-PORT HI FLOW THREADED,Grup: Field Devices | Alt kategori: PICV Valves | Menşei: DK | Durum: Active,true
VPI020TWL2,VPI PICV DN20 NO P-PORT LOW FLOW THREADE,Valves,Honeywell,VPI020TWL2,adet,USDTRY,120.29,0,0,20,,VPI PICV DN20 NO P-PORT LOW FLOW THREADE,Grup: Field Devices | Alt kategori: PICV Valves | Menşei: DK | Durum: Active,true
VPI025-HS,VPI PICV FCU KIT DN25 Hose Pipe PN30,Valves,Honeywell,VPI025-HS,adet,USDTRY,56.00,0,0,20,,VPI PICV FCU KIT DN25 Hose Pipe PN30,Grup: Field Devices | Alt kategori: PICV Valves | Menşei: DK | Durum: Active,true
VPI025TPH2,VPI PICV DN25 P-PORT HI FLOW THREADED,Valves,Honeywell,VPI025TPH2,adet,USDTRY,132.74,0,0,20,,VPI PICV DN25 P-PORT HI FLOW THREADED,Grup: Field Devices | Alt kategori: PICV Valves | Menşei: DK | Durum: Active,true
VPI025TPH2-KIT,VPI PICV FCU KIT DN25 HF PN25  w/PP + IB,Valves,Honeywell,VPI025TPH2-KIT,adet,USDTRY,325.62,0,0,20,,VPI PICV FCU KIT DN25 HF PN25  w/PP + IB,Grup: Field Devices | Alt kategori: PICV Valves | Menşei: DK | Durum: Active,true
VPI025TWH2,VPI PICV DN25 NO P-PORT HI FLOW THREADED,Valves,Honeywell,VPI025TWH2,adet,USDTRY,141.03,0,0,20,,VPI PICV DN25 NO P-PORT HI FLOW THREADED,Grup: Field Devices | Alt kategori: PICV Valves | Menşei: DK | Durum: Active,true
VPI032-HS,VPI PICV FCU KIT DN32 HOSE PIPE PN30,Valves,Honeywell,VPI032-HS,adet,USDTRY,101.63,0,0,20,,VPI PICV FCU KIT DN32 HOSE PIPE PN30,Grup: Field Devices | Alt kategori: PICV Valves | Menşei: DK | Durum: Active,true
VPI032TPH2,VPI PICV DN32 P-PORT HI FLOW THREADED,Valves,Honeywell,VPI032TPH2,adet,USDTRY,212.58,0,0,20,,VPI PICV DN32 P-PORT HI FLOW THREADED,Grup: Field Devices | Alt kategori: PICV Valves | Menşei: DK | Durum: Active,true
VPI032TPH2-KIT,VPI PICV FCU KIT DN32 HF PN25  w/PP,Valves,Honeywell,VPI032TPH2-KIT,adet,USDTRY,760.00,0,0,20,,VPI PICV FCU KIT DN32 HF PN25  w/PP,Grup: Field Devices | Alt kategori: PICV Valves | Menşei: DK | Durum: Active,true
VPI032TWH2,VPI PICV DN32 NO P-PORT HI FLOW THREADED,Valves,Honeywell,VPI032TWH2,adet,USDTRY,225.03,0,0,20,,VPI PICV DN32 NO P-PORT HI FLOW THREADED,Grup: Field Devices | Alt kategori: PICV Valves | Menşei: DK | Durum: Active,true
VPI040TPH2,VPI PICV DN40 P-PORT HI FLOW THREADED,Valves,Honeywell,VPI040TPH2,adet,USDTRY,396.13,0,0,20,,VPI PICV DN40 P-PORT HI FLOW THREADED,Grup: Field Devices | Alt kategori: PICV Valves | Menşei: DK | Durum: Active,true
VPI050FPH4,VPI PICV DN50 P-PORT LO FLOW FLANGED,Valves,Honeywell,VPI050FPH4,adet,USDTRY,810.00,0,0,20,,VPI PICV DN50 P-PORT LO FLOW FLANGED,Grup: Field Devices | Alt kategori: PICV Valves | Menşei: DK | Durum: Active,true
VPI050TPL2,VPI PICV DN50 P-PORT LO FLOW THREADED,Valves,Honeywell,VPI050TPL2,adet,USDTRY,410.65,0,0,20,,VPI PICV DN50 P-PORT LO FLOW THREADED,Grup: Field Devices | Alt kategori: PICV Valves | Menşei: DK | Durum: Active,true
VPI065FPH4,VPI PICV DN65 P-PORT HI FLOW FLANGED,Valves,Honeywell,VPI065FPH4,adet,USDTRY,840.00,0,0,20,,VPI PICV DN65 P-PORT HI FLOW FLANGED,Grup: Field Devices | Alt kategori: PICV Valves | Menşei: DK | Durum: Active,true
VPI080FPH4,VPI PICV DN80 P-PORT HI FLOW FLANGED,Valves,Honeywell,VPI080FPH4,adet,USDTRY,2125.85,0,0,20,,VPI PICV DN80 P-PORT HI FLOW FLANGED,Grup: Field Devices | Alt kategori: PICV Valves | Menşei: DK | Durum: Active,true
VPI080FPL4,VPI PICV DN80 P-PORT LO FLOW FLANGED,Valves,Honeywell,VPI080FPL4,adet,USDTRY,810.00,0,0,20,,VPI PICV DN80 P-PORT LO FLOW FLANGED,Grup: Field Devices | Alt kategori: PICV Valves | Menşei: DK | Durum: Active,true
VPI100FPH4,VPI PICV DN100 P-PORT HI FLOW FLANGED,Valves,Honeywell,VPI100FPH4,adet,USDTRY,2359.17,0,0,20,,VPI PICV DN100 P-PORT HI FLOW FLANGED,Grup: Field Devices | Alt kategori: PICV Valves | Menşei: DK | Durum: Active,true
VPI100FPL4,VPI PICV DN100 P-PORT LO FLOW FLANGED,Valves,Honeywell,VPI100FPL4,adet,USDTRY,2333.25,0,0,20,,VPI PICV DN100 P-PORT LO FLOW FLANGED,Grup: Field Devices | Alt kategori: PICV Valves | Menşei: DK | Durum: Active,true
VPI125FPH4,VPI PICV DN125 P-PORT HI FLOW FLANGED,Valves,Honeywell,VPI125FPH4,adet,USDTRY,3375.00,0,0,20,,VPI PICV DN125 P-PORT HI FLOW FLANGED,Grup: Field Devices | Alt kategori: PICV Valves | Menşei: DK | Durum: Active,true
VPI125FPL4,VPI PICV DN125 P-PORT LO FLOW FLANGED,Valves,Honeywell,VPI125FPL4,adet,USDTRY,3925.00,0,0,20,,VPI PICV DN125 P-PORT LO FLOW FLANGED,Grup: Field Devices | Alt kategori: PICV Valves | Menşei: DK | Durum: Active,true
VPI150FPH4,VPI PICV DN150 P-PORT HI FLOW FLANGED,Valves,Honeywell,VPI150FPH4,adet,USDTRY,10800.00,0,0,20,,VPI PICV DN150 P-PORT HI FLOW FLANGED,Grup: Field Devices | Alt kategori: PICV Valves | Menşei: DK | Durum: Active,true
VPI150FPL4,VPI PICV DN150 P-PORT LO FLOW FLANGED,Valves,Honeywell,VPI150FPL4,adet,USDTRY,3925.00,0,0,20,,VPI PICV DN150 P-PORT LO FLOW FLANGED,Grup: Field Devices | Alt kategori: PICV Valves | Menşei: DK | Durum: Active,true
VPI150HF-RE,VPI PICV DN150HF PIPE REDUCER,Genel,Honeywell,VPI150HF-RE,adet,USDTRY,1420.69,0,0,20,,VPI PICV DN150HF PIPE REDUCER,Grup: Field Devices | Menşei: DK | Durum: Active,true
VPI200FPH4,VPI PICV DN200 P-PORT HI FLOW FLANGED,Valves,Honeywell,VPI200FPH4,adet,USDTRY,12700.00,0,0,20,,VPI PICV DN200 P-PORT HI FLOW FLANGED,Grup: Field Devices | Alt kategori: PICV Valves | Menşei: DK | Durum: Active,true
VPI250FPH4,VPI PICV DN250 P-PORT HI FLOW FLANGED,Valves,Honeywell,VPI250FPH4,adet,USDTRY,10800.00,0,0,20,,VPI PICV DN250 P-PORT HI FLOW FLANGED,Grup: Field Devices | Alt kategori: PICV Valves | Menşei: DK | Durum: Active,true
VPI-FR032,VPI Series Flow Regulator DN32,Genel,Honeywell,VPI-FR032,adet,USDTRY,173.18,0,0,20,,VPI Series Flow Regulator DN32,Grup: Field Devices | Menşei: DK | Durum: Active,true
VPI-FSK,VPI Series Flow Setting Key,Valves,Honeywell,VPI-FSK,adet,USDTRY,11.15,0,0,20,,VPI Series Flow Setting Key,Grup: Field Devices | Alt kategori: PICV Valves | Menşei: DK | Durum: Active,true
VPI-HFR025,VPI Series High Flow Regulator DN15-DN25,Valves,Honeywell,VPI-HFR025,adet,USDTRY,125.00,0,0,20,,VPI Series High Flow Regulator DN15-DN25,Grup: Field Devices | Alt kategori: PICV Valves | Menşei: DK | Durum: Active,true
VPI-LFR020,VPI Series Low Flow Regulator DN15-DN20,Valves,Honeywell,VPI-LFR020,adet,USDTRY,121.33,0,0,20,,VPI Series Low Flow Regulator DN15-DN20,Grup: Field Devices | Alt kategori: PICV Valves | Menşei: DK | Durum: Active,true
VPI-MT,VPI series Measurement Tool,Valves,Honeywell,VPI-MT,adet,USDTRY,9100.00,0,0,20,,VPI series Measurement Tool,Grup: Field Devices | Alt kategori: PICV Valves | Menşei: GB | Durum: Active,true
VPI-PP-TP,VPI Series Pressure Ports - Test Plugs,Valves,Honeywell,VPI-PP-TP,adet,USDTRY,17.89,0,0,20,,VPI Series Pressure Ports - Test Plugs,Grup: Field Devices | Alt kategori: PICV Valves | Menşei: DK | Durum: Active,true
VS82C20PP,"FCU 2-Way , SR, 220VAC,  DN20, BSPP",Valve & Actuator Assemblies,Honeywell,VS82C20PP,adet,USDTRY,72.59,0,0,20,,"FCU 2-Way , SR, 220VAC,  DN20, BSPP",Grup: Field Devices | Alt kategori: valve actuator assembly | Menşei: CN | Durum: Not for sale,false
VS82C25PP,"FCU 2-Way , SR, 220VAC,  DN25, BSPP",Valve & Actuator Assemblies,Honeywell,VS82C25PP,adet,USDTRY,87.40,0,0,20,,"FCU 2-Way , SR, 220VAC,  DN25, BSPP",Grup: Field Devices | Alt kategori: valve actuator assembly | Menşei: CN | Durum: Phase Out Inprogress,false
VS82C25PT,"FCU 2-Way , SR, 220VAC,  DN25, BSPT",Valve & Actuator Assemblies,Honeywell,VS82C25PT,adet,USDTRY,98.00,0,0,20,,"FCU 2-Way , SR, 220VAC,  DN25, BSPT",Grup: Field Devices | Alt kategori: valve actuator assembly | Menşei: CN | Durum: Phase Out Inprogress,false
VS83C15PP,"FCU 3-Way , SR, 220VAC,  DN15, BSPP",Valve & Actuator Assemblies,Honeywell,VS83C15PP,adet,USDTRY,91.00,0,0,20,,"FCU 3-Way , SR, 220VAC,  DN15, BSPP",Grup: Field Devices | Alt kategori: valve actuator assembly | Menşei: CN | Durum: Phase Out Inprogress,false
VS83C20PT,"FCU 3-Way , SR, 220VAC,  DN20, BSPT",Valve & Actuator Assemblies,Honeywell,VS83C20PT,adet,USDTRY,105.00,0,0,20,,"FCU 3-Way , SR, 220VAC,  DN20, BSPT",Grup: Field Devices | Alt kategori: valve actuator assembly | Menşei: CN | Durum: Phase Out Inprogress,false
VS83C25PP,"FCU 3-Way , SR, 220VAC,  DN25, BSPP",Valve & Actuator Assemblies,Honeywell,VS83C25PP,adet,USDTRY,102.35,0,0,20,,"FCU 3-Way , SR, 220VAC,  DN25, BSPP",Grup: Field Devices | Alt kategori: valve actuator assembly | Menşei: CN | Durum: Phase Out Inprogress,false
VS92A15PP,"DN15, PN20, BSPP, IP20",Genel,Honeywell,VS92A15PP,adet,USDTRY,46.67,0,0,20,,"DN15, PN20, BSPP, IP20",Grup: Field Devices | Menşei: CN | Durum: Active,true
VS92A20PP,"DN20, PN20, BSPP, IP20",Genel,Honeywell,VS92A20PP,adet,USDTRY,50.29,0,0,20,,"DN20, PN20, BSPP, IP20",Grup: Field Devices | Menşei: CN | Durum: Active,true
VS92A25PP,"DN25, PN20, BSPP, IP20",Genel,Honeywell,VS92A25PP,adet,USDTRY,56.00,0,0,20,,"DN25, PN20, BSPP, IP20",Grup: Field Devices | Menşei: CN | Durum: Active,true
VS92C15PP,"DN15, PN20, BSPP, IP20",Valve & Actuator Assemblies,Honeywell,VS92C15PP,adet,USDTRY,45.63,0,0,20,,"DN15, PN20, BSPP, IP20",Grup: Field Devices | Alt kategori: valve actuator assembly | Menşei: CN | Durum: Active,true
VS92C15PT,"DN15, PN20, BSPT, IP20",Genel,Honeywell,VS92C15PT,adet,USDTRY,46.67,0,0,20,,"DN15, PN20, BSPT, IP20",Grup: Field Devices | Menşei: CN | Durum: New,true
VS92C20PP,"DN20, PN20, BSPP, IP20",Valve & Actuator Assemblies,Honeywell,VS92C20PP,adet,USDTRY,48.74,0,0,20,,"DN20, PN20, BSPP, IP20",Grup: Field Devices | Alt kategori: valve actuator assembly | Menşei: CN | Durum: Active,true
VS92C20PT,"DN20, PN20, BSPT, IP20",Genel,Honeywell,VS92C20PT,adet,USDTRY,48.74,0,0,20,,"DN20, PN20, BSPT, IP20",Grup: Field Devices | Menşei: CN | Durum: Active,true
VS92C25PP,"DN25, PN20, BSPP, IP20",Valve & Actuator Assemblies,Honeywell,VS92C25PP,adet,USDTRY,55.00,0,0,20,,"DN25, PN20, BSPP, IP20",Grup: Field Devices | Alt kategori: valve actuator assembly | Menşei: CN | Durum: Active,true
VS92C25PT,"DN25, PN20, BSPT, IP20",Genel,Honeywell,VS92C25PT,adet,USDTRY,56.00,0,0,20,,"DN25, PN20, BSPT, IP20",Grup: Field Devices | Menşei: CN | Durum: Active,true
VS93C15PP,"DN15, PN20, BSPP, IP20",Genel,Honeywell,VS93C15PP,adet,USDTRY,48.74,0,0,20,,"DN15, PN20, BSPP, IP20",Grup: Field Devices | Menşei: CN | Durum: Active,true
VS93C20PP,"DN20, PN20, BSPP, IP20",Valve & Actuator Assemblies,Honeywell,VS93C20PP,adet,USDTRY,55.00,0,0,20,,"DN20, PN20, BSPP, IP20",Grup: Field Devices | Alt kategori: valve actuator assembly | Menşei: MX | Durum: Active,true
VS93C20PT,"DN20, PN20, BSPT, IP20",Valve & Actuator Assemblies,Honeywell,VS93C20PT,adet,USDTRY,56.00,0,0,20,,"DN20, PN20, BSPT, IP20",Grup: Field Devices | Alt kategori: valve actuator assembly | Menşei: CN | Durum: Active,true
VS93C25PP,"DN25, PN20, BSPP, IP20",Valve & Actuator Assemblies,Honeywell,VS93C25PP,adet,USDTRY,60.15,0,0,20,,"DN25, PN20, BSPP, IP20",Grup: Field Devices | Alt kategori: valve actuator assembly | Menşei: CN | Durum: Active,true
VSHB16F-050,"STATIC BALANCING VALVE, PN16 DN50",Valves,Honeywell,VSHB16F-050,adet,USDTRY,570.35,0,0,20,,"STATIC BALANCING VALVE, PN16 DN50",Grup: Field Devices | Alt kategori: Manual valves | Menşei: CN | Durum: Active,true
VSHB16F-065,"STATIC BALANCING VALVE, PN16 DN65",Valves,Honeywell,VSHB16F-065,adet,USDTRY,570.35,0,0,20,,"STATIC BALANCING VALVE, PN16 DN65",Grup: Field Devices | Alt kategori: Manual valves | Menşei: CN | Durum: Active,true
VSHB16F-080,"STATIC BALANCING VALVE, PN16 DN80",Valves,Honeywell,VSHB16F-080,adet,USDTRY,694.79,0,0,20,,"STATIC BALANCING VALVE, PN16 DN80",Grup: Field Devices | Alt kategori: Manual valves | Menşei: CN | Durum: Active,true
VSHB16F-100,"STATIC BALANCING VALVE, PN16 DN100",Valves,Honeywell,VSHB16F-100,adet,USDTRY,933.30,0,0,20,,"STATIC BALANCING VALVE, PN16 DN100",Grup: Field Devices | Alt kategori: Valves Miscellaneous | Menşei: CN | Durum: Active,true
VSHB16F-125,"STATIC BALANCING VALVE, PN16 DN125",Valves,Honeywell,VSHB16F-125,adet,USDTRY,1451.80,0,0,20,,"STATIC BALANCING VALVE, PN16 DN125",Grup: Field Devices | Alt kategori: Manual valves | Menşei: CN | Durum: Active,true
VSHB16F-150,"STATIC BALANCING VALVE, PN16 DN150",Valves,Honeywell,VSHB16F-150,adet,USDTRY,1860.00,0,0,20,,"STATIC BALANCING VALVE, PN16 DN150",Grup: Field Devices | Alt kategori: Manual valves | Menşei: CN | Durum: Active,true
VSHB16F-200,"STATIC BALANCING VALVE, PN16 DN200",Valves,Honeywell,VSHB16F-200,adet,USDTRY,3175.00,0,0,20,,"STATIC BALANCING VALVE, PN16 DN200",Grup: Field Devices | Alt kategori: Manual valves | Menşei: CN | Durum: Active,true
VSHB16F-250,"STATIC BALANCING VALVE, PN16 DN250",Genel,Honeywell,VSHB16F-250,adet,USDTRY,5003.52,0,0,20,,"STATIC BALANCING VALVE, PN16 DN250",Grup: Field Devices | Menşei: CN | Durum: Active,true
VSHB16F-350,"STATIC BALANCING VALVE, PN16 DN350",Genel,Honeywell,VSHB16F-350,adet,USDTRY,14518.00,0,0,20,,"STATIC BALANCING VALVE, PN16 DN350",Grup: Field Devices | Menşei: CN | Durum: Active,true
VSHB-HW01,"Handwheel for thread VSHB, DN15-DN50",Genel,Honeywell,VSHB-HW01,adet,USDTRY,25.67,0,0,20,,"Handwheel for thread VSHB, DN15-DN50",Grup: Field Devices | Menşei: CN | Durum: Active,true
VSHB-HW03,"Handwheel for flange VSHB, DN200-DN500",Genel,Honeywell,VSHB-HW03,adet,USDTRY,305.91,0,0,20,,"Handwheel for flange VSHB, DN200-DN500",Grup: Field Devices | Menşei: CN | Durum: Active,true
VSMF-215-0.16,2WAY PN16 DN15 KVS0.16 MOD,Valves,Honeywell,VSMF-215-0.16,adet,USDTRY,58.07,0,0,20,,2WAY PN16 DN15 KVS0.16 MOD,Grup: Field Devices | Alt kategori: Linear Valves | Menşei: DE | Durum: Active,true
VSMF-215-0.25,2WAY PN16 DN15 KVS0.25 MOD,Genel,Honeywell,VSMF-215-0.25,adet,USDTRY,58.07,0,0,20,,2WAY PN16 DN15 KVS0.25 MOD,Grup: Field Devices | Menşei: DE | Durum: Active,true
VSMF-215-0.4,2WAY PN16 DN15 KVS0.4 MOD,Genel,Honeywell,VSMF-215-0.4,adet,USDTRY,58.07,0,0,20,,2WAY PN16 DN15 KVS0.4 MOD,Grup: Field Devices | Menşei: DE | Durum: Active,true
VSMF-215-0.63,2WAY PN16 DN15 KVS0.63 MOD,Genel,Honeywell,VSMF-215-0.63,adet,USDTRY,58.07,0,0,20,,2WAY PN16 DN15 KVS0.63 MOD,Grup: Field Devices | Menşei: DE | Durum: Active,true
VSMF-215-1.0,2WAY PN16 DN15 KVS1.0 MOD,Genel,Honeywell,VSMF-215-1.0,adet,USDTRY,58.07,0,0,20,,2WAY PN16 DN15 KVS1.0 MOD,Grup: Field Devices | Menşei: DE | Durum: Active,true
VSMF-215-1.6,2WAY PN16 DN15 KVS1.6 MOD,Valves,Honeywell,VSMF-215-1.6,adet,USDTRY,56.00,0,0,20,,2WAY PN16 DN15 KVS1.6 MOD,Grup: Field Devices | Alt kategori: Linear Valves | Menşei: DE | Durum: Active,true
VSMF-215-2.5,2WAY PN16 DN15 KVS2.5 MOD,Valves,Honeywell,VSMF-215-2.5,adet,USDTRY,57.04,0,0,20,,2WAY PN16 DN15 KVS2.5 MOD,Grup: Field Devices | Alt kategori: Linear Valves | Menşei: DE | Durum: Active,true
VSMF-220-2.5,2WAY PN16 DN20 KVS2.5 MOD,Valves,Honeywell,VSMF-220-2.5,adet,USDTRY,95.40,0,0,20,,2WAY PN16 DN20 KVS2.5 MOD,Grup: Field Devices | Alt kategori: Linear Valves | Menşei: DE | Durum: Active,true
VSMF-220-4.0,2WAY PN16 DN20 KVS4.0 MOD,Valves,Honeywell,VSMF-220-4.0,adet,USDTRY,89.18,0,0,20,,2WAY PN16 DN20 KVS4.0 MOD,Grup: Field Devices | Alt kategori: Linear Valves | Menşei: DE | Durum: Active,true
VSMF-225-6.3P,2WAY PN16 DN25 KVS6.3 MOD,Valves,Honeywell,VSMF-225-6.3P,adet,USDTRY,185.62,0,0,20,,2WAY PN16 DN25 KVS6.3 MOD,Grup: Field Devices | Alt kategori: Linear Valves | Menşei: DE | Durum: Active,true
VSMF-225-8.0P,2WAY PN16 DN25 KVS8.0 MOD,Valves,Honeywell,VSMF-225-8.0P,adet,USDTRY,182.51,0,0,20,,2WAY PN16 DN25 KVS8.0 MOD,Grup: Field Devices | Alt kategori: Linear Valves | Menşei: DE | Durum: Active,true
VSMF-315-0.25,3WAY PN16 DN15 KVS0.25 MOD,Genel,Honeywell,VSMF-315-0.25,adet,USDTRY,92.29,0,0,20,,3WAY PN16 DN15 KVS0.25 MOD,Grup: Field Devices | Menşei: DE | Durum: Active,true
VSMF-315-0.4,3WAY PN16 DN15 KVS0.4 MOD,Genel,Honeywell,VSMF-315-0.4,adet,USDTRY,92.29,0,0,20,,3WAY PN16 DN15 KVS0.4 MOD,Grup: Field Devices | Menşei: DE | Durum: Active,true
VSMF-315-0.63,3WAY PN16 DN15 KVS0.63 MOD,Valves,Honeywell,VSMF-315-0.63,adet,USDTRY,91.26,0,0,20,,3WAY PN16 DN15 KVS0.63 MOD,Grup: Field Devices | Alt kategori: Linear Valves | Menşei: DE | Durum: Active,true
VSMF-315-1.0,3WAY PN16 DN15 KVS1.0 MOD,Valves,Honeywell,VSMF-315-1.0,adet,USDTRY,89.18,0,0,20,,3WAY PN16 DN15 KVS1.0 MOD,Grup: Field Devices | Alt kategori: Linear Valves | Menşei: DE | Durum: Active,true
VSMF-315-1.6,3WAY PN16 DN15 KVS1.6 MOD,Valves,Honeywell,VSMF-315-1.6,adet,USDTRY,91.26,0,0,20,,3WAY PN16 DN15 KVS1.6 MOD,Grup: Field Devices | Alt kategori: Linear Valves | Menşei: DE | Durum: Active,true
VSMF-315-2.5,3WAY PN16 DN15 KVS2.5 MOD,Valves,Honeywell,VSMF-315-2.5,adet,USDTRY,89.18,0,0,20,,3WAY PN16 DN15 KVS2.5 MOD,Grup: Field Devices | Alt kategori: Linear Valves | Menşei: DE | Durum: Active,true
VSMF-320-2.5,3WAY PN16 DN20 KVS2.5 MOD,Genel,Honeywell,VSMF-320-2.5,adet,USDTRY,126.51,0,0,20,,3WAY PN16 DN20 KVS2.5 MOD,Grup: Field Devices | Menşei: DE | Durum: Active,true
VSMF-320-4.0,3WAY PN16 DN20 KVS4.0 MOD,Valves,Honeywell,VSMF-320-4.0,adet,USDTRY,144.14,0,0,20,,3WAY PN16 DN20 KVS4.0 MOD,Grup: Field Devices | Alt kategori: Linear Valves | Menşei: DE | Durum: Active,true
VSMF-325-6.3P,3WAY PN16 DN25 KVS6.3 MOD,Valves,Honeywell,VSMF-325-6.3P,adet,USDTRY,195.99,0,0,20,,3WAY PN16 DN25 KVS6.3 MOD,Grup: Field Devices | Alt kategori: Linear Valves | Menşei: DE | Durum: Active,true
VSMF-325-8.0P,3WAY PN16 DN25 KVS8.0 MOD,Valves,Honeywell,VSMF-325-8.0P,adet,USDTRY,201.18,0,0,20,,3WAY PN16 DN25 KVS8.0 MOD,Grup: Field Devices | Alt kategori: Linear Valves | Menşei: DE | Durum: Active,true
VSMF-415-0.63,3WAY BYP PN16 DN15 KVS0.63 MOD,Valves,Honeywell,VSMF-415-0.63,adet,USDTRY,106.81,0,0,20,,3WAY BYP PN16 DN15 KVS0.63 MOD,Grup: Field Devices | Alt kategori: Linear Valves | Menşei: DE | Durum: Active,true
VSMF-415-1.0,3WAY BYP PN16 DN15 KVS1.0 MOD,Genel,Honeywell,VSMF-415-1.0,adet,USDTRY,107.85,0,0,20,,3WAY BYP PN16 DN15 KVS1.0 MOD,Grup: Field Devices | Menşei: DE | Durum: Active,true
VSMF-415-1.6,3WAY BYP PN16 DN15 KVS1.6 MOD,Genel,Honeywell,VSMF-415-1.6,adet,USDTRY,107.85,0,0,20,,3WAY BYP PN16 DN15 KVS1.6 MOD,Grup: Field Devices | Menşei: DE | Durum: Active,true
VSMF-420-2.5,3WAY BYP PN16 DN20 KVS2.5 MOD,Genel,Honeywell,VSMF-420-2.5,adet,USDTRY,166.96,0,0,20,,3WAY BYP PN16 DN20 KVS2.5 MOD,Grup: Field Devices | Menşei: DE | Durum: Active,true
VSOC-315-2.5,3WV PN16 DN15 KVS2.5 ON-OFF,Genel,Honeywell,VSOC-315-2.5,adet,USDTRY,62.22,0,0,20,,3WV PN16 DN15 KVS2.5 ON-OFF,Grup: Field Devices | Menşei: DE | Durum: Active,true
VSOC-320-2.5,3WV PN16 DN20 KVS2.5 ON-OFF,Genel,Honeywell,VSOC-320-2.5,adet,USDTRY,93.15,0,0,20,,3WV PN16 DN20 KVS2.5 ON-OFF,Grup: Field Devices | Menşei: DE | Durum: Phase Out Inprogress,false
VSOC-320-4.0,3WV PN16 DN20 KVS4.0 ON-OFF,Valves,Honeywell,VSOC-320-4.0,adet,USDTRY,102.35,0,0,20,,3WV PN16 DN20 KVS4.0 ON-OFF,Grup: Field Devices | Alt kategori: Linear Valves | Menşei: DE | Durum: Phase Out Inprogress,false
VSOF-215-1.0,2WAY PN16 DN15 KVS1.0 ON-OFF,Genel,Honeywell,VSOF-215-1.0,adet,USDTRY,40.00,0,0,20,,2WAY PN16 DN15 KVS1.0 ON-OFF,Grup: Field Devices | Menşei: DE | Durum: Active,true
VSOF-215-1.6,2WAY PN16 DN15 KVS1.6 ON-OFF,Valves,Honeywell,VSOF-215-1.6,adet,USDTRY,36.29,0,0,20,,2WAY PN16 DN15 KVS1.6 ON-OFF,Grup: Field Devices | Alt kategori: Linear Valves | Menşei: DE | Durum: Active,true
VSOF-215-2.5,2WAY PN16 DN15 KVS2.5 ON-OFF,Valves,Honeywell,VSOF-215-2.5,adet,USDTRY,35.78,0,0,20,,2WAY PN16 DN15 KVS2.5 ON-OFF,Grup: Field Devices | Alt kategori: Linear Valves | Menşei: DE | Durum: Active,true
VSOF-220-2.5,2WAY PN16 DN20 KVS2.5 ON-OFF,Valves,Honeywell,VSOF-220-2.5,adet,USDTRY,60.15,0,0,20,,2WAY PN16 DN20 KVS2.5 ON-OFF,Grup: Field Devices | Alt kategori: Linear Valves | Menşei: DE | Durum: Active,true
VSOF-220-2.5S,2WEGE PN16 DN20 KVS2.5 ON-OFF SNAP,Genel,Honeywell,VSOF-220-2.5S,adet,USDTRY,59.11,0,0,20,,2WEGE PN16 DN20 KVS2.5 ON-OFF SNAP,Grup: Field Devices | Menşei: DE | Durum: Active,true
VSOF-220-4.0,2WAY PN16 DN20 KVS4.0 ON-OFF,Valves,Honeywell,VSOF-220-4.0,adet,USDTRY,58.07,0,0,20,,2WAY PN16 DN20 KVS4.0 ON-OFF,Grup: Field Devices | Alt kategori: Linear Valves | Menşei: DE | Durum: Active,true
VSOF-220-4.0S,2WEGE PN16 DN20 KVS4.0 ON-OFF SNAP,Genel,Honeywell,VSOF-220-4.0S,adet,USDTRY,60.15,0,0,20,,2WEGE PN16 DN20 KVS4.0 ON-OFF SNAP,Grup: Field Devices | Menşei: DE | Durum: Active,true
VSOF-225-4.0P,2WAY PN16 DN25 KVS4.0 ON-OFF,Valves,Honeywell,VSOF-225-4.0P,adet,USDTRY,152.44,0,0,20,,2WAY PN16 DN25 KVS4.0 ON-OFF,Grup: Field Devices | Alt kategori: Linear Valves | Menşei: DE | Durum: Active,true
VSOF-225-5.5P,2WAY PN16 DN25 KVS5.5 ON-OFF,Genel,Honeywell,VSOF-225-5.5P,adet,USDTRY,160.73,0,0,20,,2WAY PN16 DN25 KVS5.5 ON-OFF,Grup: Field Devices | Menşei: DE | Durum: Active,true
VSOF-315-1.0,3WAY PN16 DN15 KVS1.0 ON-OFF,Valves,Honeywell,VSOF-315-1.0,adet,USDTRY,65.33,0,0,20,,3WAY PN16 DN15 KVS1.0 ON-OFF,Grup: Field Devices | Alt kategori: Linear Valves | Menşei: DE | Durum: Active,true
VSOF-315-1.6,3WAY PN16 DN15 KVS1.6 ON-OFF,Valves,Honeywell,VSOF-315-1.6,adet,USDTRY,60.15,0,0,20,,3WAY PN16 DN15 KVS1.6 ON-OFF,Grup: Field Devices | Alt kategori: Linear Valves | Menşei: DE | Durum: Active,true
VSOF-315-2.5,3WV PN16 DN15 KVS2.5 ON-OFF,Genel,Honeywell,VSOF-315-2.5,adet,USDTRY,65.33,0,0,20,,3WV PN16 DN15 KVS2.5 ON-OFF,Grup: Field Devices | Menşei: DE | Durum: Active,true
VSOF-320-2.5,3WAY PN16 DN20 KVS2.5 ON-OFF,Valves,Honeywell,VSOF-320-2.5,adet,USDTRY,89.18,0,0,20,,3WAY PN16 DN20 KVS2.5 ON-OFF,Grup: Field Devices | Alt kategori: Linear Valves | Menşei: DE | Durum: Active,true
VSOF-320-4.0,3WV PN16 DN20 KVS4.0 ON-OFF,Valves,Honeywell,VSOF-320-4.0,adet,USDTRY,89.18,0,0,20,,3WV PN16 DN20 KVS4.0 ON-OFF,Grup: Field Devices | Alt kategori: Linear Valves | Menşei: DE | Durum: Active,true
VSOF-325-4.0P,3WAY PN16 DN25 KVS4.0 ON-OFF,Genel,Honeywell,VSOF-325-4.0P,adet,USDTRY,176.29,0,0,20,,3WAY PN16 DN25 KVS4.0 ON-OFF,Grup: Field Devices | Menşei: DE | Durum: Active,true
VSOF-325-5.5P,3WAY PN16 DN25 KVS5.5 ON-OFF,Genel,Honeywell,VSOF-325-5.5P,adet,USDTRY,181.47,0,0,20,,3WAY PN16 DN25 KVS5.5 ON-OFF,Grup: Field Devices | Menşei: DE | Durum: Active,true
VSOF-415-1.0,3WV+BYP PN16 DN15 KVS1.0 ON-OFF,Genel,Honeywell,VSOF-415-1.0,adet,USDTRY,72.59,0,0,20,,3WV+BYP PN16 DN15 KVS1.0 ON-OFF,Grup: Field Devices | Menşei: DE | Durum: Active,true
VSOF-415-1.6,3WV+BYP PN16 DN15 KVS1.6 ON-OFF,Genel,Honeywell,VSOF-415-1.6,adet,USDTRY,72.59,0,0,20,,3WV+BYP PN16 DN15 KVS1.6 ON-OFF,Grup: Field Devices | Menşei: DE | Durum: Active,true
VSOF-415-2.5,3WAY+BYP PN16 DN15 KVS2.5 ON-OFF,Genel,Honeywell,VSOF-415-2.5,adet,USDTRY,75.00,0,0,20,,3WAY+BYP PN16 DN15 KVS2.5 ON-OFF,Grup: Field Devices | Menşei: DE | Durum: Active,true
VSOF-420-2.5,3WAY+BYP PN16 DN20 KVS2.5 ON-OFF,Genel,Honeywell,VSOF-420-2.5,adet,USDTRY,92.29,0,0,20,,3WAY+BYP PN16 DN20 KVS2.5 ON-OFF,Grup: Field Devices | Menşei: DE | Durum: Active,true
VSOF-420-4.0,3WAY+BYP PN16 DN20 KVS4.0 ON-OFF,Genel,Honeywell,VSOF-420-4.0,adet,USDTRY,92.29,0,0,20,,3WAY+BYP PN16 DN20 KVS4.0 ON-OFF,Grup: Field Devices | Menşei: DE | Durum: Active,true
VSOF-425-4.0P,3WV+BYP PN16 DN25 KVS4.0 ON-OFF,Genel,Honeywell,VSOF-425-4.0P,adet,USDTRY,190.81,0,0,20,,3WV+BYP PN16 DN25 KVS4.0 ON-OFF,Grup: Field Devices | Menşei: DE | Durum: Active,true
WB150,"sRASS IMMERSION WELL, 150MM",Sensors and Wall Modules,Honeywell,WB150,adet,USDTRY,53.00,0,0,20,,"sRASS IMMERSION WELL, 150MM",Grup: Field Devices | Alt kategori: Equipment Sensors | Menşei: DE | Durum: Active,true
WB300,"BRASS IMMERSION WELL, 300MM",Sensors and Wall Modules,Honeywell,WB300,adet,USDTRY,55.00,0,0,20,,"BRASS IMMERSION WELL, 300MM",Grup: Field Devices | Alt kategori: Equipment Sensors | Menşei: DE | Durum: Active,true
WB50,"BRASS IMMERSION WELL, 50MM",Sensors and Wall Modules,Honeywell,WB50,adet,USDTRY,35.26,0,0,20,,"BRASS IMMERSION WELL, 50MM",Grup: Field Devices | Alt kategori: Equipment Sensors | Menşei: DE | Durum: Active,true
WEB-VA00IB24NM,"IP VAV CONTROLLER; 0 UIO, 0 SSR, BLE",Unitary Controllers,Honeywell,WEB-VA00IB24NM,adet,USDTRY,560.00,0,0,20,,"IP VAV CONTROLLER; 0 UIO, 0 SSR, BLE","Grup: Field Devices | Alt kategori: VAV w/ Actuator | Menşei: MX | Durum: Active,Approval Reqr",true
WFS-8001-H,"Water Flow Switch, PN10",Sensors and Wall Modules,Honeywell,WFS-8001-H,adet,USDTRY,85.03,0,0,20,,"Water Flow Switch, PN10",Grup: Field Devices | Alt kategori: Sensors Miscellaneous | Menşei: CN | Durum: Active,true
WFS-8002-H,"WATER FLOW SWITCH, PN20",Sensors and Wall Modules,Honeywell,WFS-8002-H,adet,USDTRY,97.48,0,0,20,,"WATER FLOW SWITCH, PN20",Grup: Field Devices | Alt kategori: Sensors Miscellaneous | Menşei: CN | Durum: Active,true
WPS38-1,2X4 ADAPTOR WALL PLATE FOR WS8 SERIES,Thermostats,Honeywell,WPS38-1,adet,USDTRY,16.85,0,0,20,,2X4 ADAPTOR WALL PLATE FOR WS8 SERIES,Grup: Field Devices | Alt kategori: Thermostat Accessories | Menşei: CN | Durum: Active,true
WS150,"STAINLESS STEEL IMMERSION WELL, 150MM",Sensors and Wall Modules,Honeywell,WS150,adet,USDTRY,64.29,0,0,20,,"STAINLESS STEEL IMMERSION WELL, 150MM",Grup: Field Devices | Alt kategori: Equipment Sensors | Menşei: DE | Durum: Active,true
WS300,"STAINLESS STEEL IMMERSION WELL, 300MM",Sensors and Wall Modules,Honeywell,WS300,adet,USDTRY,93.33,0,0,20,,"STAINLESS STEEL IMMERSION WELL, 300MM",Grup: Field Devices | Alt kategori: Equipment Sensors | Menşei: DE | Durum: Active,true
WS50,"STAINLESS STEEL IMMERSION WELL, 50MM",Sensors and Wall Modules,Honeywell,WS50,adet,USDTRY,58.07,0,0,20,,"STAINLESS STEEL IMMERSION WELL, 50MM",Grup: Field Devices | Alt kategori: Equipment Sensors | Menşei: DE | Durum: Active,true
YS-SLF4-PN16-0065,"Y-strainer, PN16, DN65 Cast Iron Body",Valves,Honeywell,YS-SLF4-PN16-0065,adet,USDTRY,122.37,0,0,20,,"Y-strainer, PN16, DN65 Cast Iron Body",Grup: Field Devices | Alt kategori: Manual valves | Menşei: IN | Durum: Not for sale,false
YS-SLF4-PN16-0100,"Y-strainer, PN16, DN100, Cast Iron Body",Valves,Honeywell,YS-SLF4-PN16-0100,adet,USDTRY,257.18,0,0,20,,"Y-strainer, PN16, DN100, Cast Iron Body",Grup: Field Devices | Alt kategori: Manual valves | Menşei: IN | Durum: Not for sale,false
TC500A-N,"COMMERCIAL TSTAT, WIRELS -CA,MX,US, RTU,",Thermostats,Honeywell,TC500A-N,adet,USDTRY,1080.47,0,0,20,,"COMMERCIAL TSTAT, WIRELS -CA,MX,US, RTU,",Grup: Field Devices | Alt kategori: Digital Touchscreen Thermostats | Menşei: MX | Durum: Active,true
